elapsed_band_index,elapsed_band,u_shape_phase,calendar_band_index,calendar_band,event_number_cat,org_size,org_size_score,org_size_unknown,employee_size,turnover_size,sector_proxy,entity_kind_group,prior_records_band,events,exposure_days
0,0-90,immediate,0,2012-2018,1,HUGE,4.0,0,very_large,unknown,finance,organisation,10k-100k,0,90
0,0-90,immediate,0,2012-2018,1,HUGE,4.0,0,very_large,unknown,government,government_body,1k-10k,0,90
0,0-90,immediate,0,2012-2018,1,HUGE,4.0,0,very_large,unknown,government,organisation,10k-100k,0,90
0,0-90,immediate,0,2012-2018,1,HUGE,4.0,0,very_large,unknown,government,organisation,1k-10k,0,90
0,0-90,immediate,0,2012-2018,1,HUGE,4.0,0,very_large,unknown,other,organisation,1k-10k,0,90
0,0-90,immediate,0,2012-2018,1,HUGE,4.0,0,very_large,unknown,other,organisation,unknown,0,180
0,0-90,immediate,0,2012-2018,1,HUGE,4.0,0,very_large,unknown,retail,organisation,100k+,0,122
0,0-90,immediate,0,2012-2018,1,HUGE,4.0,0,very_large,unknown,technology,organisation,100k+,0,270
0,0-90,immediate,0,2012-2018,1,HUGE,4.0,0,very_large,unknown,technology,organisation,unknown,0,90
0,0-90,immediate,0,2012-2018,1,HUGE,4.0,0,very_large,unknown,telecom_transport,organisation,10k-100k,0,90
0,0-90,immediate,0,2012-2018,1,LARGE,3.0,0,unknown,unknown,education,organisation,10k-100k,0,90
0,0-90,immediate,0,2012-2018,1,LARGE,3.0,0,very_large,unknown,education,organisation,1k-10k,0,90
0,0-90,immediate,0,2012-2018,1,LARGE,3.0,0,very_large,unknown,education,organisation,unknown,0,90
0,0-90,immediate,0,2012-2018,1,MEDIUM,2.0,0,small,unknown,finance,organisation,<1k,0,90
0,0-90,immediate,0,2012-2018,1,SMALL,1.0,0,small,unknown,government,organisation,10k-100k,0,90
0,0-90,immediate,0,2012-2018,1,SMALL,1.0,0,small,unknown,industrial,organisation,100k+,0,90
0,0-90,immediate,1,2019-2021,1,HUGE,4.0,0,unknown,unknown,government,organisation,unknown,0,90
0,0-90,immediate,1,2019-2021,1,HUGE,4.0,0,very_large,unknown,education,organisation,unknown,0,90
0,0-90,immediate,1,2019-2021,1,HUGE,4.0,0,very_large,unknown,finance,organisation,10k-100k,0,270
0,0-90,immediate,1,2019-2021,1,HUGE,4.0,0,very_large,unknown,government,government_body,10k-100k,0,151
0,0-90,immediate,1,2019-2021,1,HUGE,4.0,0,very_large,unknown,government,government_body,unknown,0,61
0,0-90,immediate,1,2019-2021,1,HUGE,4.0,0,very_large,unknown,government,organisation,10k-100k,0,188
0,0-90,immediate,1,2019-2021,1,HUGE,4.0,0,very_large,unknown,government,organisation,1k-10k,0,90
0,0-90,immediate,1,2019-2021,1,HUGE,4.0,0,very_large,unknown,government,organisation,unknown,0,450
0,0-90,immediate,1,2019-2021,1,HUGE,4.0,0,very_large,unknown,health,organisation,10k-100k,0,90
0,0-90,immediate,1,2019-2021,1,HUGE,4.0,0,very_large,unknown,health,organisation,1k-10k,0,90
0,0-90,immediate,1,2019-2021,1,HUGE,4.0,0,very_large,unknown,health,organisation,unknown,0,90
0,0-90,immediate,1,2019-2021,1,HUGE,4.0,0,very_large,unknown,media,organisation,unknown,0,180
0,0-90,immediate,1,2019-2021,1,HUGE,4.0,0,very_large,unknown,other,organisation,100k+,0,90
0,0-90,immediate,1,2019-2021,1,HUGE,4.0,0,very_large,unknown,other,organisation,10k-100k,0,90
0,0-90,immediate,1,2019-2021,1,HUGE,4.0,0,very_large,unknown,other,organisation,1k-10k,0,90
0,0-90,immediate,1,2019-2021,1,HUGE,4.0,0,very_large,unknown,other,organisation,unknown,0,900
0,0-90,immediate,1,2019-2021,1,HUGE,4.0,0,very_large,unknown,retail,organisation,100k+,0,58
0,0-90,immediate,1,2019-2021,1,HUGE,4.0,0,very_large,unknown,retail,organisation,unknown,0,90
0,0-90,immediate,1,2019-2021,1,HUGE,4.0,0,very_large,unknown,technology,organisation,100k+,0,717
0,0-90,immediate,1,2019-2021,1,HUGE,4.0,0,very_large,unknown,technology,organisation,10k-100k,0,90
0,0-90,immediate,1,2019-2021,1,HUGE,4.0,0,very_large,unknown,technology,organisation,1k-10k,0,90
0,0-90,immediate,1,2019-2021,1,HUGE,4.0,0,very_large,unknown,technology,organisation,unknown,0,180
0,0-90,immediate,1,2019-2021,1,HUGE,4.0,0,very_large,unknown,telecom_transport,organisation,100k+,0,90
0,0-90,immediate,1,2019-2021,1,LARGE,3.0,0,large,unknown,government,organisation,unknown,0,180
0,0-90,immediate,1,2019-2021,1,LARGE,3.0,0,large,unknown,industrial,organisation,unknown,0,125
0,0-90,immediate,1,2019-2021,1,LARGE,3.0,0,large,unknown,other,organisation,unknown,0,360
0,0-90,immediate,1,2019-2021,1,LARGE,3.0,0,large,unknown,technology,organisation,100k+,0,90
0,0-90,immediate,1,2019-2021,1,LARGE,3.0,0,large,unknown,technology,organisation,unknown,0,90
0,0-90,immediate,1,2019-2021,1,LARGE,3.0,0,medium,unknown,other,organisation,100k+,0,90
0,0-90,immediate,1,2019-2021,1,LARGE,3.0,0,medium,unknown,other,organisation,unknown,0,90
0,0-90,immediate,1,2019-2021,1,LARGE,3.0,0,very_large,unknown,education,organisation,10k-100k,0,270
0,0-90,immediate,1,2019-2021,1,LARGE,3.0,0,very_large,unknown,government,government_body,1k-10k,0,90
0,0-90,immediate,1,2019-2021,1,LARGE,3.0,0,very_large,unknown,government,government_body,<1k,0,90
0,0-90,immediate,1,2019-2021,1,LARGE,3.0,0,very_large,unknown,government,government_body,unknown,0,90
0,0-90,immediate,1,2019-2021,1,LARGE,3.0,0,very_large,unknown,government,organisation,100k+,1,23
0,0-90,immediate,1,2019-2021,1,LARGE,3.0,0,very_large,unknown,government,organisation,unknown,0,90
0,0-90,immediate,1,2019-2021,1,LARGE,3.0,0,very_large,unknown,government,other_or_unknown,unknown,0,90
0,0-90,immediate,1,2019-2021,1,LARGE,3.0,0,very_large,unknown,health,organisation,10k-100k,0,90
0,0-90,immediate,1,2019-2021,1,LARGE,3.0,0,very_large,unknown,industrial,organisation,unknown,0,90
0,0-90,immediate,1,2019-2021,1,LARGE,3.0,0,very_large,unknown,media,organisation,unknown,0,90
0,0-90,immediate,1,2019-2021,1,LARGE,3.0,0,very_large,unknown,media,other_or_unknown,unknown,0,90
0,0-90,immediate,1,2019-2021,1,LARGE,3.0,0,very_large,unknown,other,organisation,unknown,0,180
0,0-90,immediate,1,2019-2021,1,LARGE,3.0,0,very_large,unknown,retail,organisation,unknown,0,90
0,0-90,immediate,1,2019-2021,1,LARGE,3.0,0,very_large,unknown,technology,organisation,100k+,0,270
0,0-90,immediate,1,2019-2021,1,LARGE,3.0,0,very_large,unknown,technology,organisation,unknown,0,180
0,0-90,immediate,1,2019-2021,1,LARGE,3.0,0,very_large,unknown,telecom_transport,organisation,<1k,0,90
0,0-90,immediate,1,2019-2021,1,MEDIUM,2.0,0,medium,unknown,finance,organisation,100k+,0,90
0,0-90,immediate,1,2019-2021,1,MEDIUM,2.0,0,medium,unknown,government,government_body,unknown,0,90
0,0-90,immediate,1,2019-2021,1,MEDIUM,2.0,0,medium,unknown,government,organisation,10k-100k,0,43
0,0-90,immediate,1,2019-2021,1,MEDIUM,2.0,0,medium,unknown,health,organisation,unknown,0,90
0,0-90,immediate,1,2019-2021,1,MEDIUM,2.0,0,medium,unknown,other,organisation,<1k,0,90
0,0-90,immediate,1,2019-2021,1,MEDIUM,2.0,0,medium,unknown,other,organisation,unknown,0,360
0,0-90,immediate,1,2019-2021,1,MEDIUM,2.0,0,medium,unknown,retail,organisation,unknown,0,90
0,0-90,immediate,1,2019-2021,1,MEDIUM,2.0,0,medium,unknown,technology,organisation,100k+,0,180
0,0-90,immediate,1,2019-2021,1,MEDIUM,2.0,0,medium,unknown,technology,organisation,unknown,0,90
0,0-90,immediate,1,2019-2021,1,MEDIUM,2.0,0,small,unknown,other,organisation,<1k,0,90
0,0-90,immediate,1,2019-2021,1,MEDIUM,2.0,0,small,unknown,other,organisation,unknown,0,90
0,0-90,immediate,1,2019-2021,1,MEDIUM,2.0,0,small,unknown,technology,organisation,unknown,0,90
0,0-90,immediate,1,2019-2021,1,SMALL,1.0,0,small,unknown,finance,organisation,unknown,0,90
0,0-90,immediate,1,2019-2021,1,SMALL,1.0,0,small,unknown,health,organisation,10k-100k,0,90
0,0-90,immediate,1,2019-2021,1,SMALL,1.0,0,small,unknown,health,organisation,unknown,0,180
0,0-90,immediate,1,2019-2021,1,SMALL,1.0,0,small,unknown,other,organisation,10k-100k,0,90
0,0-90,immediate,1,2019-2021,1,SMALL,1.0,0,small,unknown,technology,organisation,100k+,0,540
0,0-90,immediate,1,2019-2021,1,SMALL,1.0,0,unknown,unknown,technology,organisation,<1k,0,90
0,0-90,immediate,1,2019-2021,1,UNKNOWN,2.8546875,1,unknown,unknown,education,other_or_unknown,unknown,0,90
0,0-90,immediate,1,2019-2021,1,UNKNOWN,2.8546875,1,unknown,unknown,finance,organisation,100k+,0,90
0,0-90,immediate,1,2019-2021,1,UNKNOWN,2.8546875,1,unknown,unknown,finance,organisation,10k-100k,0,90
0,0-90,immediate,1,2019-2021,1,UNKNOWN,2.8546875,1,unknown,unknown,finance,organisation,<1k,0,90
0,0-90,immediate,1,2019-2021,1,UNKNOWN,2.8546875,1,unknown,unknown,government,government_body,unknown,0,90
0,0-90,immediate,1,2019-2021,1,UNKNOWN,2.8546875,1,unknown,unknown,health,organisation,10k-100k,0,90
0,0-90,immediate,1,2019-2021,1,UNKNOWN,2.8546875,1,unknown,unknown,health,organisation,unknown,0,90
0,0-90,immediate,1,2019-2021,1,UNKNOWN,2.8546875,1,unknown,unknown,media,organisation,100k+,0,90
0,0-90,immediate,1,2019-2021,1,UNKNOWN,2.8546875,1,unknown,unknown,other,organisation,unknown,0,90
0,0-90,immediate,1,2019-2021,1,UNKNOWN,2.8546875,1,unknown,unknown,technology,organisation,100k+,0,180
0,0-90,immediate,1,2019-2021,1,UNKNOWN,2.8546875,1,unknown,unknown,technology,organisation,1k-10k,0,90
0,0-90,immediate,1,2019-2021,1,UNKNOWN,2.8546875,1,unknown,unknown,technology,other_or_unknown,100k+,0,211
0,0-90,immediate,1,2019-2021,2,HUGE,4.0,0,very_large,unknown,finance,organisation,10k-100k,0,180
0,0-90,immediate,1,2019-2021,2,HUGE,4.0,0,very_large,unknown,government,government_body,unknown,0,90
0,0-90,immediate,1,2019-2021,2,HUGE,4.0,0,very_large,unknown,government,organisation,1k-10k,0,90
0,0-90,immediate,1,2019-2021,2,HUGE,4.0,0,very_large,unknown,telecom_transport,organisation,100k+,0,90
0,0-90,immediate,1,2019-2021,2,LARGE,3.0,0,unknown,unknown,education,organisation,1k-10k,0,31
0,0-90,immediate,1,2019-2021,2,LARGE,3.0,0,very_large,unknown,education,organisation,100k+,0,270
0,0-90,immediate,1,2019-2021,2,LARGE,3.0,0,very_large,unknown,government,government_body,unknown,0,90
0,0-90,immediate,1,2019-2021,2,LARGE,3.0,0,very_large,unknown,government,organisation,unknown,0,90
0,0-90,immediate,1,2019-2021,2,MEDIUM,2.0,0,small,unknown,technology,organisation,unknown,0,90
0,0-90,immediate,1,2019-2021,2,UNKNOWN,2.8546875,1,unknown,unknown,government,government_body,unknown,0,90
0,0-90,immediate,1,2019-2021,3+,LARGE,3.0,0,very_large,unknown,education,organisation,1k-10k,0,90
0,0-90,immediate,1,2019-2021,3+,UNKNOWN,2.8546875,1,unknown,unknown,government,government_body,unknown,0,90
0,0-90,immediate,2,2022-2023,1,HUGE,4.0,0,unknown,unknown,government,government_body,1k-10k,0,90
0,0-90,immediate,2,2022-2023,1,HUGE,4.0,0,unknown,unknown,industrial,organisation,<1k,0,90
0,0-90,immediate,2,2022-2023,1,HUGE,4.0,0,very_large,unknown,education,organisation,10k-100k,0,90
0,0-90,immediate,2,2022-2023,1,HUGE,4.0,0,very_large,unknown,government,government_body,100k+,0,180
0,0-90,immediate,2,2022-2023,1,HUGE,4.0,0,very_large,unknown,government,government_body,10k-100k,0,119
0,0-90,immediate,2,2022-2023,1,HUGE,4.0,0,very_large,unknown,government,government_body,1k-10k,0,90
0,0-90,immediate,2,2022-2023,1,HUGE,4.0,0,very_large,unknown,government,government_body,unknown,0,350
0,0-90,immediate,2,2022-2023,1,HUGE,4.0,0,very_large,unknown,government,organisation,10k-100k,0,143
0,0-90,immediate,2,2022-2023,1,HUGE,4.0,0,very_large,unknown,government,organisation,<1k,0,90
0,0-90,immediate,2,2022-2023,1,HUGE,4.0,0,very_large,unknown,government,organisation,unknown,0,180
0,0-90,immediate,2,2022-2023,1,HUGE,4.0,0,very_large,unknown,health,organisation,10k-100k,0,13
0,0-90,immediate,2,2022-2023,1,HUGE,4.0,0,very_large,unknown,health,organisation,unknown,0,90
0,0-90,immediate,2,2022-2023,1,HUGE,4.0,0,very_large,unknown,other,organisation,unknown,0,575
0,0-90,immediate,2,2022-2023,1,HUGE,4.0,0,very_large,unknown,retail,organisation,<1k,0,90
0,0-90,immediate,2,2022-2023,1,HUGE,4.0,0,very_large,unknown,technology,organisation,100k+,0,93
0,0-90,immediate,2,2022-2023,1,HUGE,4.0,0,very_large,unknown,technology,organisation,10k-100k,0,90
0,0-90,immediate,2,2022-2023,1,HUGE,4.0,0,very_large,unknown,technology,organisation,<1k,0,90
0,0-90,immediate,2,2022-2023,1,HUGE,4.0,0,very_large,unknown,technology,organisation,unknown,0,318
0,0-90,immediate,2,2022-2023,1,HUGE,4.0,0,very_large,unknown,telecom_transport,organisation,100k+,0,90
0,0-90,immediate,2,2022-2023,1,HUGE,4.0,0,very_large,unknown,telecom_transport,organisation,unknown,0,90
0,0-90,immediate,2,2022-2023,1,LARGE,3.0,0,large,unknown,education,organisation,<1k,0,90
0,0-90,immediate,2,2022-2023,1,LARGE,3.0,0,large,unknown,finance,organisation,100k+,0,90
0,0-90,immediate,2,2022-2023,1,LARGE,3.0,0,large,unknown,finance,organisation,10k-100k,0,90
0,0-90,immediate,2,2022-2023,1,LARGE,3.0,0,large,unknown,finance,organisation,<1k,0,90
0,0-90,immediate,2,2022-2023,1,LARGE,3.0,0,large,unknown,government,organisation,unknown,0,197
0,0-90,immediate,2,2022-2023,1,LARGE,3.0,0,large,unknown,health,organisation,100k+,0,90
0,0-90,immediate,2,2022-2023,1,LARGE,3.0,0,large,unknown,health,organisation,unknown,0,90
0,0-90,immediate,2,2022-2023,1,LARGE,3.0,0,large,unknown,industrial,organisation,unknown,0,55
0,0-90,immediate,2,2022-2023,1,LARGE,3.0,0,large,unknown,other,organisation,100k+,0,90
0,0-90,immediate,2,2022-2023,1,LARGE,3.0,0,large,unknown,other,organisation,10k-100k,0,90
0,0-90,immediate,2,2022-2023,1,LARGE,3.0,0,large,unknown,other,organisation,1k-10k,0,90
0,0-90,immediate,2,2022-2023,1,LARGE,3.0,0,large,unknown,other,organisation,unknown,0,331
0,0-90,immediate,2,2022-2023,1,LARGE,3.0,0,large,unknown,retail,organisation,100k+,0,90
0,0-90,immediate,2,2022-2023,1,LARGE,3.0,0,large,unknown,retail,organisation,10k-100k,0,61
0,0-90,immediate,2,2022-2023,1,LARGE,3.0,0,large,unknown,technology,organisation,10k-100k,0,1
0,0-90,immediate,2,2022-2023,1,LARGE,3.0,0,large,unknown,technology,organisation,unknown,0,31
0,0-90,immediate,2,2022-2023,1,LARGE,3.0,0,medium,unknown,education,organisation,<1k,0,90
0,0-90,immediate,2,2022-2023,1,LARGE,3.0,0,medium,unknown,other,organisation,1k-10k,0,35
0,0-90,immediate,2,2022-2023,1,LARGE,3.0,0,medium,unknown,other,organisation,unknown,0,90
0,0-90,immediate,2,2022-2023,1,LARGE,3.0,0,unknown,unknown,other,organisation,1k-10k,0,90
0,0-90,immediate,2,2022-2023,1,LARGE,3.0,0,very_large,unknown,education,organisation,10k-100k,0,90
0,0-90,immediate,2,2022-2023,1,LARGE,3.0,0,very_large,unknown,finance,organisation,10k-100k,0,90
0,0-90,immediate,2,2022-2023,1,LARGE,3.0,0,very_large,unknown,finance,organisation,unknown,0,180
0,0-90,immediate,2,2022-2023,1,LARGE,3.0,0,very_large,unknown,government,government_body,<1k,0,60
0,0-90,immediate,2,2022-2023,1,LARGE,3.0,0,very_large,unknown,government,organisation,10k-100k,0,151
0,0-90,immediate,2,2022-2023,1,LARGE,3.0,0,very_large,unknown,government,organisation,<1k,0,77
0,0-90,immediate,2,2022-2023,1,LARGE,3.0,0,very_large,unknown,government,organisation,unknown,0,301
0,0-90,immediate,2,2022-2023,1,LARGE,3.0,0,very_large,unknown,government,other_or_unknown,100k+,0,90
0,0-90,immediate,2,2022-2023,1,LARGE,3.0,0,very_large,unknown,health,organisation,100k+,0,180
0,0-90,immediate,2,2022-2023,1,LARGE,3.0,0,very_large,unknown,health,organisation,10k-100k,0,90
0,0-90,immediate,2,2022-2023,1,LARGE,3.0,0,very_large,unknown,health,organisation,<1k,0,88
0,0-90,immediate,2,2022-2023,1,LARGE,3.0,0,very_large,unknown,industrial,organisation,1k-10k,0,90
0,0-90,immediate,2,2022-2023,1,LARGE,3.0,0,very_large,unknown,media,organisation,<1k,0,90
0,0-90,immediate,2,2022-2023,1,LARGE,3.0,0,very_large,unknown,other,organisation,100k+,0,52
0,0-90,immediate,2,2022-2023,1,LARGE,3.0,0,very_large,unknown,other,organisation,unknown,0,300
0,0-90,immediate,2,2022-2023,1,LARGE,3.0,0,very_large,unknown,retail,organisation,100k+,0,90
0,0-90,immediate,2,2022-2023,1,LARGE,3.0,0,very_large,unknown,technology,organisation,1k-10k,0,90
0,0-90,immediate,2,2022-2023,1,LARGE,3.0,0,very_large,unknown,technology,organisation,unknown,0,151
0,0-90,immediate,2,2022-2023,1,LARGE,3.0,0,very_large,unknown,technology,other_or_unknown,unknown,0,90
0,0-90,immediate,2,2022-2023,1,MEDIUM,2.0,0,medium,unknown,finance,organisation,10k-100k,0,90
0,0-90,immediate,2,2022-2023,1,MEDIUM,2.0,0,medium,unknown,government,government_body,100k+,0,90
0,0-90,immediate,2,2022-2023,1,MEDIUM,2.0,0,medium,unknown,government,government_body,unknown,0,90
0,0-90,immediate,2,2022-2023,1,MEDIUM,2.0,0,medium,unknown,government,organisation,10k-100k,0,137
0,0-90,immediate,2,2022-2023,1,MEDIUM,2.0,0,medium,unknown,government,organisation,unknown,0,180
0,0-90,immediate,2,2022-2023,1,MEDIUM,2.0,0,medium,unknown,health,organisation,unknown,0,40
0,0-90,immediate,2,2022-2023,1,MEDIUM,2.0,0,medium,unknown,other,organisation,100k+,0,127
0,0-90,immediate,2,2022-2023,1,MEDIUM,2.0,0,medium,unknown,other,organisation,10k-100k,0,270
0,0-90,immediate,2,2022-2023,1,MEDIUM,2.0,0,medium,unknown,other,organisation,1k-10k,0,90
0,0-90,immediate,2,2022-2023,1,MEDIUM,2.0,0,medium,unknown,other,organisation,unknown,0,400
0,0-90,immediate,2,2022-2023,1,MEDIUM,2.0,0,medium,unknown,retail,organisation,100k+,0,90
0,0-90,immediate,2,2022-2023,1,MEDIUM,2.0,0,medium,unknown,technology,organisation,unknown,0,270
0,0-90,immediate,2,2022-2023,1,MEDIUM,2.0,0,small,unknown,finance,organisation,1k-10k,0,90
0,0-90,immediate,2,2022-2023,1,MEDIUM,2.0,0,small,unknown,government,government_body,unknown,0,90
0,0-90,immediate,2,2022-2023,1,MEDIUM,2.0,0,small,unknown,health,organisation,100k+,0,90
0,0-90,immediate,2,2022-2023,1,MEDIUM,2.0,0,small,unknown,other,organisation,10k-100k,0,90
0,0-90,immediate,2,2022-2023,1,MEDIUM,2.0,0,unknown,unknown,other,organisation,1k-10k,0,17
0,0-90,immediate,2,2022-2023,1,SMALL,1.0,0,small,unknown,health,organisation,unknown,0,20
0,0-90,immediate,2,2022-2023,1,SMALL,1.0,0,small,unknown,other,organisation,10k-100k,0,270
0,0-90,immediate,2,2022-2023,1,SMALL,1.0,0,small,unknown,other,organisation,1k-10k,0,90
0,0-90,immediate,2,2022-2023,1,SMALL,1.0,0,small,unknown,technology,organisation,10k-100k,0,90
0,0-90,immediate,2,2022-2023,1,SMALL,1.0,0,small,unknown,technology,organisation,unknown,0,90
0,0-90,immediate,2,2022-2023,1,UNKNOWN,2.8546875,1,unknown,unknown,health,organisation,100k+,0,90
0,0-90,immediate,2,2022-2023,1,UNKNOWN,2.8546875,1,unknown,unknown,health,organisation,1k-10k,0,90
0,0-90,immediate,2,2022-2023,1,UNKNOWN,2.8546875,1,unknown,unknown,health,organisation,unknown,0,90
0,0-90,immediate,2,2022-2023,1,UNKNOWN,2.8546875,1,unknown,unknown,other,organisation,1k-10k,0,90
0,0-90,immediate,2,2022-2023,1,UNKNOWN,2.8546875,1,unknown,unknown,other,organisation,unknown,0,90
0,0-90,immediate,2,2022-2023,1,UNKNOWN,2.8546875,1,unknown,unknown,technology,other_or_unknown,100k+,0,59
0,0-90,immediate,2,2022-2023,2,HUGE,4.0,0,very_large,unknown,government,government_body,1k-10k,0,90
0,0-90,immediate,2,2022-2023,2,HUGE,4.0,0,very_large,unknown,government,government_body,unknown,1,15
0,0-90,immediate,2,2022-2023,2,HUGE,4.0,0,very_large,unknown,government,organisation,100k+,0,90
0,0-90,immediate,2,2022-2023,2,HUGE,4.0,0,very_large,unknown,government,organisation,1k-10k,0,180
0,0-90,immediate,2,2022-2023,2,HUGE,4.0,0,very_large,unknown,government,organisation,<1k,0,90
0,0-90,immediate,2,2022-2023,2,HUGE,4.0,0,very_large,unknown,technology,organisation,100k+,0,90
0,0-90,immediate,2,2022-2023,2,HUGE,4.0,0,very_large,unknown,technology,organisation,unknown,0,180
0,0-90,immediate,2,2022-2023,2,HUGE,4.0,0,very_large,unknown,telecom_transport,organisation,100k+,0,90
0,0-90,immediate,2,2022-2023,2,LARGE,3.0,0,large,unknown,government,organisation,unknown,0,90
0,0-90,immediate,2,2022-2023,2,LARGE,3.0,0,unknown,unknown,education,organisation,1k-10k,0,59
0,0-90,immediate,2,2022-2023,2,LARGE,3.0,0,very_large,unknown,education,organisation,1k-10k,0,90
0,0-90,immediate,2,2022-2023,3+,HUGE,4.0,0,very_large,unknown,finance,organisation,unknown,0,61
0,0-90,immediate,2,2022-2023,3+,HUGE,4.0,0,very_large,unknown,government,government_body,unknown,0,90
0,0-90,immediate,2,2022-2023,3+,HUGE,4.0,0,very_large,unknown,telecom_transport,organisation,100k+,1,86
0,0-90,immediate,2,2022-2023,3+,HUGE,4.0,0,very_large,unknown,telecom_transport,organisation,10k-100k,0,90
0,0-90,immediate,2,2022-2023,3+,LARGE,3.0,0,very_large,unknown,education,organisation,1k-10k,0,90
0,0-90,immediate,2,2022-2023,3+,LARGE,3.0,0,very_large,unknown,education,organisation,unknown,1,121
0,0-90,immediate,2,2022-2023,3+,LARGE,3.0,0,very_large,unknown,government,government_body,unknown,0,17
0,0-90,immediate,2,2022-2023,3+,UNKNOWN,2.8546875,1,unknown,unknown,government,government_body,1k-10k,0,90
0,0-90,immediate,2,2022-2023,3+,UNKNOWN,2.8546875,1,unknown,unknown,government,government_body,unknown,0,90
0,0-90,immediate,3,2024-2026,1,HUGE,4.0,0,unknown,unknown,government,organisation,unknown,0,90
0,0-90,immediate,3,2024-2026,1,HUGE,4.0,0,unknown,unknown,other,organisation,10k-100k,0,90
0,0-90,immediate,3,2024-2026,1,HUGE,4.0,0,very_large,unknown,education,organisation,10k-100k,0,180
0,0-90,immediate,3,2024-2026,1,HUGE,4.0,0,very_large,unknown,finance,organisation,1k-10k,0,90
0,0-90,immediate,3,2024-2026,1,HUGE,4.0,0,very_large,unknown,finance,organisation,unknown,0,90
0,0-90,immediate,3,2024-2026,1,HUGE,4.0,0,very_large,unknown,finance,other_or_unknown,10k-100k,0,90
0,0-90,immediate,3,2024-2026,1,HUGE,4.0,0,very_large,unknown,government,government_body,1k-10k,0,90
0,0-90,immediate,3,2024-2026,1,HUGE,4.0,0,very_large,unknown,government,government_body,unknown,0,309
0,0-90,immediate,3,2024-2026,1,HUGE,4.0,0,very_large,unknown,government,organisation,100k+,0,262
0,0-90,immediate,3,2024-2026,1,HUGE,4.0,0,very_large,unknown,government,organisation,10k-100k,0,29
0,0-90,immediate,3,2024-2026,1,HUGE,4.0,0,very_large,unknown,government,organisation,unknown,0,439
0,0-90,immediate,3,2024-2026,1,HUGE,4.0,0,very_large,unknown,health,organisation,100k+,0,90
0,0-90,immediate,3,2024-2026,1,HUGE,4.0,0,very_large,unknown,health,organisation,10k-100k,0,77
0,0-90,immediate,3,2024-2026,1,HUGE,4.0,0,very_large,unknown,health,organisation,unknown,0,180
0,0-90,immediate,3,2024-2026,1,HUGE,4.0,0,very_large,unknown,industrial,organisation,100k+,0,35
0,0-90,immediate,3,2024-2026,1,HUGE,4.0,0,very_large,unknown,industrial,organisation,<1k,0,90
0,0-90,immediate,3,2024-2026,1,HUGE,4.0,0,very_large,unknown,other,organisation,100k+,0,270
0,0-90,immediate,3,2024-2026,1,HUGE,4.0,0,very_large,unknown,other,organisation,10k-100k,0,90
0,0-90,immediate,3,2024-2026,1,HUGE,4.0,0,very_large,unknown,other,organisation,1k-10k,0,180
0,0-90,immediate,3,2024-2026,1,HUGE,4.0,0,very_large,unknown,other,organisation,<1k,0,90
0,0-90,immediate,3,2024-2026,1,HUGE,4.0,0,very_large,unknown,other,organisation,unknown,0,235
0,0-90,immediate,3,2024-2026,1,HUGE,4.0,0,very_large,unknown,other,other_or_unknown,unknown,0,90
0,0-90,immediate,3,2024-2026,1,HUGE,4.0,0,very_large,unknown,retail,organisation,100k+,0,90
0,0-90,immediate,3,2024-2026,1,HUGE,4.0,0,very_large,unknown,retail,organisation,unknown,0,180
0,0-90,immediate,3,2024-2026,1,HUGE,4.0,0,very_large,unknown,technology,organisation,100k+,0,450
0,0-90,immediate,3,2024-2026,1,HUGE,4.0,0,very_large,unknown,technology,organisation,10k-100k,0,90
0,0-90,immediate,3,2024-2026,1,HUGE,4.0,0,very_large,unknown,technology,organisation,1k-10k,0,90
0,0-90,immediate,3,2024-2026,1,HUGE,4.0,0,very_large,unknown,technology,organisation,unknown,0,492
0,0-90,immediate,3,2024-2026,1,HUGE,4.0,0,very_large,unknown,telecom_transport,organisation,unknown,0,90
0,0-90,immediate,3,2024-2026,1,LARGE,3.0,0,large,unknown,education,organisation,100k+,0,90
0,0-90,immediate,3,2024-2026,1,LARGE,3.0,0,large,unknown,education,organisation,unknown,0,180
0,0-90,immediate,3,2024-2026,1,LARGE,3.0,0,large,unknown,finance,organisation,100k+,0,360
0,0-90,immediate,3,2024-2026,1,LARGE,3.0,0,large,unknown,finance,organisation,1k-10k,0,90
0,0-90,immediate,3,2024-2026,1,LARGE,3.0,0,large,unknown,finance,organisation,unknown,0,270
0,0-90,immediate,3,2024-2026,1,LARGE,3.0,0,large,unknown,government,organisation,unknown,0,253
0,0-90,immediate,3,2024-2026,1,LARGE,3.0,0,large,unknown,health,organisation,<1k,0,90
0,0-90,immediate,3,2024-2026,1,LARGE,3.0,0,large,unknown,health,organisation,unknown,0,270
0,0-90,immediate,3,2024-2026,1,LARGE,3.0,0,large,unknown,other,organisation,100k+,0,180
0,0-90,immediate,3,2024-2026,1,LARGE,3.0,0,large,unknown,other,organisation,10k-100k,0,180
0,0-90,immediate,3,2024-2026,1,LARGE,3.0,0,large,unknown,other,organisation,1k-10k,0,56
0,0-90,immediate,3,2024-2026,1,LARGE,3.0,0,large,unknown,other,organisation,<1k,0,180
0,0-90,immediate,3,2024-2026,1,LARGE,3.0,0,large,unknown,other,organisation,unknown,0,1344
0,0-90,immediate,3,2024-2026,1,LARGE,3.0,0,large,unknown,retail,organisation,100k+,0,90
0,0-90,immediate,3,2024-2026,1,LARGE,3.0,0,large,unknown,retail,organisation,10k-100k,0,29
0,0-90,immediate,3,2024-2026,1,LARGE,3.0,0,large,unknown,retail,organisation,unknown,0,90
0,0-90,immediate,3,2024-2026,1,LARGE,3.0,0,large,unknown,technology,organisation,100k+,0,180
0,0-90,immediate,3,2024-2026,1,LARGE,3.0,0,large,unknown,technology,organisation,10k-100k,0,89
0,0-90,immediate,3,2024-2026,1,LARGE,3.0,0,large,unknown,technology,organisation,1k-10k,0,90
0,0-90,immediate,3,2024-2026,1,LARGE,3.0,0,large,unknown,technology,organisation,unknown,0,485
0,0-90,immediate,3,2024-2026,1,LARGE,3.0,0,large,unknown,telecom_transport,organisation,1k-10k,0,90
0,0-90,immediate,3,2024-2026,1,LARGE,3.0,0,medium,unknown,education,organisation,unknown,0,57
0,0-90,immediate,3,2024-2026,1,LARGE,3.0,0,medium,unknown,government,organisation,1k-10k,0,90
0,0-90,immediate,3,2024-2026,1,LARGE,3.0,0,medium,unknown,government,organisation,unknown,0,90
0,0-90,immediate,3,2024-2026,1,LARGE,3.0,0,medium,unknown,health,organisation,unknown,0,90
0,0-90,immediate,3,2024-2026,1,LARGE,3.0,0,medium,unknown,other,organisation,1k-10k,0,55
0,0-90,immediate,3,2024-2026,1,LARGE,3.0,0,medium,unknown,other,organisation,unknown,0,180
0,0-90,immediate,3,2024-2026,1,LARGE,3.0,0,medium,unknown,technology,organisation,10k-100k,0,90
0,0-90,immediate,3,2024-2026,1,LARGE,3.0,0,unknown,unknown,other,organisation,100k+,0,90
0,0-90,immediate,3,2024-2026,1,LARGE,3.0,0,very_large,unknown,education,organisation,100k+,0,90
0,0-90,immediate,3,2024-2026,1,LARGE,3.0,0,very_large,unknown,education,organisation,unknown,0,90
0,0-90,immediate,3,2024-2026,1,LARGE,3.0,0,very_large,unknown,finance,organisation,100k+,0,90
0,0-90,immediate,3,2024-2026,1,LARGE,3.0,0,very_large,unknown,finance,organisation,10k-100k,0,270
0,0-90,immediate,3,2024-2026,1,LARGE,3.0,0,very_large,unknown,finance,organisation,<1k,0,90
0,0-90,immediate,3,2024-2026,1,LARGE,3.0,0,very_large,unknown,finance,organisation,unknown,0,180
0,0-90,immediate,3,2024-2026,1,LARGE,3.0,0,very_large,unknown,government,government_body,<1k,0,30
0,0-90,immediate,3,2024-2026,1,LARGE,3.0,0,very_large,unknown,government,government_body,unknown,0,340
0,0-90,immediate,3,2024-2026,1,LARGE,3.0,0,very_large,unknown,government,organisation,10k-100k,0,29
0,0-90,immediate,3,2024-2026,1,LARGE,3.0,0,very_large,unknown,government,organisation,1k-10k,0,180
0,0-90,immediate,3,2024-2026,1,LARGE,3.0,0,very_large,unknown,government,organisation,<1k,0,13
0,0-90,immediate,3,2024-2026,1,LARGE,3.0,0,very_large,unknown,government,organisation,unknown,0,239
0,0-90,immediate,3,2024-2026,1,LARGE,3.0,0,very_large,unknown,health,organisation,<1k,0,2
0,0-90,immediate,3,2024-2026,1,LARGE,3.0,0,very_large,unknown,health,organisation,unknown,0,270
0,0-90,immediate,3,2024-2026,1,LARGE,3.0,0,very_large,unknown,other,organisation,100k+,0,128
0,0-90,immediate,3,2024-2026,1,LARGE,3.0,0,very_large,unknown,other,organisation,unknown,0,1230
0,0-90,immediate,3,2024-2026,1,LARGE,3.0,0,very_large,unknown,retail,organisation,10k-100k,0,90
0,0-90,immediate,3,2024-2026,1,LARGE,3.0,0,very_large,unknown,technology,organisation,unknown,0,299
0,0-90,immediate,3,2024-2026,1,LARGE,3.0,0,very_large,unknown,telecom_transport,organisation,1k-10k,0,90
0,0-90,immediate,3,2024-2026,1,MEDIUM,2.0,0,medium,unknown,education,organisation,<1k,0,90
0,0-90,immediate,3,2024-2026,1,MEDIUM,2.0,0,medium,unknown,education,organisation,unknown,0,180
0,0-90,immediate,3,2024-2026,1,MEDIUM,2.0,0,medium,unknown,finance,organisation,100k+,0,90
0,0-90,immediate,3,2024-2026,1,MEDIUM,2.0,0,medium,unknown,finance,organisation,unknown,0,90
0,0-90,immediate,3,2024-2026,1,MEDIUM,2.0,0,medium,unknown,government,government_body,<1k,0,90
0,0-90,immediate,3,2024-2026,1,MEDIUM,2.0,0,medium,unknown,government,government_body,unknown,0,90
0,0-90,immediate,3,2024-2026,1,MEDIUM,2.0,0,medium,unknown,government,organisation,10k-100k,0,90
0,0-90,immediate,3,2024-2026,1,MEDIUM,2.0,0,medium,unknown,government,organisation,unknown,0,180
0,0-90,immediate,3,2024-2026,1,MEDIUM,2.0,0,medium,unknown,health,organisation,100k+,0,90
0,0-90,immediate,3,2024-2026,1,MEDIUM,2.0,0,medium,unknown,health,organisation,10k-100k,0,90
0,0-90,immediate,3,2024-2026,1,MEDIUM,2.0,0,medium,unknown,health,organisation,unknown,0,453
0,0-90,immediate,3,2024-2026,1,MEDIUM,2.0,0,medium,unknown,industrial,organisation,10k-100k,0,90
0,0-90,immediate,3,2024-2026,1,MEDIUM,2.0,0,medium,unknown,industrial,organisation,<1k,0,90
0,0-90,immediate,3,2024-2026,1,MEDIUM,2.0,0,medium,unknown,industrial,organisation,unknown,0,180
0,0-90,immediate,3,2024-2026,1,MEDIUM,2.0,0,medium,unknown,other,organisation,100k+,0,323
0,0-90,immediate,3,2024-2026,1,MEDIUM,2.0,0,medium,unknown,other,organisation,10k-100k,0,155
0,0-90,immediate,3,2024-2026,1,MEDIUM,2.0,0,medium,unknown,other,organisation,1k-10k,0,90
0,0-90,immediate,3,2024-2026,1,MEDIUM,2.0,0,medium,unknown,other,organisation,<1k,0,180
0,0-90,immediate,3,2024-2026,1,MEDIUM,2.0,0,medium,unknown,other,organisation,unknown,0,2162
0,0-90,immediate,3,2024-2026,1,MEDIUM,2.0,0,medium,unknown,retail,organisation,100k+,0,180
0,0-90,immediate,3,2024-2026,1,MEDIUM,2.0,0,medium,unknown,retail,organisation,unknown,0,180
0,0-90,immediate,3,2024-2026,1,MEDIUM,2.0,0,medium,unknown,technology,organisation,100k+,0,344
0,0-90,immediate,3,2024-2026,1,MEDIUM,2.0,0,medium,unknown,technology,organisation,10k-100k,0,90
0,0-90,immediate,3,2024-2026,1,MEDIUM,2.0,0,medium,unknown,technology,organisation,unknown,0,360
0,0-90,immediate,3,2024-2026,1,MEDIUM,2.0,0,small,unknown,education,organisation,unknown,0,270
0,0-90,immediate,3,2024-2026,1,MEDIUM,2.0,0,small,unknown,finance,organisation,10k-100k,0,90
0,0-90,immediate,3,2024-2026,1,MEDIUM,2.0,0,small,unknown,finance,organisation,1k-10k,0,90
0,0-90,immediate,3,2024-2026,1,MEDIUM,2.0,0,small,unknown,government,government_body,unknown,0,90
0,0-90,immediate,3,2024-2026,1,MEDIUM,2.0,0,small,unknown,government,organisation,10k-100k,0,90
0,0-90,immediate,3,2024-2026,1,MEDIUM,2.0,0,small,unknown,government,organisation,unknown,0,180
0,0-90,immediate,3,2024-2026,1,MEDIUM,2.0,0,small,unknown,health,organisation,100k+,0,90
0,0-90,immediate,3,2024-2026,1,MEDIUM,2.0,0,small,unknown,health,organisation,10k-100k,0,51
0,0-90,immediate,3,2024-2026,1,MEDIUM,2.0,0,small,unknown,health,organisation,unknown,0,270
0,0-90,immediate,3,2024-2026,1,MEDIUM,2.0,0,small,unknown,media,organisation,unknown,0,90
0,0-90,immediate,3,2024-2026,1,MEDIUM,2.0,0,small,unknown,other,organisation,100k+,0,248
0,0-90,immediate,3,2024-2026,1,MEDIUM,2.0,0,small,unknown,other,organisation,10k-100k,0,180
0,0-90,immediate,3,2024-2026,1,MEDIUM,2.0,0,small,unknown,other,organisation,1k-10k,0,180
0,0-90,immediate,3,2024-2026,1,MEDIUM,2.0,0,small,unknown,other,organisation,unknown,0,1350
0,0-90,immediate,3,2024-2026,1,MEDIUM,2.0,0,small,unknown,retail,organisation,unknown,0,90
0,0-90,immediate,3,2024-2026,1,MEDIUM,2.0,0,small,unknown,technology,organisation,100k+,0,90
0,0-90,immediate,3,2024-2026,1,MEDIUM,2.0,0,small,unknown,technology,organisation,1k-10k,0,90
0,0-90,immediate,3,2024-2026,1,MEDIUM,2.0,0,small,unknown,technology,organisation,unknown,0,264
0,0-90,immediate,3,2024-2026,1,MEDIUM,2.0,0,small,unknown,telecom_transport,organisation,unknown,0,90
0,0-90,immediate,3,2024-2026,1,MEDIUM,2.0,0,unknown,unknown,education,organisation,<1k,0,90
0,0-90,immediate,3,2024-2026,1,MEDIUM,2.0,0,unknown,unknown,other,organisation,1k-10k,0,73
0,0-90,immediate,3,2024-2026,1,MEDIUM,2.0,0,unknown,unknown,other,organisation,unknown,0,180
0,0-90,immediate,3,2024-2026,1,MEDIUM,2.0,0,unknown,unknown,retail,organisation,unknown,0,90
0,0-90,immediate,3,2024-2026,1,SMALL,1.0,0,small,unknown,finance,organisation,unknown,0,180
0,0-90,immediate,3,2024-2026,1,SMALL,1.0,0,small,unknown,health,organisation,10k-100k,0,141
0,0-90,immediate,3,2024-2026,1,SMALL,1.0,0,small,unknown,health,organisation,1k-10k,0,90
0,0-90,immediate,3,2024-2026,1,SMALL,1.0,0,small,unknown,health,organisation,<1k,0,90
0,0-90,immediate,3,2024-2026,1,SMALL,1.0,0,small,unknown,health,organisation,unknown,0,430
0,0-90,immediate,3,2024-2026,1,SMALL,1.0,0,small,unknown,industrial,organisation,unknown,0,90
0,0-90,immediate,3,2024-2026,1,SMALL,1.0,0,small,unknown,other,organisation,100k+,0,66
0,0-90,immediate,3,2024-2026,1,SMALL,1.0,0,small,unknown,other,organisation,10k-100k,0,90
0,0-90,immediate,3,2024-2026,1,SMALL,1.0,0,small,unknown,other,organisation,1k-10k,0,90
0,0-90,immediate,3,2024-2026,1,SMALL,1.0,0,small,unknown,other,organisation,<1k,0,90
0,0-90,immediate,3,2024-2026,1,SMALL,1.0,0,small,unknown,other,organisation,unknown,0,1069
0,0-90,immediate,3,2024-2026,1,SMALL,1.0,0,small,unknown,retail,organisation,unknown,0,180
0,0-90,immediate,3,2024-2026,1,SMALL,1.0,0,small,unknown,technology,organisation,100k+,0,90
0,0-90,immediate,3,2024-2026,1,SMALL,1.0,0,small,unknown,technology,organisation,<1k,0,90
0,0-90,immediate,3,2024-2026,1,SMALL,1.0,0,small,unknown,technology,organisation,unknown,0,291
0,0-90,immediate,3,2024-2026,1,SMALL,1.0,0,small,unknown,telecom_transport,organisation,10k-100k,0,90
0,0-90,immediate,3,2024-2026,1,SMALL,1.0,0,unknown,unknown,health,organisation,100k+,0,90
0,0-90,immediate,3,2024-2026,1,SMALL,1.0,0,unknown,unknown,other,organisation,100k+,0,90
0,0-90,immediate,3,2024-2026,1,SMALL,1.0,0,unknown,unknown,other,organisation,unknown,0,180
0,0-90,immediate,3,2024-2026,1,UNKNOWN,2.8546875,1,unknown,unknown,education,organisation,unknown,0,270
0,0-90,immediate,3,2024-2026,1,UNKNOWN,2.8546875,1,unknown,unknown,finance,organisation,<1k,0,90
0,0-90,immediate,3,2024-2026,1,UNKNOWN,2.8546875,1,unknown,unknown,finance,organisation,unknown,0,90
0,0-90,immediate,3,2024-2026,1,UNKNOWN,2.8546875,1,unknown,unknown,government,other_or_unknown,<1k,0,90
0,0-90,immediate,3,2024-2026,1,UNKNOWN,2.8546875,1,unknown,unknown,government,other_or_unknown,unknown,0,90
0,0-90,immediate,3,2024-2026,1,UNKNOWN,2.8546875,1,unknown,unknown,health,organisation,100k+,0,90
0,0-90,immediate,3,2024-2026,1,UNKNOWN,2.8546875,1,unknown,unknown,health,organisation,unknown,0,360
0,0-90,immediate,3,2024-2026,1,UNKNOWN,2.8546875,1,unknown,unknown,other,organisation,100k+,0,180
0,0-90,immediate,3,2024-2026,1,UNKNOWN,2.8546875,1,unknown,unknown,other,organisation,unknown,0,655
0,0-90,immediate,3,2024-2026,1,UNKNOWN,2.8546875,1,unknown,unknown,other,other_or_unknown,unknown,0,185
0,0-90,immediate,3,2024-2026,1,UNKNOWN,2.8546875,1,unknown,unknown,technology,organisation,unknown,0,90
0,0-90,immediate,3,2024-2026,1,UNKNOWN,2.8546875,1,unknown,unknown,telecom_transport,organisation,unknown,0,90
0,0-90,immediate,3,2024-2026,2,HUGE,4.0,0,unknown,unknown,government,government_body,unknown,0,43
0,0-90,immediate,3,2024-2026,2,HUGE,4.0,0,very_large,unknown,finance,organisation,10k-100k,0,180
0,0-90,immediate,3,2024-2026,2,HUGE,4.0,0,very_large,unknown,finance,organisation,unknown,0,90
0,0-90,immediate,3,2024-2026,2,HUGE,4.0,0,very_large,unknown,government,government_body,unknown,0,360
0,0-90,immediate,3,2024-2026,2,HUGE,4.0,0,very_large,unknown,health,organisation,<1k,0,90
0,0-90,immediate,3,2024-2026,2,HUGE,4.0,0,very_large,unknown,other,organisation,unknown,0,63
0,0-90,immediate,3,2024-2026,2,HUGE,4.0,0,very_large,unknown,technology,organisation,10k-100k,0,270
0,0-90,immediate,3,2024-2026,2,HUGE,4.0,0,very_large,unknown,telecom_transport,organisation,<1k,0,90
0,0-90,immediate,3,2024-2026,2,LARGE,3.0,0,large,unknown,education,organisation,unknown,0,90
0,0-90,immediate,3,2024-2026,2,LARGE,3.0,0,very_large,unknown,education,organisation,unknown,0,43
0,0-90,immediate,3,2024-2026,2,LARGE,3.0,0,very_large,unknown,finance,organisation,unknown,0,141
0,0-90,immediate,3,2024-2026,2,LARGE,3.0,0,very_large,unknown,government,organisation,unknown,0,40
0,0-90,immediate,3,2024-2026,2,LARGE,3.0,0,very_large,unknown,health,organisation,unknown,0,43
0,0-90,immediate,3,2024-2026,2,LARGE,3.0,0,very_large,unknown,technology,organisation,unknown,0,90
0,0-90,immediate,3,2024-2026,2,MEDIUM,2.0,0,medium,unknown,health,organisation,100k+,0,90
0,0-90,immediate,3,2024-2026,2,MEDIUM,2.0,0,medium,unknown,industrial,organisation,unknown,0,90
0,0-90,immediate,3,2024-2026,2,MEDIUM,2.0,0,medium,unknown,technology,organisation,unknown,0,90
0,0-90,immediate,3,2024-2026,2,MEDIUM,2.0,0,small,unknown,finance,organisation,100k+,0,90
0,0-90,immediate,3,2024-2026,2,UNKNOWN,2.8546875,1,unknown,unknown,government,other_or_unknown,unknown,0,90
0,0-90,immediate,3,2024-2026,2,UNKNOWN,2.8546875,1,unknown,unknown,health,organisation,unknown,0,90
0,0-90,immediate,3,2024-2026,3+,HUGE,4.0,0,very_large,unknown,finance,organisation,100k+,0,90
0,0-90,immediate,3,2024-2026,3+,HUGE,4.0,0,very_large,unknown,finance,organisation,10k-100k,0,450
0,0-90,immediate,3,2024-2026,3+,HUGE,4.0,0,very_large,unknown,finance,organisation,unknown,1,268
0,0-90,immediate,3,2024-2026,3+,HUGE,4.0,0,very_large,unknown,government,government_body,1k-10k,0,90
0,0-90,immediate,3,2024-2026,3+,HUGE,4.0,0,very_large,unknown,government,government_body,unknown,0,180
0,0-90,immediate,3,2024-2026,3+,HUGE,4.0,0,very_large,unknown,technology,organisation,10k-100k,0,90
0,0-90,immediate,3,2024-2026,3+,HUGE,4.0,0,very_large,unknown,technology,organisation,1k-10k,0,90
0,0-90,immediate,3,2024-2026,3+,HUGE,4.0,0,very_large,unknown,technology,organisation,unknown,0,90
0,0-90,immediate,3,2024-2026,3+,HUGE,4.0,0,very_large,unknown,telecom_transport,organisation,100k+,0,90
0,0-90,immediate,3,2024-2026,3+,HUGE,4.0,0,very_large,unknown,telecom_transport,organisation,10k-100k,0,90
0,0-90,immediate,3,2024-2026,3+,LARGE,3.0,0,large,unknown,government,organisation,unknown,0,90
0,0-90,immediate,3,2024-2026,3+,LARGE,3.0,0,very_large,unknown,education,organisation,10k-100k,0,270
0,0-90,immediate,3,2024-2026,3+,LARGE,3.0,0,very_large,unknown,education,organisation,1k-10k,0,90
0,0-90,immediate,3,2024-2026,3+,LARGE,3.0,0,very_large,unknown,education,organisation,unknown,0,270
0,0-90,immediate,3,2024-2026,3+,LARGE,3.0,0,very_large,unknown,government,government_body,unknown,0,73
0,0-90,immediate,3,2024-2026,3+,UNKNOWN,2.8546875,1,unknown,unknown,government,government_body,unknown,1,270
1,91-365,response,0,2012-2018,1,HUGE,4.0,0,very_large,unknown,finance,organisation,10k-100k,0,275
1,91-365,response,0,2012-2018,1,HUGE,4.0,0,very_large,unknown,government,government_body,1k-10k,0,275
1,91-365,response,0,2012-2018,1,HUGE,4.0,0,very_large,unknown,government,organisation,10k-100k,0,275
1,91-365,response,0,2012-2018,1,HUGE,4.0,0,very_large,unknown,government,organisation,1k-10k,0,275
1,91-365,response,0,2012-2018,1,HUGE,4.0,0,very_large,unknown,other,organisation,1k-10k,0,275
1,91-365,response,0,2012-2018,1,HUGE,4.0,0,very_large,unknown,other,organisation,unknown,0,430
1,91-365,response,0,2012-2018,1,HUGE,4.0,0,very_large,unknown,technology,organisation,100k+,0,825
1,91-365,response,0,2012-2018,1,HUGE,4.0,0,very_large,unknown,technology,organisation,unknown,0,275
1,91-365,response,0,2012-2018,1,HUGE,4.0,0,very_large,unknown,telecom_transport,organisation,10k-100k,0,32
1,91-365,response,0,2012-2018,1,LARGE,3.0,0,unknown,unknown,education,organisation,10k-100k,0,32
1,91-365,response,0,2012-2018,1,LARGE,3.0,0,very_large,unknown,education,organisation,1k-10k,0,275
1,91-365,response,0,2012-2018,1,LARGE,3.0,0,very_large,unknown,education,organisation,unknown,0,275
1,91-365,response,0,2012-2018,1,MEDIUM,2.0,0,small,unknown,finance,organisation,<1k,0,275
1,91-365,response,0,2012-2018,1,SMALL,1.0,0,small,unknown,government,organisation,10k-100k,0,275
1,91-365,response,0,2012-2018,1,SMALL,1.0,0,small,unknown,industrial,organisation,100k+,0,275
1,91-365,response,1,2019-2021,1,HUGE,4.0,0,unknown,unknown,government,organisation,unknown,0,88
1,91-365,response,1,2019-2021,1,HUGE,4.0,0,very_large,unknown,education,organisation,unknown,0,226
1,91-365,response,1,2019-2021,1,HUGE,4.0,0,very_large,unknown,finance,organisation,10k-100k,0,825
1,91-365,response,1,2019-2021,1,HUGE,4.0,0,very_large,unknown,government,government_body,10k-100k,0,275
1,91-365,response,1,2019-2021,1,HUGE,4.0,0,very_large,unknown,government,organisation,10k-100k,0,275
1,91-365,response,1,2019-2021,1,HUGE,4.0,0,very_large,unknown,government,organisation,1k-10k,0,275
1,91-365,response,1,2019-2021,1,HUGE,4.0,0,very_large,unknown,government,organisation,unknown,0,1375
1,91-365,response,1,2019-2021,1,HUGE,4.0,0,very_large,unknown,health,organisation,10k-100k,0,201
1,91-365,response,1,2019-2021,1,HUGE,4.0,0,very_large,unknown,health,organisation,1k-10k,0,275
1,91-365,response,1,2019-2021,1,HUGE,4.0,0,very_large,unknown,health,organisation,unknown,0,275
1,91-365,response,1,2019-2021,1,HUGE,4.0,0,very_large,unknown,media,organisation,unknown,0,465
1,91-365,response,1,2019-2021,1,HUGE,4.0,0,very_large,unknown,other,organisation,100k+,0,275
1,91-365,response,1,2019-2021,1,HUGE,4.0,0,very_large,unknown,other,organisation,10k-100k,0,275
1,91-365,response,1,2019-2021,1,HUGE,4.0,0,very_large,unknown,other,organisation,1k-10k,0,244
1,91-365,response,1,2019-2021,1,HUGE,4.0,0,very_large,unknown,other,organisation,unknown,0,2446
1,91-365,response,1,2019-2021,1,HUGE,4.0,0,very_large,unknown,retail,organisation,100k+,0,550
1,91-365,response,1,2019-2021,1,HUGE,4.0,0,very_large,unknown,retail,organisation,unknown,0,275
1,91-365,response,1,2019-2021,1,HUGE,4.0,0,very_large,unknown,technology,organisation,100k+,0,1677
1,91-365,response,1,2019-2021,1,HUGE,4.0,0,very_large,unknown,technology,organisation,10k-100k,0,53
1,91-365,response,1,2019-2021,1,HUGE,4.0,0,very_large,unknown,technology,organisation,1k-10k,0,270
1,91-365,response,1,2019-2021,1,HUGE,4.0,0,very_large,unknown,technology,organisation,unknown,0,550
1,91-365,response,1,2019-2021,1,HUGE,4.0,0,very_large,unknown,telecom_transport,organisation,100k+,0,275
1,91-365,response,1,2019-2021,1,HUGE,4.0,0,very_large,unknown,telecom_transport,organisation,10k-100k,0,243
1,91-365,response,1,2019-2021,1,LARGE,3.0,0,large,unknown,government,organisation,unknown,0,550
1,91-365,response,1,2019-2021,1,LARGE,3.0,0,large,unknown,industrial,organisation,unknown,0,275
1,91-365,response,1,2019-2021,1,LARGE,3.0,0,large,unknown,other,organisation,unknown,0,1100
1,91-365,response,1,2019-2021,1,LARGE,3.0,0,large,unknown,technology,organisation,100k+,0,275
1,91-365,response,1,2019-2021,1,LARGE,3.0,0,large,unknown,technology,organisation,unknown,0,275
1,91-365,response,1,2019-2021,1,LARGE,3.0,0,medium,unknown,other,organisation,100k+,0,256
1,91-365,response,1,2019-2021,1,LARGE,3.0,0,medium,unknown,other,organisation,unknown,0,275
1,91-365,response,1,2019-2021,1,LARGE,3.0,0,unknown,unknown,education,organisation,10k-100k,0,243
1,91-365,response,1,2019-2021,1,LARGE,3.0,0,very_large,unknown,education,organisation,10k-100k,1,451
1,91-365,response,1,2019-2021,1,LARGE,3.0,0,very_large,unknown,government,government_body,1k-10k,0,275
1,91-365,response,1,2019-2021,1,LARGE,3.0,0,very_large,unknown,government,government_body,<1k,0,275
1,91-365,response,1,2019-2021,1,LARGE,3.0,0,very_large,unknown,government,government_body,unknown,1,95
1,91-365,response,1,2019-2021,1,LARGE,3.0,0,very_large,unknown,government,organisation,unknown,0,275
1,91-365,response,1,2019-2021,1,LARGE,3.0,0,very_large,unknown,government,other_or_unknown,unknown,0,275
1,91-365,response,1,2019-2021,1,LARGE,3.0,0,very_large,unknown,health,organisation,10k-100k,0,201
1,91-365,response,1,2019-2021,1,LARGE,3.0,0,very_large,unknown,industrial,organisation,unknown,0,275
1,91-365,response,1,2019-2021,1,LARGE,3.0,0,very_large,unknown,media,organisation,unknown,0,190
1,91-365,response,1,2019-2021,1,LARGE,3.0,0,very_large,unknown,media,other_or_unknown,unknown,0,190
1,91-365,response,1,2019-2021,1,LARGE,3.0,0,very_large,unknown,other,organisation,unknown,0,548
1,91-365,response,1,2019-2021,1,LARGE,3.0,0,very_large,unknown,retail,organisation,unknown,0,275
1,91-365,response,1,2019-2021,1,LARGE,3.0,0,very_large,unknown,technology,organisation,100k+,0,825
1,91-365,response,1,2019-2021,1,LARGE,3.0,0,very_large,unknown,technology,organisation,unknown,0,414
1,91-365,response,1,2019-2021,1,LARGE,3.0,0,very_large,unknown,telecom_transport,organisation,<1k,0,275
1,91-365,response,1,2019-2021,1,MEDIUM,2.0,0,medium,unknown,finance,organisation,100k+,0,275
1,91-365,response,1,2019-2021,1,MEDIUM,2.0,0,medium,unknown,government,government_body,unknown,0,94
1,91-365,response,1,2019-2021,1,MEDIUM,2.0,0,medium,unknown,health,organisation,unknown,0,275
1,91-365,response,1,2019-2021,1,MEDIUM,2.0,0,medium,unknown,other,organisation,<1k,0,275
1,91-365,response,1,2019-2021,1,MEDIUM,2.0,0,medium,unknown,other,organisation,unknown,0,526
1,91-365,response,1,2019-2021,1,MEDIUM,2.0,0,medium,unknown,retail,organisation,unknown,0,275
1,91-365,response,1,2019-2021,1,MEDIUM,2.0,0,medium,unknown,technology,organisation,100k+,0,550
1,91-365,response,1,2019-2021,1,MEDIUM,2.0,0,medium,unknown,technology,organisation,unknown,0,275
1,91-365,response,1,2019-2021,1,MEDIUM,2.0,0,small,unknown,other,organisation,<1k,0,275
1,91-365,response,1,2019-2021,1,MEDIUM,2.0,0,small,unknown,other,organisation,unknown,0,275
1,91-365,response,1,2019-2021,1,MEDIUM,2.0,0,small,unknown,technology,organisation,unknown,1,33
1,91-365,response,1,2019-2021,1,SMALL,1.0,0,small,unknown,finance,organisation,unknown,0,275
1,91-365,response,1,2019-2021,1,SMALL,1.0,0,small,unknown,health,organisation,10k-100k,0,275
1,91-365,response,1,2019-2021,1,SMALL,1.0,0,small,unknown,health,organisation,unknown,0,277
1,91-365,response,1,2019-2021,1,SMALL,1.0,0,small,unknown,other,organisation,10k-100k,0,226
1,91-365,response,1,2019-2021,1,SMALL,1.0,0,small,unknown,technology,organisation,100k+,0,1650
1,91-365,response,1,2019-2021,1,SMALL,1.0,0,unknown,unknown,technology,organisation,<1k,0,275
1,91-365,response,1,2019-2021,1,UNKNOWN,2.8546875,1,unknown,unknown,education,other_or_unknown,unknown,0,275
1,91-365,response,1,2019-2021,1,UNKNOWN,2.8546875,1,unknown,unknown,finance,organisation,100k+,0,275
1,91-365,response,1,2019-2021,1,UNKNOWN,2.8546875,1,unknown,unknown,finance,organisation,10k-100k,0,275
1,91-365,response,1,2019-2021,1,UNKNOWN,2.8546875,1,unknown,unknown,finance,organisation,<1k,0,275
1,91-365,response,1,2019-2021,1,UNKNOWN,2.8546875,1,unknown,unknown,government,government_body,unknown,1,32
1,91-365,response,1,2019-2021,1,UNKNOWN,2.8546875,1,unknown,unknown,health,organisation,10k-100k,0,201
1,91-365,response,1,2019-2021,1,UNKNOWN,2.8546875,1,unknown,unknown,health,organisation,unknown,0,201
1,91-365,response,1,2019-2021,1,UNKNOWN,2.8546875,1,unknown,unknown,media,organisation,100k+,0,275
1,91-365,response,1,2019-2021,1,UNKNOWN,2.8546875,1,unknown,unknown,other,organisation,unknown,0,275
1,91-365,response,1,2019-2021,1,UNKNOWN,2.8546875,1,unknown,unknown,technology,organisation,100k+,0,550
1,91-365,response,1,2019-2021,1,UNKNOWN,2.8546875,1,unknown,unknown,technology,organisation,1k-10k,0,275
1,91-365,response,1,2019-2021,1,UNKNOWN,2.8546875,1,unknown,unknown,technology,other_or_unknown,100k+,0,385
1,91-365,response,1,2019-2021,2,HUGE,4.0,0,very_large,unknown,finance,organisation,10k-100k,0,550
1,91-365,response,1,2019-2021,2,HUGE,4.0,0,very_large,unknown,government,government_body,unknown,0,275
1,91-365,response,1,2019-2021,2,HUGE,4.0,0,very_large,unknown,government,organisation,1k-10k,0,233
1,91-365,response,1,2019-2021,2,HUGE,4.0,0,very_large,unknown,telecom_transport,organisation,100k+,0,275
1,91-365,response,1,2019-2021,2,LARGE,3.0,0,very_large,unknown,education,organisation,100k+,1,672
1,91-365,response,1,2019-2021,2,LARGE,3.0,0,very_large,unknown,government,government_body,unknown,0,94
1,91-365,response,1,2019-2021,2,LARGE,3.0,0,very_large,unknown,government,organisation,unknown,0,275
1,91-365,response,1,2019-2021,2,MEDIUM,2.0,0,small,unknown,technology,organisation,unknown,0,275
1,91-365,response,1,2019-2021,2,UNKNOWN,2.8546875,1,unknown,unknown,government,government_body,unknown,1,63
1,91-365,response,1,2019-2021,3+,LARGE,3.0,0,very_large,unknown,education,organisation,1k-10k,0,216
1,91-365,response,1,2019-2021,3+,UNKNOWN,2.8546875,1,unknown,unknown,government,government_body,unknown,0,275
1,91-365,response,2,2022-2023,1,HUGE,4.0,0,unknown,unknown,government,government_body,1k-10k,0,244
1,91-365,response,2,2022-2023,1,HUGE,4.0,0,unknown,unknown,government,organisation,unknown,0,187
1,91-365,response,2,2022-2023,1,HUGE,4.0,0,unknown,unknown,industrial,organisation,<1k,0,275
1,91-365,response,2,2022-2023,1,HUGE,4.0,0,very_large,unknown,education,organisation,10k-100k,0,275
1,91-365,response,2,2022-2023,1,HUGE,4.0,0,very_large,unknown,education,organisation,unknown,0,49
1,91-365,response,2,2022-2023,1,HUGE,4.0,0,very_large,unknown,government,government_body,100k+,1,505
1,91-365,response,2,2022-2023,1,HUGE,4.0,0,very_large,unknown,government,government_body,10k-100k,0,355
1,91-365,response,2,2022-2023,1,HUGE,4.0,0,very_large,unknown,government,government_body,1k-10k,0,244
1,91-365,response,2,2022-2023,1,HUGE,4.0,0,very_large,unknown,government,government_body,unknown,0,825
1,91-365,response,2,2022-2023,1,HUGE,4.0,0,very_large,unknown,government,organisation,10k-100k,0,550
1,91-365,response,2,2022-2023,1,HUGE,4.0,0,very_large,unknown,government,organisation,<1k,0,275
1,91-365,response,2,2022-2023,1,HUGE,4.0,0,very_large,unknown,government,organisation,unknown,0,99
1,91-365,response,2,2022-2023,1,HUGE,4.0,0,very_large,unknown,health,organisation,10k-100k,0,74
1,91-365,response,2,2022-2023,1,HUGE,4.0,0,very_large,unknown,health,organisation,unknown,0,275
1,91-365,response,2,2022-2023,1,HUGE,4.0,0,very_large,unknown,media,organisation,unknown,0,85
1,91-365,response,2,2022-2023,1,HUGE,4.0,0,very_large,unknown,other,organisation,1k-10k,0,31
1,91-365,response,2,2022-2023,1,HUGE,4.0,0,very_large,unknown,other,organisation,unknown,0,1794
1,91-365,response,2,2022-2023,1,HUGE,4.0,0,very_large,unknown,retail,organisation,<1k,0,275
1,91-365,response,2,2022-2023,1,HUGE,4.0,0,very_large,unknown,technology,organisation,100k+,0,798
1,91-365,response,2,2022-2023,1,HUGE,4.0,0,very_large,unknown,technology,organisation,10k-100k,0,377
1,91-365,response,2,2022-2023,1,HUGE,4.0,0,very_large,unknown,technology,organisation,1k-10k,0,5
1,91-365,response,2,2022-2023,1,HUGE,4.0,0,very_large,unknown,technology,organisation,<1k,0,275
1,91-365,response,2,2022-2023,1,HUGE,4.0,0,very_large,unknown,technology,organisation,unknown,0,674
1,91-365,response,2,2022-2023,1,HUGE,4.0,0,very_large,unknown,telecom_transport,organisation,100k+,0,275
1,91-365,response,2,2022-2023,1,HUGE,4.0,0,very_large,unknown,telecom_transport,organisation,unknown,0,275
1,91-365,response,2,2022-2023,1,LARGE,3.0,0,large,unknown,education,organisation,<1k,0,275
1,91-365,response,2,2022-2023,1,LARGE,3.0,0,large,unknown,finance,organisation,100k+,0,216
1,91-365,response,2,2022-2023,1,LARGE,3.0,0,large,unknown,finance,organisation,10k-100k,0,275
1,91-365,response,2,2022-2023,1,LARGE,3.0,0,large,unknown,finance,organisation,<1k,0,244
1,91-365,response,2,2022-2023,1,LARGE,3.0,0,large,unknown,government,organisation,unknown,0,550
1,91-365,response,2,2022-2023,1,LARGE,3.0,0,large,unknown,health,organisation,100k+,0,275
1,91-365,response,2,2022-2023,1,LARGE,3.0,0,large,unknown,health,organisation,unknown,0,152
1,91-365,response,2,2022-2023,1,LARGE,3.0,0,large,unknown,industrial,organisation,unknown,0,275
1,91-365,response,2,2022-2023,1,LARGE,3.0,0,large,unknown,other,organisation,100k+,0,185
1,91-365,response,2,2022-2023,1,LARGE,3.0,0,large,unknown,other,organisation,10k-100k,0,275
1,91-365,response,2,2022-2023,1,LARGE,3.0,0,large,unknown,other,organisation,1k-10k,0,275
1,91-365,response,2,2022-2023,1,LARGE,3.0,0,large,unknown,other,organisation,unknown,0,646
1,91-365,response,2,2022-2023,1,LARGE,3.0,0,large,unknown,retail,organisation,100k+,0,124
1,91-365,response,2,2022-2023,1,LARGE,3.0,0,medium,unknown,education,organisation,<1k,0,265
1,91-365,response,2,2022-2023,1,LARGE,3.0,0,medium,unknown,other,organisation,100k+,0,19
1,91-365,response,2,2022-2023,1,LARGE,3.0,0,medium,unknown,other,organisation,unknown,0,124
1,91-365,response,2,2022-2023,1,LARGE,3.0,0,unknown,unknown,other,organisation,1k-10k,0,262
1,91-365,response,2,2022-2023,1,LARGE,3.0,0,very_large,unknown,education,organisation,10k-100k,0,440
1,91-365,response,2,2022-2023,1,LARGE,3.0,0,very_large,unknown,finance,organisation,10k-100k,0,124
1,91-365,response,2,2022-2023,1,LARGE,3.0,0,very_large,unknown,finance,organisation,unknown,0,485
1,91-365,response,2,2022-2023,1,LARGE,3.0,0,very_large,unknown,government,organisation,10k-100k,0,275
1,91-365,response,2,2022-2023,1,LARGE,3.0,0,very_large,unknown,government,organisation,unknown,0,520
1,91-365,response,2,2022-2023,1,LARGE,3.0,0,very_large,unknown,government,other_or_unknown,100k+,0,275
1,91-365,response,2,2022-2023,1,LARGE,3.0,0,very_large,unknown,health,organisation,100k+,0,550
1,91-365,response,2,2022-2023,1,LARGE,3.0,0,very_large,unknown,health,organisation,10k-100k,0,106
1,91-365,response,2,2022-2023,1,LARGE,3.0,0,very_large,unknown,industrial,organisation,1k-10k,0,275
1,91-365,response,2,2022-2023,1,LARGE,3.0,0,very_large,unknown,media,organisation,<1k,0,275
1,91-365,response,2,2022-2023,1,LARGE,3.0,0,very_large,unknown,media,organisation,unknown,0,85
1,91-365,response,2,2022-2023,1,LARGE,3.0,0,very_large,unknown,media,other_or_unknown,unknown,0,85
1,91-365,response,2,2022-2023,1,LARGE,3.0,0,very_large,unknown,other,organisation,unknown,0,756
1,91-365,response,2,2022-2023,1,LARGE,3.0,0,very_large,unknown,retail,organisation,100k+,0,32
1,91-365,response,2,2022-2023,1,LARGE,3.0,0,very_large,unknown,technology,organisation,1k-10k,0,275
1,91-365,response,2,2022-2023,1,LARGE,3.0,0,very_large,unknown,technology,organisation,unknown,0,282
1,91-365,response,2,2022-2023,1,LARGE,3.0,0,very_large,unknown,technology,other_or_unknown,unknown,0,216
1,91-365,response,2,2022-2023,1,MEDIUM,2.0,0,medium,unknown,finance,organisation,10k-100k,0,137
1,91-365,response,2,2022-2023,1,MEDIUM,2.0,0,medium,unknown,government,government_body,100k+,0,275
1,91-365,response,2,2022-2023,1,MEDIUM,2.0,0,medium,unknown,government,government_body,unknown,0,366
1,91-365,response,2,2022-2023,1,MEDIUM,2.0,0,medium,unknown,government,organisation,10k-100k,0,321
1,91-365,response,2,2022-2023,1,MEDIUM,2.0,0,medium,unknown,government,organisation,unknown,0,239
1,91-365,response,2,2022-2023,1,MEDIUM,2.0,0,medium,unknown,other,organisation,100k+,0,275
1,91-365,response,2,2022-2023,1,MEDIUM,2.0,0,medium,unknown,other,organisation,10k-100k,0,825
1,91-365,response,2,2022-2023,1,MEDIUM,2.0,0,medium,unknown,other,organisation,1k-10k,0,275
1,91-365,response,2,2022-2023,1,MEDIUM,2.0,0,medium,unknown,other,organisation,unknown,0,1311
1,91-365,response,2,2022-2023,1,MEDIUM,2.0,0,medium,unknown,retail,organisation,100k+,0,275
1,91-365,response,2,2022-2023,1,MEDIUM,2.0,0,medium,unknown,technology,organisation,unknown,0,436
1,91-365,response,2,2022-2023,1,MEDIUM,2.0,0,small,unknown,finance,organisation,1k-10k,0,145
1,91-365,response,2,2022-2023,1,MEDIUM,2.0,0,small,unknown,government,government_body,unknown,0,185
1,91-365,response,2,2022-2023,1,MEDIUM,2.0,0,small,unknown,health,organisation,100k+,0,32
1,91-365,response,2,2022-2023,1,MEDIUM,2.0,0,small,unknown,other,organisation,10k-100k,0,275
1,91-365,response,2,2022-2023,1,SMALL,1.0,0,small,unknown,health,organisation,unknown,0,273
1,91-365,response,2,2022-2023,1,SMALL,1.0,0,small,unknown,other,organisation,10k-100k,0,874
1,91-365,response,2,2022-2023,1,SMALL,1.0,0,small,unknown,other,organisation,1k-10k,0,275
1,91-365,response,2,2022-2023,1,SMALL,1.0,0,small,unknown,technology,organisation,10k-100k,0,275
1,91-365,response,2,2022-2023,1,SMALL,1.0,0,small,unknown,technology,organisation,unknown,0,124
1,91-365,response,2,2022-2023,1,UNKNOWN,2.8546875,1,unknown,unknown,health,organisation,100k+,0,275
1,91-365,response,2,2022-2023,1,UNKNOWN,2.8546875,1,unknown,unknown,health,organisation,10k-100k,0,74
1,91-365,response,2,2022-2023,1,UNKNOWN,2.8546875,1,unknown,unknown,health,organisation,1k-10k,0,32
1,91-365,response,2,2022-2023,1,UNKNOWN,2.8546875,1,unknown,unknown,health,organisation,unknown,0,349
1,91-365,response,2,2022-2023,1,UNKNOWN,2.8546875,1,unknown,unknown,other,organisation,1k-10k,0,275
1,91-365,response,2,2022-2023,1,UNKNOWN,2.8546875,1,unknown,unknown,other,organisation,unknown,0,275
1,91-365,response,2,2022-2023,1,UNKNOWN,2.8546875,1,unknown,unknown,technology,other_or_unknown,100k+,0,440
1,91-365,response,2,2022-2023,2,HUGE,4.0,0,very_large,unknown,government,government_body,1k-10k,0,275
1,91-365,response,2,2022-2023,2,HUGE,4.0,0,very_large,unknown,government,organisation,100k+,0,246
1,91-365,response,2,2022-2023,2,HUGE,4.0,0,very_large,unknown,government,organisation,1k-10k,0,441
1,91-365,response,2,2022-2023,2,HUGE,4.0,0,very_large,unknown,government,organisation,<1k,0,275
1,91-365,response,2,2022-2023,2,HUGE,4.0,0,very_large,unknown,technology,organisation,100k+,0,275
1,91-365,response,2,2022-2023,2,HUGE,4.0,0,very_large,unknown,technology,organisation,unknown,0,404
1,91-365,response,2,2022-2023,2,HUGE,4.0,0,very_large,unknown,telecom_transport,organisation,100k+,0,275
1,91-365,response,2,2022-2023,2,LARGE,3.0,0,large,unknown,government,organisation,unknown,0,124
1,91-365,response,2,2022-2023,2,LARGE,3.0,0,unknown,unknown,education,organisation,1k-10k,0,275
1,91-365,response,2,2022-2023,2,LARGE,3.0,0,very_large,unknown,education,organisation,1k-10k,0,139
1,91-365,response,2,2022-2023,2,LARGE,3.0,0,very_large,unknown,government,government_body,unknown,0,181
1,91-365,response,2,2022-2023,3+,HUGE,4.0,0,very_large,unknown,government,government_body,unknown,0,117
1,91-365,response,2,2022-2023,3+,HUGE,4.0,0,very_large,unknown,telecom_transport,organisation,10k-100k,0,275
1,91-365,response,2,2022-2023,3+,LARGE,3.0,0,very_large,unknown,education,organisation,1k-10k,0,334
1,91-365,response,2,2022-2023,3+,LARGE,3.0,0,very_large,unknown,education,organisation,unknown,0,275
1,91-365,response,2,2022-2023,3+,UNKNOWN,2.8546875,1,unknown,unknown,government,government_body,1k-10k,1,56
1,91-365,response,2,2022-2023,3+,UNKNOWN,2.8546875,1,unknown,unknown,government,government_body,unknown,0,129
1,91-365,response,3,2024-2026,1,HUGE,4.0,0,unknown,unknown,government,government_body,1k-10k,0,31
1,91-365,response,3,2024-2026,1,HUGE,4.0,0,unknown,unknown,government,organisation,unknown,0,275
1,91-365,response,3,2024-2026,1,HUGE,4.0,0,unknown,unknown,other,organisation,10k-100k,0,275
1,91-365,response,3,2024-2026,1,HUGE,4.0,0,very_large,unknown,education,organisation,10k-100k,0,550
1,91-365,response,3,2024-2026,1,HUGE,4.0,0,very_large,unknown,finance,organisation,1k-10k,0,275
1,91-365,response,3,2024-2026,1,HUGE,4.0,0,very_large,unknown,finance,organisation,unknown,0,275
1,91-365,response,3,2024-2026,1,HUGE,4.0,0,very_large,unknown,finance,other_or_unknown,10k-100k,0,275
1,91-365,response,3,2024-2026,1,HUGE,4.0,0,very_large,unknown,government,government_body,10k-100k,0,195
1,91-365,response,3,2024-2026,1,HUGE,4.0,0,very_large,unknown,government,government_body,1k-10k,0,306
1,91-365,response,3,2024-2026,1,HUGE,4.0,0,very_large,unknown,government,government_body,unknown,0,1108
1,91-365,response,3,2024-2026,1,HUGE,4.0,0,very_large,unknown,government,organisation,100k+,0,252
1,91-365,response,3,2024-2026,1,HUGE,4.0,0,very_large,unknown,government,organisation,10k-100k,0,275
1,91-365,response,3,2024-2026,1,HUGE,4.0,0,very_large,unknown,government,organisation,unknown,0,996
1,91-365,response,3,2024-2026,1,HUGE,4.0,0,very_large,unknown,health,organisation,100k+,0,275
1,91-365,response,3,2024-2026,1,HUGE,4.0,0,very_large,unknown,health,organisation,10k-100k,0,275
1,91-365,response,3,2024-2026,1,HUGE,4.0,0,very_large,unknown,health,organisation,unknown,0,332
1,91-365,response,3,2024-2026,1,HUGE,4.0,0,very_large,unknown,industrial,organisation,<1k,0,2
1,91-365,response,3,2024-2026,1,HUGE,4.0,0,very_large,unknown,other,organisation,100k+,0,770
1,91-365,response,3,2024-2026,1,HUGE,4.0,0,very_large,unknown,other,organisation,10k-100k,0,275
1,91-365,response,3,2024-2026,1,HUGE,4.0,0,very_large,unknown,other,organisation,1k-10k,0,524
1,91-365,response,3,2024-2026,1,HUGE,4.0,0,very_large,unknown,other,organisation,<1k,0,143
1,91-365,response,3,2024-2026,1,HUGE,4.0,0,very_large,unknown,other,organisation,unknown,0,1105
1,91-365,response,3,2024-2026,1,HUGE,4.0,0,very_large,unknown,other,other_or_unknown,unknown,0,218
1,91-365,response,3,2024-2026,1,HUGE,4.0,0,very_large,unknown,retail,organisation,100k+,0,275
1,91-365,response,3,2024-2026,1,HUGE,4.0,0,very_large,unknown,retail,organisation,unknown,0,480
1,91-365,response,3,2024-2026,1,HUGE,4.0,0,very_large,unknown,technology,organisation,100k+,1,949
1,91-365,response,3,2024-2026,1,HUGE,4.0,0,very_large,unknown,technology,organisation,10k-100k,0,395
1,91-365,response,3,2024-2026,1,HUGE,4.0,0,very_large,unknown,technology,organisation,1k-10k,0,275
1,91-365,response,3,2024-2026,1,HUGE,4.0,0,very_large,unknown,technology,organisation,unknown,0,1562
1,91-365,response,3,2024-2026,1,HUGE,4.0,0,very_large,unknown,telecom_transport,organisation,unknown,0,275
1,91-365,response,3,2024-2026,1,LARGE,3.0,0,large,unknown,education,organisation,100k+,0,251
1,91-365,response,3,2024-2026,1,LARGE,3.0,0,large,unknown,education,organisation,unknown,0,546
1,91-365,response,3,2024-2026,1,LARGE,3.0,0,large,unknown,finance,organisation,100k+,0,950
1,91-365,response,3,2024-2026,1,LARGE,3.0,0,large,unknown,finance,organisation,1k-10k,0,275
1,91-365,response,3,2024-2026,1,LARGE,3.0,0,large,unknown,finance,organisation,<1k,0,31
1,91-365,response,3,2024-2026,1,LARGE,3.0,0,large,unknown,finance,organisation,unknown,0,801
1,91-365,response,3,2024-2026,1,LARGE,3.0,0,large,unknown,government,organisation,unknown,0,825
1,91-365,response,3,2024-2026,1,LARGE,3.0,0,large,unknown,health,organisation,<1k,0,275
1,91-365,response,3,2024-2026,1,LARGE,3.0,0,large,unknown,health,organisation,unknown,0,948
1,91-365,response,3,2024-2026,1,LARGE,3.0,0,large,unknown,other,organisation,100k+,0,640
1,91-365,response,3,2024-2026,1,LARGE,3.0,0,large,unknown,other,organisation,10k-100k,0,550
1,91-365,response,3,2024-2026,1,LARGE,3.0,0,large,unknown,other,organisation,<1k,0,485
1,91-365,response,3,2024-2026,1,LARGE,3.0,0,large,unknown,other,organisation,unknown,0,3695
1,91-365,response,3,2024-2026,1,LARGE,3.0,0,large,unknown,retail,organisation,100k+,0,426
1,91-365,response,3,2024-2026,1,LARGE,3.0,0,large,unknown,retail,organisation,10k-100k,0,275
1,91-365,response,3,2024-2026,1,LARGE,3.0,0,large,unknown,retail,organisation,unknown,0,10
1,91-365,response,3,2024-2026,1,LARGE,3.0,0,large,unknown,technology,organisation,100k+,0,550
1,91-365,response,3,2024-2026,1,LARGE,3.0,0,large,unknown,technology,organisation,10k-100k,0,275
1,91-365,response,3,2024-2026,1,LARGE,3.0,0,large,unknown,technology,organisation,1k-10k,0,150
1,91-365,response,3,2024-2026,1,LARGE,3.0,0,large,unknown,technology,organisation,unknown,0,684
1,91-365,response,3,2024-2026,1,LARGE,3.0,0,large,unknown,telecom_transport,organisation,1k-10k,0,202
1,91-365,response,3,2024-2026,1,LARGE,3.0,0,medium,unknown,education,organisation,<1k,0,10
1,91-365,response,3,2024-2026,1,LARGE,3.0,0,medium,unknown,government,organisation,1k-10k,0,275
1,91-365,response,3,2024-2026,1,LARGE,3.0,0,medium,unknown,government,organisation,unknown,0,275
1,91-365,response,3,2024-2026,1,LARGE,3.0,0,medium,unknown,health,organisation,unknown,0,275
1,91-365,response,3,2024-2026,1,LARGE,3.0,0,medium,unknown,other,organisation,1k-10k,0,275
1,91-365,response,3,2024-2026,1,LARGE,3.0,0,medium,unknown,other,organisation,unknown,0,462
1,91-365,response,3,2024-2026,1,LARGE,3.0,0,medium,unknown,technology,organisation,10k-100k,0,203
1,91-365,response,3,2024-2026,1,LARGE,3.0,0,unknown,unknown,other,organisation,100k+,0,275
1,91-365,response,3,2024-2026,1,LARGE,3.0,0,unknown,unknown,other,organisation,1k-10k,0,13
1,91-365,response,3,2024-2026,1,LARGE,3.0,0,very_large,unknown,education,organisation,100k+,0,275
1,91-365,response,3,2024-2026,1,LARGE,3.0,0,very_large,unknown,education,organisation,unknown,0,275
1,91-365,response,3,2024-2026,1,LARGE,3.0,0,very_large,unknown,finance,organisation,100k+,0,275
1,91-365,response,3,2024-2026,1,LARGE,3.0,0,very_large,unknown,finance,organisation,10k-100k,1,747
1,91-365,response,3,2024-2026,1,LARGE,3.0,0,very_large,unknown,finance,organisation,<1k,0,275
1,91-365,response,3,2024-2026,1,LARGE,3.0,0,very_large,unknown,finance,organisation,unknown,0,615
1,91-365,response,3,2024-2026,1,LARGE,3.0,0,very_large,unknown,government,government_body,<1k,0,275
1,91-365,response,3,2024-2026,1,LARGE,3.0,0,very_large,unknown,government,government_body,unknown,0,825
1,91-365,response,3,2024-2026,1,LARGE,3.0,0,very_large,unknown,government,organisation,10k-100k,0,275
1,91-365,response,3,2024-2026,1,LARGE,3.0,0,very_large,unknown,government,organisation,1k-10k,0,72
1,91-365,response,3,2024-2026,1,LARGE,3.0,0,very_large,unknown,government,organisation,<1k,0,275
1,91-365,response,3,2024-2026,1,LARGE,3.0,0,very_large,unknown,government,organisation,unknown,0,1066
1,91-365,response,3,2024-2026,1,LARGE,3.0,0,very_large,unknown,health,organisation,10k-100k,0,243
1,91-365,response,3,2024-2026,1,LARGE,3.0,0,very_large,unknown,health,organisation,<1k,0,275
1,91-365,response,3,2024-2026,1,LARGE,3.0,0,very_large,unknown,health,organisation,unknown,0,634
1,91-365,response,3,2024-2026,1,LARGE,3.0,0,very_large,unknown,other,organisation,100k+,0,550
1,91-365,response,3,2024-2026,1,LARGE,3.0,0,very_large,unknown,other,organisation,unknown,0,3332
1,91-365,response,3,2024-2026,1,LARGE,3.0,0,very_large,unknown,retail,organisation,100k+,0,243
1,91-365,response,3,2024-2026,1,LARGE,3.0,0,very_large,unknown,retail,organisation,10k-100k,0,275
1,91-365,response,3,2024-2026,1,LARGE,3.0,0,very_large,unknown,technology,organisation,unknown,0,990
1,91-365,response,3,2024-2026,1,LARGE,3.0,0,very_large,unknown,technology,other_or_unknown,unknown,0,59
1,91-365,response,3,2024-2026,1,LARGE,3.0,0,very_large,unknown,telecom_transport,organisation,1k-10k,0,202
1,91-365,response,3,2024-2026,1,MEDIUM,2.0,0,medium,unknown,education,organisation,<1k,0,275
1,91-365,response,3,2024-2026,1,MEDIUM,2.0,0,medium,unknown,education,organisation,unknown,0,550
1,91-365,response,3,2024-2026,1,MEDIUM,2.0,0,medium,unknown,finance,organisation,100k+,0,275
1,91-365,response,3,2024-2026,1,MEDIUM,2.0,0,medium,unknown,finance,organisation,10k-100k,0,138
1,91-365,response,3,2024-2026,1,MEDIUM,2.0,0,medium,unknown,finance,organisation,unknown,0,36
1,91-365,response,3,2024-2026,1,MEDIUM,2.0,0,medium,unknown,government,government_body,<1k,0,275
1,91-365,response,3,2024-2026,1,MEDIUM,2.0,0,medium,unknown,government,government_body,unknown,0,365
1,91-365,response,3,2024-2026,1,MEDIUM,2.0,0,medium,unknown,government,organisation,10k-100k,0,504
1,91-365,response,3,2024-2026,1,MEDIUM,2.0,0,medium,unknown,government,organisation,unknown,0,861
1,91-365,response,3,2024-2026,1,MEDIUM,2.0,0,medium,unknown,health,organisation,100k+,0,275
1,91-365,response,3,2024-2026,1,MEDIUM,2.0,0,medium,unknown,health,organisation,10k-100k,0,275
1,91-365,response,3,2024-2026,1,MEDIUM,2.0,0,medium,unknown,health,organisation,unknown,0,678
1,91-365,response,3,2024-2026,1,MEDIUM,2.0,0,medium,unknown,industrial,organisation,10k-100k,0,275
1,91-365,response,3,2024-2026,1,MEDIUM,2.0,0,medium,unknown,industrial,organisation,<1k,0,275
1,91-365,response,3,2024-2026,1,MEDIUM,2.0,0,medium,unknown,industrial,organisation,unknown,1,491
1,91-365,response,3,2024-2026,1,MEDIUM,2.0,0,medium,unknown,other,organisation,100k+,0,861
1,91-365,response,3,2024-2026,1,MEDIUM,2.0,0,medium,unknown,other,organisation,10k-100k,0,275
1,91-365,response,3,2024-2026,1,MEDIUM,2.0,0,medium,unknown,other,organisation,1k-10k,0,275
1,91-365,response,3,2024-2026,1,MEDIUM,2.0,0,medium,unknown,other,organisation,<1k,0,259
1,91-365,response,3,2024-2026,1,MEDIUM,2.0,0,medium,unknown,other,organisation,unknown,0,5546
1,91-365,response,3,2024-2026,1,MEDIUM,2.0,0,medium,unknown,retail,organisation,100k+,0,550
1,91-365,response,3,2024-2026,1,MEDIUM,2.0,0,medium,unknown,retail,organisation,unknown,0,37
1,91-365,response,3,2024-2026,1,MEDIUM,2.0,0,medium,unknown,technology,organisation,100k+,0,825
1,91-365,response,3,2024-2026,1,MEDIUM,2.0,0,medium,unknown,technology,organisation,10k-100k,0,191
1,91-365,response,3,2024-2026,1,MEDIUM,2.0,0,medium,unknown,technology,organisation,unknown,0,1188
1,91-365,response,3,2024-2026,1,MEDIUM,2.0,0,small,unknown,education,organisation,unknown,0,825
1,91-365,response,3,2024-2026,1,MEDIUM,2.0,0,small,unknown,finance,organisation,10k-100k,1,247
1,91-365,response,3,2024-2026,1,MEDIUM,2.0,0,small,unknown,finance,organisation,1k-10k,0,405
1,91-365,response,3,2024-2026,1,MEDIUM,2.0,0,small,unknown,government,government_body,unknown,0,365
1,91-365,response,3,2024-2026,1,MEDIUM,2.0,0,small,unknown,government,organisation,10k-100k,0,275
1,91-365,response,3,2024-2026,1,MEDIUM,2.0,0,small,unknown,government,organisation,unknown,0,550
1,91-365,response,3,2024-2026,1,MEDIUM,2.0,0,small,unknown,health,organisation,100k+,0,518
1,91-365,response,3,2024-2026,1,MEDIUM,2.0,0,small,unknown,health,organisation,unknown,0,587
1,91-365,response,3,2024-2026,1,MEDIUM,2.0,0,small,unknown,media,organisation,unknown,0,275
1,91-365,response,3,2024-2026,1,MEDIUM,2.0,0,small,unknown,other,organisation,100k+,0,401
1,91-365,response,3,2024-2026,1,MEDIUM,2.0,0,small,unknown,other,organisation,10k-100k,0,308
1,91-365,response,3,2024-2026,1,MEDIUM,2.0,0,small,unknown,other,organisation,1k-10k,0,550
1,91-365,response,3,2024-2026,1,MEDIUM,2.0,0,small,unknown,other,organisation,unknown,0,3307
1,91-365,response,3,2024-2026,1,MEDIUM,2.0,0,small,unknown,retail,organisation,unknown,0,275
1,91-365,response,3,2024-2026,1,MEDIUM,2.0,0,small,unknown,technology,organisation,100k+,0,275
1,91-365,response,3,2024-2026,1,MEDIUM,2.0,0,small,unknown,technology,organisation,1k-10k,0,275
1,91-365,response,3,2024-2026,1,MEDIUM,2.0,0,small,unknown,technology,organisation,unknown,0,550
1,91-365,response,3,2024-2026,1,MEDIUM,2.0,0,small,unknown,telecom_transport,organisation,unknown,0,275
1,91-365,response,3,2024-2026,1,MEDIUM,2.0,0,unknown,unknown,education,organisation,<1k,0,273
1,91-365,response,3,2024-2026,1,MEDIUM,2.0,0,unknown,unknown,other,organisation,1k-10k,0,275
1,91-365,response,3,2024-2026,1,MEDIUM,2.0,0,unknown,unknown,other,organisation,unknown,0,407
1,91-365,response,3,2024-2026,1,MEDIUM,2.0,0,unknown,unknown,retail,organisation,unknown,0,275
1,91-365,response,3,2024-2026,1,SMALL,1.0,0,small,unknown,finance,organisation,unknown,0,550
1,91-365,response,3,2024-2026,1,SMALL,1.0,0,small,unknown,health,organisation,10k-100k,0,275
1,91-365,response,3,2024-2026,1,SMALL,1.0,0,small,unknown,health,organisation,1k-10k,0,275
1,91-365,response,3,2024-2026,1,SMALL,1.0,0,small,unknown,health,organisation,<1k,0,29
1,91-365,response,3,2024-2026,1,SMALL,1.0,0,small,unknown,health,organisation,unknown,0,921
1,91-365,response,3,2024-2026,1,SMALL,1.0,0,small,unknown,industrial,organisation,unknown,0,275
1,91-365,response,3,2024-2026,1,SMALL,1.0,0,small,unknown,other,organisation,10k-100k,0,275
1,91-365,response,3,2024-2026,1,SMALL,1.0,0,small,unknown,other,organisation,1k-10k,0,95
1,91-365,response,3,2024-2026,1,SMALL,1.0,0,small,unknown,other,organisation,<1k,0,275
1,91-365,response,3,2024-2026,1,SMALL,1.0,0,small,unknown,other,organisation,unknown,0,2089
1,91-365,response,3,2024-2026,1,SMALL,1.0,0,small,unknown,retail,organisation,unknown,0,550
1,91-365,response,3,2024-2026,1,SMALL,1.0,0,small,unknown,technology,organisation,100k+,0,275
1,91-365,response,3,2024-2026,1,SMALL,1.0,0,small,unknown,technology,organisation,<1k,0,26
1,91-365,response,3,2024-2026,1,SMALL,1.0,0,small,unknown,technology,organisation,unknown,0,727
1,91-365,response,3,2024-2026,1,SMALL,1.0,0,small,unknown,telecom_transport,organisation,10k-100k,0,187
1,91-365,response,3,2024-2026,1,SMALL,1.0,0,unknown,unknown,health,organisation,100k+,0,128
1,91-365,response,3,2024-2026,1,SMALL,1.0,0,unknown,unknown,other,organisation,100k+,0,275
1,91-365,response,3,2024-2026,1,SMALL,1.0,0,unknown,unknown,other,organisation,unknown,0,344
1,91-365,response,3,2024-2026,1,UNKNOWN,2.8546875,1,unknown,unknown,education,organisation,unknown,0,10
1,91-365,response,3,2024-2026,1,UNKNOWN,2.8546875,1,unknown,unknown,finance,organisation,<1k,0,275
1,91-365,response,3,2024-2026,1,UNKNOWN,2.8546875,1,unknown,unknown,finance,organisation,unknown,0,275
1,91-365,response,3,2024-2026,1,UNKNOWN,2.8546875,1,unknown,unknown,government,other_or_unknown,<1k,0,271
1,91-365,response,3,2024-2026,1,UNKNOWN,2.8546875,1,unknown,unknown,government,other_or_unknown,unknown,0,275
1,91-365,response,3,2024-2026,1,UNKNOWN,2.8546875,1,unknown,unknown,health,organisation,100k+,0,275
1,91-365,response,3,2024-2026,1,UNKNOWN,2.8546875,1,unknown,unknown,health,organisation,1k-10k,0,243
1,91-365,response,3,2024-2026,1,UNKNOWN,2.8546875,1,unknown,unknown,health,organisation,unknown,0,962
1,91-365,response,3,2024-2026,1,UNKNOWN,2.8546875,1,unknown,unknown,other,organisation,100k+,0,550
1,91-365,response,3,2024-2026,1,UNKNOWN,2.8546875,1,unknown,unknown,other,organisation,unknown,0,880
1,91-365,response,3,2024-2026,1,UNKNOWN,2.8546875,1,unknown,unknown,other,other_or_unknown,unknown,0,275
1,91-365,response,3,2024-2026,1,UNKNOWN,2.8546875,1,unknown,unknown,technology,organisation,unknown,0,275
1,91-365,response,3,2024-2026,1,UNKNOWN,2.8546875,1,unknown,unknown,telecom_transport,organisation,unknown,0,177
1,91-365,response,3,2024-2026,2,HUGE,4.0,0,very_large,unknown,finance,organisation,10k-100k,2,165
1,91-365,response,3,2024-2026,2,HUGE,4.0,0,very_large,unknown,finance,organisation,unknown,0,275
1,91-365,response,3,2024-2026,2,HUGE,4.0,0,very_large,unknown,government,government_body,unknown,0,724
1,91-365,response,3,2024-2026,2,HUGE,4.0,0,very_large,unknown,government,organisation,100k+,0,29
1,91-365,response,3,2024-2026,2,HUGE,4.0,0,very_large,unknown,government,organisation,1k-10k,0,151
1,91-365,response,3,2024-2026,2,HUGE,4.0,0,very_large,unknown,health,organisation,<1k,0,259
1,91-365,response,3,2024-2026,2,HUGE,4.0,0,very_large,unknown,technology,organisation,10k-100k,1,638
1,91-365,response,3,2024-2026,2,HUGE,4.0,0,very_large,unknown,technology,organisation,unknown,0,146
1,91-365,response,3,2024-2026,2,HUGE,4.0,0,very_large,unknown,telecom_transport,organisation,<1k,1,245
1,91-365,response,3,2024-2026,2,LARGE,3.0,0,large,unknown,education,organisation,unknown,0,275
1,91-365,response,3,2024-2026,2,LARGE,3.0,0,large,unknown,government,organisation,unknown,0,151
1,91-365,response,3,2024-2026,2,LARGE,3.0,0,very_large,unknown,finance,organisation,unknown,0,268
1,91-365,response,3,2024-2026,2,LARGE,3.0,0,very_large,unknown,technology,organisation,unknown,0,62
1,91-365,response,3,2024-2026,2,MEDIUM,2.0,0,medium,unknown,health,organisation,100k+,0,275
1,91-365,response,3,2024-2026,2,MEDIUM,2.0,0,medium,unknown,industrial,organisation,unknown,0,275
1,91-365,response,3,2024-2026,2,MEDIUM,2.0,0,medium,unknown,technology,organisation,unknown,0,2
1,91-365,response,3,2024-2026,2,MEDIUM,2.0,0,small,unknown,finance,organisation,100k+,0,95
1,91-365,response,3,2024-2026,2,UNKNOWN,2.8546875,1,unknown,unknown,government,other_or_unknown,unknown,0,275
1,91-365,response,3,2024-2026,2,UNKNOWN,2.8546875,1,unknown,unknown,health,organisation,unknown,0,275
1,91-365,response,3,2024-2026,3+,HUGE,4.0,0,very_large,unknown,finance,organisation,100k+,1,79
1,91-365,response,3,2024-2026,3+,HUGE,4.0,0,very_large,unknown,finance,organisation,10k-100k,2,866
1,91-365,response,3,2024-2026,3+,HUGE,4.0,0,very_large,unknown,finance,organisation,unknown,2,550
1,91-365,response,3,2024-2026,3+,HUGE,4.0,0,very_large,unknown,government,government_body,1k-10k,0,275
1,91-365,response,3,2024-2026,3+,HUGE,4.0,0,very_large,unknown,government,government_body,unknown,0,433
1,91-365,response,3,2024-2026,3+,HUGE,4.0,0,very_large,unknown,technology,organisation,10k-100k,1,42
1,91-365,response,3,2024-2026,3+,HUGE,4.0,0,very_large,unknown,technology,organisation,1k-10k,0,8
1,91-365,response,3,2024-2026,3+,HUGE,4.0,0,very_large,unknown,technology,organisation,unknown,0,126
1,91-365,response,3,2024-2026,3+,HUGE,4.0,0,very_large,unknown,telecom_transport,organisation,100k+,0,275
1,91-365,response,3,2024-2026,3+,HUGE,4.0,0,very_large,unknown,telecom_transport,organisation,10k-100k,0,275
1,91-365,response,3,2024-2026,3+,LARGE,3.0,0,large,unknown,government,organisation,unknown,0,275
1,91-365,response,3,2024-2026,3+,LARGE,3.0,0,very_large,unknown,education,organisation,10k-100k,2,612
1,91-365,response,3,2024-2026,3+,LARGE,3.0,0,very_large,unknown,education,organisation,1k-10k,0,275
1,91-365,response,3,2024-2026,3+,LARGE,3.0,0,very_large,unknown,education,organisation,unknown,1,455
1,91-365,response,3,2024-2026,3+,LARGE,3.0,0,very_large,unknown,government,government_body,unknown,0,275
1,91-365,response,3,2024-2026,3+,UNKNOWN,2.8546875,1,unknown,unknown,government,government_body,unknown,1,515
2,366-730,response,0,2012-2018,1,HUGE,4.0,0,very_large,unknown,finance,organisation,10k-100k,0,365
2,366-730,response,0,2012-2018,1,HUGE,4.0,0,very_large,unknown,government,government_body,1k-10k,0,365
2,366-730,response,0,2012-2018,1,HUGE,4.0,0,very_large,unknown,government,organisation,1k-10k,0,365
2,366-730,response,0,2012-2018,1,HUGE,4.0,0,very_large,unknown,other,organisation,1k-10k,0,283
2,366-730,response,0,2012-2018,1,HUGE,4.0,0,very_large,unknown,other,organisation,unknown,0,365
2,366-730,response,0,2012-2018,1,HUGE,4.0,0,very_large,unknown,technology,organisation,100k+,0,1095
2,366-730,response,0,2012-2018,1,HUGE,4.0,0,very_large,unknown,technology,organisation,unknown,0,365
2,366-730,response,0,2012-2018,1,LARGE,3.0,0,very_large,unknown,education,organisation,1k-10k,0,365
2,366-730,response,0,2012-2018,1,LARGE,3.0,0,very_large,unknown,education,organisation,unknown,0,365
2,366-730,response,0,2012-2018,1,MEDIUM,2.0,0,small,unknown,finance,organisation,<1k,0,365
2,366-730,response,0,2012-2018,1,SMALL,1.0,0,small,unknown,industrial,organisation,100k+,0,365
2,366-730,response,1,2019-2021,1,HUGE,4.0,0,very_large,unknown,finance,organisation,10k-100k,1,185
2,366-730,response,1,2019-2021,1,HUGE,4.0,0,very_large,unknown,government,government_body,10k-100k,0,334
2,366-730,response,1,2019-2021,1,HUGE,4.0,0,very_large,unknown,government,organisation,10k-100k,0,518
2,366-730,response,1,2019-2021,1,HUGE,4.0,0,very_large,unknown,government,organisation,1k-10k,0,275
2,366-730,response,1,2019-2021,1,HUGE,4.0,0,very_large,unknown,government,organisation,unknown,0,985
2,366-730,response,1,2019-2021,1,HUGE,4.0,0,very_large,unknown,health,organisation,1k-10k,0,365
2,366-730,response,1,2019-2021,1,HUGE,4.0,0,very_large,unknown,health,organisation,unknown,0,16
2,366-730,response,1,2019-2021,1,HUGE,4.0,0,very_large,unknown,media,organisation,unknown,0,335
2,366-730,response,1,2019-2021,1,HUGE,4.0,0,very_large,unknown,other,organisation,100k+,0,212
2,366-730,response,1,2019-2021,1,HUGE,4.0,0,very_large,unknown,other,organisation,10k-100k,0,336
2,366-730,response,1,2019-2021,1,HUGE,4.0,0,very_large,unknown,other,organisation,1k-10k,0,82
2,366-730,response,1,2019-2021,1,HUGE,4.0,0,very_large,unknown,other,organisation,unknown,0,1313
2,366-730,response,1,2019-2021,1,HUGE,4.0,0,very_large,unknown,retail,organisation,100k+,0,730
2,366-730,response,1,2019-2021,1,HUGE,4.0,0,very_large,unknown,retail,organisation,unknown,0,214
2,366-730,response,1,2019-2021,1,HUGE,4.0,0,very_large,unknown,technology,organisation,100k+,0,1177
2,366-730,response,1,2019-2021,1,HUGE,4.0,0,very_large,unknown,technology,organisation,unknown,0,527
2,366-730,response,1,2019-2021,1,HUGE,4.0,0,very_large,unknown,telecom_transport,organisation,10k-100k,1,30
2,366-730,response,1,2019-2021,1,LARGE,3.0,0,large,unknown,government,organisation,unknown,0,579
2,366-730,response,1,2019-2021,1,LARGE,3.0,0,large,unknown,industrial,organisation,unknown,0,61
2,366-730,response,1,2019-2021,1,LARGE,3.0,0,large,unknown,other,organisation,unknown,0,426
2,366-730,response,1,2019-2021,1,LARGE,3.0,0,large,unknown,technology,organisation,100k+,0,95
2,366-730,response,1,2019-2021,1,LARGE,3.0,0,large,unknown,technology,organisation,unknown,0,365
2,366-730,response,1,2019-2021,1,LARGE,3.0,0,medium,unknown,other,organisation,unknown,0,61
2,366-730,response,1,2019-2021,1,LARGE,3.0,0,unknown,unknown,education,organisation,10k-100k,0,365
2,366-730,response,1,2019-2021,1,LARGE,3.0,0,very_large,unknown,education,organisation,10k-100k,0,170
2,366-730,response,1,2019-2021,1,LARGE,3.0,0,very_large,unknown,government,government_body,1k-10k,0,365
2,366-730,response,1,2019-2021,1,LARGE,3.0,0,very_large,unknown,government,government_body,<1k,0,276
2,366-730,response,1,2019-2021,1,LARGE,3.0,0,very_large,unknown,government,organisation,unknown,0,214
2,366-730,response,1,2019-2021,1,LARGE,3.0,0,very_large,unknown,government,other_or_unknown,unknown,0,204
2,366-730,response,1,2019-2021,1,LARGE,3.0,0,very_large,unknown,industrial,organisation,unknown,0,214
2,366-730,response,1,2019-2021,1,LARGE,3.0,0,very_large,unknown,retail,organisation,unknown,0,200
2,366-730,response,1,2019-2021,1,LARGE,3.0,0,very_large,unknown,technology,organisation,100k+,0,459
2,366-730,response,1,2019-2021,1,LARGE,3.0,0,very_large,unknown,technology,organisation,unknown,0,31
2,366-730,response,1,2019-2021,1,LARGE,3.0,0,very_large,unknown,telecom_transport,organisation,<1k,0,336
2,366-730,response,1,2019-2021,1,MEDIUM,2.0,0,medium,unknown,finance,organisation,100k+,0,214
2,366-730,response,1,2019-2021,1,MEDIUM,2.0,0,medium,unknown,health,organisation,unknown,0,31
2,366-730,response,1,2019-2021,1,MEDIUM,2.0,0,medium,unknown,other,organisation,<1k,0,115
2,366-730,response,1,2019-2021,1,MEDIUM,2.0,0,medium,unknown,other,organisation,unknown,0,292
2,366-730,response,1,2019-2021,1,MEDIUM,2.0,0,medium,unknown,retail,organisation,unknown,0,230
2,366-730,response,1,2019-2021,1,MEDIUM,2.0,0,medium,unknown,technology,organisation,100k+,0,200
2,366-730,response,1,2019-2021,1,MEDIUM,2.0,0,medium,unknown,technology,organisation,unknown,0,241
2,366-730,response,1,2019-2021,1,MEDIUM,2.0,0,small,unknown,other,organisation,<1k,0,184
2,366-730,response,1,2019-2021,1,MEDIUM,2.0,0,small,unknown,other,organisation,unknown,0,245
2,366-730,response,1,2019-2021,1,SMALL,1.0,0,small,unknown,finance,organisation,unknown,0,113
2,366-730,response,1,2019-2021,1,SMALL,1.0,0,small,unknown,government,organisation,10k-100k,0,365
2,366-730,response,1,2019-2021,1,SMALL,1.0,0,small,unknown,health,organisation,10k-100k,0,365
2,366-730,response,1,2019-2021,1,SMALL,1.0,0,small,unknown,health,organisation,unknown,0,365
2,366-730,response,1,2019-2021,1,SMALL,1.0,0,small,unknown,technology,organisation,100k+,0,1128
2,366-730,response,1,2019-2021,1,SMALL,1.0,0,unknown,unknown,technology,organisation,<1k,0,189
2,366-730,response,1,2019-2021,1,UNKNOWN,2.8546875,1,unknown,unknown,education,other_or_unknown,unknown,0,184
2,366-730,response,1,2019-2021,1,UNKNOWN,2.8546875,1,unknown,unknown,finance,organisation,100k+,0,365
2,366-730,response,1,2019-2021,1,UNKNOWN,2.8546875,1,unknown,unknown,media,organisation,100k+,0,170
2,366-730,response,1,2019-2021,1,UNKNOWN,2.8546875,1,unknown,unknown,other,organisation,unknown,0,310
2,366-730,response,1,2019-2021,1,UNKNOWN,2.8546875,1,unknown,unknown,technology,organisation,100k+,0,235
2,366-730,response,1,2019-2021,1,UNKNOWN,2.8546875,1,unknown,unknown,technology,organisation,1k-10k,0,364
2,366-730,response,1,2019-2021,1,UNKNOWN,2.8546875,1,unknown,unknown,technology,other_or_unknown,100k+,0,365
2,366-730,response,1,2019-2021,2,HUGE,4.0,0,very_large,unknown,government,government_body,unknown,0,365
2,366-730,response,1,2019-2021,2,HUGE,4.0,0,very_large,unknown,telecom_transport,organisation,100k+,0,365
2,366-730,response,1,2019-2021,2,LARGE,3.0,0,very_large,unknown,education,organisation,100k+,0,306
2,366-730,response,1,2019-2021,2,LARGE,3.0,0,very_large,unknown,government,organisation,unknown,0,283
2,366-730,response,1,2019-2021,2,MEDIUM,2.0,0,small,unknown,technology,organisation,unknown,0,335
2,366-730,response,1,2019-2021,3+,UNKNOWN,2.8546875,1,unknown,unknown,government,government_body,unknown,0,31
2,366-730,response,2,2022-2023,1,HUGE,4.0,0,unknown,unknown,government,organisation,unknown,0,365
2,366-730,response,2,2022-2023,1,HUGE,4.0,0,unknown,unknown,industrial,organisation,<1k,0,93
2,366-730,response,2,2022-2023,1,HUGE,4.0,0,very_large,unknown,education,organisation,10k-100k,0,175
2,366-730,response,2,2022-2023,1,HUGE,4.0,0,very_large,unknown,education,organisation,unknown,0,365
2,366-730,response,2,2022-2023,1,HUGE,4.0,0,very_large,unknown,finance,organisation,10k-100k,0,730
2,366-730,response,2,2022-2023,1,HUGE,4.0,0,very_large,unknown,government,government_body,100k+,0,320
2,366-730,response,2,2022-2023,1,HUGE,4.0,0,very_large,unknown,government,government_body,10k-100k,1,235
2,366-730,response,2,2022-2023,1,HUGE,4.0,0,very_large,unknown,government,government_body,unknown,0,626
2,366-730,response,2,2022-2023,1,HUGE,4.0,0,very_large,unknown,government,organisation,10k-100k,1,820
2,366-730,response,2,2022-2023,1,HUGE,4.0,0,very_large,unknown,government,organisation,1k-10k,0,90
2,366-730,response,2,2022-2023,1,HUGE,4.0,0,very_large,unknown,government,organisation,<1k,0,275
2,366-730,response,2,2022-2023,1,HUGE,4.0,0,very_large,unknown,government,organisation,unknown,0,840
2,366-730,response,2,2022-2023,1,HUGE,4.0,0,very_large,unknown,health,organisation,10k-100k,0,365
2,366-730,response,2,2022-2023,1,HUGE,4.0,0,very_large,unknown,health,organisation,unknown,0,410
2,366-730,response,2,2022-2023,1,HUGE,4.0,0,very_large,unknown,media,organisation,unknown,0,395
2,366-730,response,2,2022-2023,1,HUGE,4.0,0,very_large,unknown,other,organisation,100k+,0,153
2,366-730,response,2,2022-2023,1,HUGE,4.0,0,very_large,unknown,other,organisation,10k-100k,0,29
2,366-730,response,2,2022-2023,1,HUGE,4.0,0,very_large,unknown,other,organisation,1k-10k,0,365
2,366-730,response,2,2022-2023,1,HUGE,4.0,0,very_large,unknown,other,organisation,unknown,0,2859
2,366-730,response,2,2022-2023,1,HUGE,4.0,0,very_large,unknown,retail,organisation,<1k,0,184
2,366-730,response,2,2022-2023,1,HUGE,4.0,0,very_large,unknown,retail,organisation,unknown,0,151
2,366-730,response,2,2022-2023,1,HUGE,4.0,0,very_large,unknown,technology,organisation,100k+,0,1896
2,366-730,response,2,2022-2023,1,HUGE,4.0,0,very_large,unknown,technology,organisation,10k-100k,0,365
2,366-730,response,2,2022-2023,1,HUGE,4.0,0,very_large,unknown,technology,organisation,1k-10k,1,73
2,366-730,response,2,2022-2023,1,HUGE,4.0,0,very_large,unknown,technology,organisation,<1k,0,346
2,366-730,response,2,2022-2023,1,HUGE,4.0,0,very_large,unknown,technology,organisation,unknown,1,229
2,366-730,response,2,2022-2023,1,HUGE,4.0,0,very_large,unknown,telecom_transport,organisation,100k+,1,458
2,366-730,response,2,2022-2023,1,HUGE,4.0,0,very_large,unknown,telecom_transport,organisation,unknown,0,334
2,366-730,response,2,2022-2023,1,LARGE,3.0,0,large,unknown,education,organisation,<1k,0,245
2,366-730,response,2,2022-2023,1,LARGE,3.0,0,large,unknown,finance,organisation,10k-100k,0,227
2,366-730,response,2,2022-2023,1,LARGE,3.0,0,large,unknown,government,organisation,unknown,0,488
2,366-730,response,2,2022-2023,1,LARGE,3.0,0,large,unknown,health,organisation,100k+,0,334
2,366-730,response,2,2022-2023,1,LARGE,3.0,0,large,unknown,industrial,organisation,unknown,0,669
2,366-730,response,2,2022-2023,1,LARGE,3.0,0,large,unknown,other,organisation,10k-100k,0,92
2,366-730,response,2,2022-2023,1,LARGE,3.0,0,large,unknown,other,organisation,1k-10k,0,141
2,366-730,response,2,2022-2023,1,LARGE,3.0,0,large,unknown,other,organisation,unknown,0,1034
2,366-730,response,2,2022-2023,1,LARGE,3.0,0,large,unknown,technology,organisation,100k+,0,270
2,366-730,response,2,2022-2023,1,LARGE,3.0,0,medium,unknown,other,organisation,100k+,0,365
2,366-730,response,2,2022-2023,1,LARGE,3.0,0,medium,unknown,other,organisation,unknown,0,304
2,366-730,response,2,2022-2023,1,LARGE,3.0,0,very_large,unknown,education,organisation,10k-100k,0,570
2,366-730,response,2,2022-2023,1,LARGE,3.0,0,very_large,unknown,finance,organisation,unknown,0,275
2,366-730,response,2,2022-2023,1,LARGE,3.0,0,very_large,unknown,government,government_body,<1k,0,89
2,366-730,response,2,2022-2023,1,LARGE,3.0,0,very_large,unknown,government,organisation,10k-100k,0,17
2,366-730,response,2,2022-2023,1,LARGE,3.0,0,very_large,unknown,government,organisation,unknown,0,151
2,366-730,response,2,2022-2023,1,LARGE,3.0,0,very_large,unknown,government,other_or_unknown,100k+,0,236
2,366-730,response,2,2022-2023,1,LARGE,3.0,0,very_large,unknown,government,other_or_unknown,unknown,0,161
2,366-730,response,2,2022-2023,1,LARGE,3.0,0,very_large,unknown,health,organisation,100k+,0,548
2,366-730,response,2,2022-2023,1,LARGE,3.0,0,very_large,unknown,health,organisation,10k-100k,0,365
2,366-730,response,2,2022-2023,1,LARGE,3.0,0,very_large,unknown,industrial,organisation,1k-10k,0,31
2,366-730,response,2,2022-2023,1,LARGE,3.0,0,very_large,unknown,industrial,organisation,unknown,0,151
2,366-730,response,2,2022-2023,1,LARGE,3.0,0,very_large,unknown,media,organisation,<1k,0,12
2,366-730,response,2,2022-2023,1,LARGE,3.0,0,very_large,unknown,media,organisation,unknown,0,365
2,366-730,response,2,2022-2023,1,LARGE,3.0,0,very_large,unknown,media,other_or_unknown,unknown,0,365
2,366-730,response,2,2022-2023,1,LARGE,3.0,0,very_large,unknown,other,organisation,unknown,0,1124
2,366-730,response,2,2022-2023,1,LARGE,3.0,0,very_large,unknown,retail,organisation,unknown,0,165
2,366-730,response,2,2022-2023,1,LARGE,3.0,0,very_large,unknown,technology,organisation,100k+,0,636
2,366-730,response,2,2022-2023,1,LARGE,3.0,0,very_large,unknown,technology,organisation,1k-10k,0,31
2,366-730,response,2,2022-2023,1,LARGE,3.0,0,very_large,unknown,technology,organisation,unknown,0,699
2,366-730,response,2,2022-2023,1,LARGE,3.0,0,very_large,unknown,telecom_transport,organisation,<1k,0,29
2,366-730,response,2,2022-2023,1,MEDIUM,2.0,0,medium,unknown,finance,organisation,100k+,0,151
2,366-730,response,2,2022-2023,1,MEDIUM,2.0,0,medium,unknown,government,government_body,100k+,0,245
2,366-730,response,2,2022-2023,1,MEDIUM,2.0,0,medium,unknown,government,government_body,unknown,0,365
2,366-730,response,2,2022-2023,1,MEDIUM,2.0,0,medium,unknown,government,organisation,10k-100k,0,365
2,366-730,response,2,2022-2023,1,MEDIUM,2.0,0,medium,unknown,health,organisation,unknown,0,334
2,366-730,response,2,2022-2023,1,MEDIUM,2.0,0,medium,unknown,other,organisation,100k+,0,122
2,366-730,response,2,2022-2023,1,MEDIUM,2.0,0,medium,unknown,other,organisation,10k-100k,0,674
2,366-730,response,2,2022-2023,1,MEDIUM,2.0,0,medium,unknown,other,organisation,1k-10k,0,281
2,366-730,response,2,2022-2023,1,MEDIUM,2.0,0,medium,unknown,other,organisation,<1k,0,250
2,366-730,response,2,2022-2023,1,MEDIUM,2.0,0,medium,unknown,other,organisation,unknown,0,1373
2,366-730,response,2,2022-2023,1,MEDIUM,2.0,0,medium,unknown,retail,organisation,100k+,0,92
2,366-730,response,2,2022-2023,1,MEDIUM,2.0,0,medium,unknown,retail,organisation,unknown,0,135
2,366-730,response,2,2022-2023,1,MEDIUM,2.0,0,medium,unknown,technology,organisation,100k+,0,530
2,366-730,response,2,2022-2023,1,MEDIUM,2.0,0,medium,unknown,technology,organisation,unknown,0,183
2,366-730,response,2,2022-2023,1,MEDIUM,2.0,0,small,unknown,other,organisation,10k-100k,0,118
2,366-730,response,2,2022-2023,1,MEDIUM,2.0,0,small,unknown,other,organisation,<1k,0,181
2,366-730,response,2,2022-2023,1,MEDIUM,2.0,0,small,unknown,other,organisation,unknown,0,120
2,366-730,response,2,2022-2023,1,SMALL,1.0,0,small,unknown,finance,organisation,unknown,0,252
2,366-730,response,2,2022-2023,1,SMALL,1.0,0,small,unknown,health,organisation,unknown,0,365
2,366-730,response,2,2022-2023,1,SMALL,1.0,0,small,unknown,other,organisation,10k-100k,0,917
2,366-730,response,2,2022-2023,1,SMALL,1.0,0,small,unknown,other,organisation,1k-10k,0,141
2,366-730,response,2,2022-2023,1,SMALL,1.0,0,small,unknown,technology,organisation,100k+,0,1062
2,366-730,response,2,2022-2023,1,SMALL,1.0,0,small,unknown,technology,organisation,10k-100k,0,231
2,366-730,response,2,2022-2023,1,SMALL,1.0,0,unknown,unknown,technology,organisation,<1k,0,176
2,366-730,response,2,2022-2023,1,UNKNOWN,2.8546875,1,unknown,unknown,education,other_or_unknown,unknown,0,181
2,366-730,response,2,2022-2023,1,UNKNOWN,2.8546875,1,unknown,unknown,finance,organisation,10k-100k,0,365
2,366-730,response,2,2022-2023,1,UNKNOWN,2.8546875,1,unknown,unknown,finance,organisation,<1k,0,365
2,366-730,response,2,2022-2023,1,UNKNOWN,2.8546875,1,unknown,unknown,health,organisation,100k+,0,214
2,366-730,response,2,2022-2023,1,UNKNOWN,2.8546875,1,unknown,unknown,health,organisation,10k-100k,0,365
2,366-730,response,2,2022-2023,1,UNKNOWN,2.8546875,1,unknown,unknown,health,organisation,unknown,0,579
2,366-730,response,2,2022-2023,1,UNKNOWN,2.8546875,1,unknown,unknown,media,organisation,100k+,0,195
2,366-730,response,2,2022-2023,1,UNKNOWN,2.8546875,1,unknown,unknown,other,organisation,1k-10k,0,92
2,366-730,response,2,2022-2023,1,UNKNOWN,2.8546875,1,unknown,unknown,other,organisation,unknown,0,225
2,366-730,response,2,2022-2023,1,UNKNOWN,2.8546875,1,unknown,unknown,technology,organisation,100k+,0,495
2,366-730,response,2,2022-2023,1,UNKNOWN,2.8546875,1,unknown,unknown,technology,organisation,1k-10k,0,1
2,366-730,response,2,2022-2023,1,UNKNOWN,2.8546875,1,unknown,unknown,technology,other_or_unknown,100k+,0,730
2,366-730,response,2,2022-2023,2,HUGE,4.0,0,very_large,unknown,finance,organisation,10k-100k,0,730
2,366-730,response,2,2022-2023,2,HUGE,4.0,0,very_large,unknown,government,organisation,1k-10k,0,365
2,366-730,response,2,2022-2023,2,HUGE,4.0,0,very_large,unknown,government,organisation,<1k,0,275
2,366-730,response,2,2022-2023,2,HUGE,4.0,0,very_large,unknown,technology,organisation,100k+,0,287
2,366-730,response,2,2022-2023,2,HUGE,4.0,0,very_large,unknown,technology,organisation,unknown,0,111
2,366-730,response,2,2022-2023,2,HUGE,4.0,0,very_large,unknown,telecom_transport,organisation,100k+,0,23
2,366-730,response,2,2022-2023,2,LARGE,3.0,0,unknown,unknown,education,organisation,1k-10k,0,365
2,366-730,response,2,2022-2023,2,LARGE,3.0,0,very_large,unknown,education,organisation,100k+,1,332
2,366-730,response,2,2022-2023,2,LARGE,3.0,0,very_large,unknown,government,government_body,unknown,0,365
2,366-730,response,2,2022-2023,2,LARGE,3.0,0,very_large,unknown,government,organisation,unknown,0,82
2,366-730,response,2,2022-2023,2,MEDIUM,2.0,0,small,unknown,technology,organisation,unknown,0,30
2,366-730,response,2,2022-2023,3+,HUGE,4.0,0,very_large,unknown,telecom_transport,organisation,10k-100k,0,17
2,366-730,response,2,2022-2023,3+,LARGE,3.0,0,very_large,unknown,education,organisation,1k-10k,0,365
2,366-730,response,2,2022-2023,3+,LARGE,3.0,0,very_large,unknown,education,organisation,unknown,0,245
2,366-730,response,2,2022-2023,3+,UNKNOWN,2.8546875,1,unknown,unknown,government,government_body,unknown,0,334
2,366-730,response,3,2024-2026,1,HUGE,4.0,0,unknown,unknown,government,government_body,1k-10k,0,365
2,366-730,response,3,2024-2026,1,HUGE,4.0,0,unknown,unknown,government,organisation,unknown,0,365
2,366-730,response,3,2024-2026,1,HUGE,4.0,0,unknown,unknown,industrial,organisation,<1k,0,272
2,366-730,response,3,2024-2026,1,HUGE,4.0,0,unknown,unknown,other,organisation,10k-100k,0,365
2,366-730,response,3,2024-2026,1,HUGE,4.0,0,very_large,unknown,education,organisation,10k-100k,0,530
2,366-730,response,3,2024-2026,1,HUGE,4.0,0,very_large,unknown,finance,organisation,1k-10k,0,185
2,366-730,response,3,2024-2026,1,HUGE,4.0,0,very_large,unknown,finance,organisation,unknown,1,154
2,366-730,response,3,2024-2026,1,HUGE,4.0,0,very_large,unknown,finance,other_or_unknown,10k-100k,0,35
2,366-730,response,3,2024-2026,1,HUGE,4.0,0,very_large,unknown,government,government_body,100k+,0,45
2,366-730,response,3,2024-2026,1,HUGE,4.0,0,very_large,unknown,government,government_body,10k-100k,0,365
2,366-730,response,3,2024-2026,1,HUGE,4.0,0,very_large,unknown,government,government_body,1k-10k,1,294
2,366-730,response,3,2024-2026,1,HUGE,4.0,0,very_large,unknown,government,government_body,unknown,0,1275
2,366-730,response,3,2024-2026,1,HUGE,4.0,0,very_large,unknown,government,organisation,10k-100k,0,365
2,366-730,response,3,2024-2026,1,HUGE,4.0,0,very_large,unknown,government,organisation,<1k,0,90
2,366-730,response,3,2024-2026,1,HUGE,4.0,0,very_large,unknown,government,organisation,unknown,0,1095
2,366-730,response,3,2024-2026,1,HUGE,4.0,0,very_large,unknown,health,organisation,100k+,0,134
2,366-730,response,3,2024-2026,1,HUGE,4.0,0,very_large,unknown,health,organisation,10k-100k,0,365
2,366-730,response,3,2024-2026,1,HUGE,4.0,0,very_large,unknown,health,organisation,unknown,0,369
2,366-730,response,3,2024-2026,1,HUGE,4.0,0,very_large,unknown,other,organisation,100k+,0,310
2,366-730,response,3,2024-2026,1,HUGE,4.0,0,very_large,unknown,other,organisation,10k-100k,0,365
2,366-730,response,3,2024-2026,1,HUGE,4.0,0,very_large,unknown,other,organisation,1k-10k,0,308
2,366-730,response,3,2024-2026,1,HUGE,4.0,0,very_large,unknown,other,organisation,unknown,0,3128
2,366-730,response,3,2024-2026,1,HUGE,4.0,0,very_large,unknown,retail,organisation,100k+,0,202
2,366-730,response,3,2024-2026,1,HUGE,4.0,0,very_large,unknown,retail,organisation,<1k,0,181
2,366-730,response,3,2024-2026,1,HUGE,4.0,0,very_large,unknown,retail,organisation,unknown,0,185
2,366-730,response,3,2024-2026,1,HUGE,4.0,0,very_large,unknown,technology,organisation,100k+,0,942
2,366-730,response,3,2024-2026,1,HUGE,4.0,0,very_large,unknown,technology,organisation,10k-100k,0,659
2,366-730,response,3,2024-2026,1,HUGE,4.0,0,very_large,unknown,technology,organisation,1k-10k,0,338
2,366-730,response,3,2024-2026,1,HUGE,4.0,0,very_large,unknown,technology,organisation,<1k,0,19
2,366-730,response,3,2024-2026,1,HUGE,4.0,0,very_large,unknown,technology,organisation,unknown,0,2135
2,366-730,response,3,2024-2026,1,HUGE,4.0,0,very_large,unknown,telecom_transport,organisation,100k+,1,182
2,366-730,response,3,2024-2026,1,HUGE,4.0,0,very_large,unknown,telecom_transport,organisation,unknown,0,247
2,366-730,response,3,2024-2026,1,LARGE,3.0,0,large,unknown,education,organisation,<1k,0,120
2,366-730,response,3,2024-2026,1,LARGE,3.0,0,large,unknown,education,organisation,unknown,1,1
2,366-730,response,3,2024-2026,1,LARGE,3.0,0,large,unknown,finance,organisation,100k+,0,1389
2,366-730,response,3,2024-2026,1,LARGE,3.0,0,large,unknown,finance,organisation,10k-100k,0,138
2,366-730,response,3,2024-2026,1,LARGE,3.0,0,large,unknown,finance,organisation,1k-10k,0,157
2,366-730,response,3,2024-2026,1,LARGE,3.0,0,large,unknown,finance,organisation,<1k,0,365
2,366-730,response,3,2024-2026,1,LARGE,3.0,0,large,unknown,finance,organisation,unknown,0,612
2,366-730,response,3,2024-2026,1,LARGE,3.0,0,large,unknown,government,organisation,unknown,0,1311
2,366-730,response,3,2024-2026,1,LARGE,3.0,0,large,unknown,health,organisation,100k+,0,31
2,366-730,response,3,2024-2026,1,LARGE,3.0,0,large,unknown,health,organisation,<1k,0,186
2,366-730,response,3,2024-2026,1,LARGE,3.0,0,large,unknown,health,organisation,unknown,0,1130
2,366-730,response,3,2024-2026,1,LARGE,3.0,0,large,unknown,other,organisation,100k+,0,966
2,366-730,response,3,2024-2026,1,LARGE,3.0,0,large,unknown,other,organisation,10k-100k,0,445
2,366-730,response,3,2024-2026,1,LARGE,3.0,0,large,unknown,other,organisation,1k-10k,0,224
2,366-730,response,3,2024-2026,1,LARGE,3.0,0,large,unknown,other,organisation,<1k,0,165
2,366-730,response,3,2024-2026,1,LARGE,3.0,0,large,unknown,other,organisation,unknown,0,4460
2,366-730,response,3,2024-2026,1,LARGE,3.0,0,large,unknown,retail,organisation,100k+,0,730
2,366-730,response,3,2024-2026,1,LARGE,3.0,0,large,unknown,retail,organisation,10k-100k,0,365
2,366-730,response,3,2024-2026,1,LARGE,3.0,0,large,unknown,technology,organisation,100k+,0,730
2,366-730,response,3,2024-2026,1,LARGE,3.0,0,large,unknown,technology,organisation,10k-100k,0,365
2,366-730,response,3,2024-2026,1,LARGE,3.0,0,large,unknown,technology,organisation,unknown,0,730
2,366-730,response,3,2024-2026,1,LARGE,3.0,0,medium,unknown,education,organisation,<1k,0,365
2,366-730,response,3,2024-2026,1,LARGE,3.0,0,medium,unknown,government,organisation,1k-10k,0,146
2,366-730,response,3,2024-2026,1,LARGE,3.0,0,medium,unknown,government,organisation,unknown,0,244
2,366-730,response,3,2024-2026,1,LARGE,3.0,0,medium,unknown,health,organisation,unknown,0,281
2,366-730,response,3,2024-2026,1,LARGE,3.0,0,medium,unknown,other,organisation,1k-10k,0,365
2,366-730,response,3,2024-2026,1,LARGE,3.0,0,medium,unknown,other,organisation,unknown,0,730
2,366-730,response,3,2024-2026,1,LARGE,3.0,0,unknown,unknown,other,organisation,100k+,0,365
2,366-730,response,3,2024-2026,1,LARGE,3.0,0,unknown,unknown,other,organisation,1k-10k,0,365
2,366-730,response,3,2024-2026,1,LARGE,3.0,0,very_large,unknown,education,organisation,100k+,0,365
2,366-730,response,3,2024-2026,1,LARGE,3.0,0,very_large,unknown,education,organisation,10k-100k,0,355
2,366-730,response,3,2024-2026,1,LARGE,3.0,0,very_large,unknown,education,organisation,unknown,0,247
2,366-730,response,3,2024-2026,1,LARGE,3.0,0,very_large,unknown,finance,organisation,100k+,0,319
2,366-730,response,3,2024-2026,1,LARGE,3.0,0,very_large,unknown,finance,organisation,10k-100k,0,859
2,366-730,response,3,2024-2026,1,LARGE,3.0,0,very_large,unknown,finance,organisation,<1k,0,129
2,366-730,response,3,2024-2026,1,LARGE,3.0,0,very_large,unknown,finance,organisation,unknown,0,856
2,366-730,response,3,2024-2026,1,LARGE,3.0,0,very_large,unknown,government,government_body,<1k,0,365
2,366-730,response,3,2024-2026,1,LARGE,3.0,0,very_large,unknown,government,government_body,unknown,0,781
2,366-730,response,3,2024-2026,1,LARGE,3.0,0,very_large,unknown,government,organisation,10k-100k,0,713
2,366-730,response,3,2024-2026,1,LARGE,3.0,0,very_large,unknown,government,organisation,<1k,0,365
2,366-730,response,3,2024-2026,1,LARGE,3.0,0,very_large,unknown,government,organisation,unknown,0,1825
2,366-730,response,3,2024-2026,1,LARGE,3.0,0,very_large,unknown,government,other_or_unknown,100k+,0,129
2,366-730,response,3,2024-2026,1,LARGE,3.0,0,very_large,unknown,health,organisation,100k+,0,182
2,366-730,response,3,2024-2026,1,LARGE,3.0,0,very_large,unknown,health,organisation,10k-100k,0,365
2,366-730,response,3,2024-2026,1,LARGE,3.0,0,very_large,unknown,health,organisation,<1k,0,365
2,366-730,response,3,2024-2026,1,LARGE,3.0,0,very_large,unknown,health,organisation,unknown,1,710
2,366-730,response,3,2024-2026,1,LARGE,3.0,0,very_large,unknown,industrial,organisation,1k-10k,0,334
2,366-730,response,3,2024-2026,1,LARGE,3.0,0,very_large,unknown,media,organisation,<1k,0,353
2,366-730,response,3,2024-2026,1,LARGE,3.0,0,very_large,unknown,other,organisation,100k+,0,730
2,366-730,response,3,2024-2026,1,LARGE,3.0,0,very_large,unknown,other,organisation,unknown,0,3735
2,366-730,response,3,2024-2026,1,LARGE,3.0,0,very_large,unknown,retail,organisation,100k+,0,365
2,366-730,response,3,2024-2026,1,LARGE,3.0,0,very_large,unknown,retail,organisation,10k-100k,0,324
2,366-730,response,3,2024-2026,1,LARGE,3.0,0,very_large,unknown,technology,organisation,1k-10k,0,334
2,366-730,response,3,2024-2026,1,LARGE,3.0,0,very_large,unknown,technology,organisation,unknown,0,1237
2,366-730,response,3,2024-2026,1,LARGE,3.0,0,very_large,unknown,technology,other_or_unknown,unknown,0,365
2,366-730,response,3,2024-2026,1,MEDIUM,2.0,0,medium,unknown,education,organisation,<1k,0,365
2,366-730,response,3,2024-2026,1,MEDIUM,2.0,0,medium,unknown,education,organisation,unknown,0,502
2,366-730,response,3,2024-2026,1,MEDIUM,2.0,0,medium,unknown,finance,organisation,100k+,0,365
2,366-730,response,3,2024-2026,1,MEDIUM,2.0,0,medium,unknown,finance,organisation,10k-100k,0,365
2,366-730,response,3,2024-2026,1,MEDIUM,2.0,0,medium,unknown,government,government_body,100k+,0,120
2,366-730,response,3,2024-2026,1,MEDIUM,2.0,0,medium,unknown,government,government_body,<1k,0,134
2,366-730,response,3,2024-2026,1,MEDIUM,2.0,0,medium,unknown,government,government_body,unknown,0,457
2,366-730,response,3,2024-2026,1,MEDIUM,2.0,0,medium,unknown,government,organisation,10k-100k,0,730
2,366-730,response,3,2024-2026,1,MEDIUM,2.0,0,medium,unknown,government,organisation,unknown,0,1300
2,366-730,response,3,2024-2026,1,MEDIUM,2.0,0,medium,unknown,health,organisation,100k+,0,365
2,366-730,response,3,2024-2026,1,MEDIUM,2.0,0,medium,unknown,health,organisation,10k-100k,0,365
2,366-730,response,3,2024-2026,1,MEDIUM,2.0,0,medium,unknown,health,organisation,unknown,0,568
2,366-730,response,3,2024-2026,1,MEDIUM,2.0,0,medium,unknown,industrial,organisation,10k-100k,0,365
2,366-730,response,3,2024-2026,1,MEDIUM,2.0,0,medium,unknown,industrial,organisation,<1k,0,187
2,366-730,response,3,2024-2026,1,MEDIUM,2.0,0,medium,unknown,industrial,organisation,unknown,0,198
2,366-730,response,3,2024-2026,1,MEDIUM,2.0,0,medium,unknown,other,organisation,100k+,0,1338
2,366-730,response,3,2024-2026,1,MEDIUM,2.0,0,medium,unknown,other,organisation,10k-100k,0,786
2,366-730,response,3,2024-2026,1,MEDIUM,2.0,0,medium,unknown,other,organisation,1k-10k,0,449
2,366-730,response,3,2024-2026,1,MEDIUM,2.0,0,medium,unknown,other,organisation,unknown,0,6025
2,366-730,response,3,2024-2026,1,MEDIUM,2.0,0,medium,unknown,retail,organisation,100k+,0,948
2,366-730,response,3,2024-2026,1,MEDIUM,2.0,0,medium,unknown,technology,organisation,100k+,0,901
2,366-730,response,3,2024-2026,1,MEDIUM,2.0,0,medium,unknown,technology,organisation,unknown,0,1268
2,366-730,response,3,2024-2026,1,MEDIUM,2.0,0,small,unknown,education,organisation,unknown,0,540
2,366-730,response,3,2024-2026,1,MEDIUM,2.0,0,small,unknown,finance,organisation,1k-10k,0,485
2,366-730,response,3,2024-2026,1,MEDIUM,2.0,0,small,unknown,government,government_body,unknown,0,457
2,366-730,response,3,2024-2026,1,MEDIUM,2.0,0,small,unknown,government,organisation,10k-100k,0,43
2,366-730,response,3,2024-2026,1,MEDIUM,2.0,0,small,unknown,government,organisation,unknown,0,343
2,366-730,response,3,2024-2026,1,MEDIUM,2.0,0,small,unknown,health,organisation,100k+,0,581
2,366-730,response,3,2024-2026,1,MEDIUM,2.0,0,small,unknown,health,organisation,unknown,0,324
2,366-730,response,3,2024-2026,1,MEDIUM,2.0,0,small,unknown,media,organisation,unknown,0,171
2,366-730,response,3,2024-2026,1,MEDIUM,2.0,0,small,unknown,other,organisation,100k+,0,365
2,366-730,response,3,2024-2026,1,MEDIUM,2.0,0,small,unknown,other,organisation,10k-100k,0,612
2,366-730,response,3,2024-2026,1,MEDIUM,2.0,0,small,unknown,other,organisation,1k-10k,0,278
2,366-730,response,3,2024-2026,1,MEDIUM,2.0,0,small,unknown,other,organisation,unknown,0,2521
2,366-730,response,3,2024-2026,1,MEDIUM,2.0,0,small,unknown,retail,organisation,unknown,0,365
2,366-730,response,3,2024-2026,1,MEDIUM,2.0,0,small,unknown,technology,organisation,100k+,0,365
2,366-730,response,3,2024-2026,1,MEDIUM,2.0,0,small,unknown,technology,organisation,1k-10k,0,126
2,366-730,response,3,2024-2026,1,MEDIUM,2.0,0,small,unknown,technology,organisation,unknown,0,573
2,366-730,response,3,2024-2026,1,MEDIUM,2.0,0,small,unknown,telecom_transport,organisation,unknown,0,157
2,366-730,response,3,2024-2026,1,MEDIUM,2.0,0,unknown,unknown,other,organisation,1k-10k,0,365
2,366-730,response,3,2024-2026,1,MEDIUM,2.0,0,unknown,unknown,other,organisation,unknown,0,365
2,366-730,response,3,2024-2026,1,MEDIUM,2.0,0,unknown,unknown,retail,organisation,unknown,0,365
2,366-730,response,3,2024-2026,1,SMALL,1.0,0,small,unknown,finance,organisation,unknown,0,359
2,366-730,response,3,2024-2026,1,SMALL,1.0,0,small,unknown,health,organisation,10k-100k,0,162
2,366-730,response,3,2024-2026,1,SMALL,1.0,0,small,unknown,health,organisation,1k-10k,0,365
2,366-730,response,3,2024-2026,1,SMALL,1.0,0,small,unknown,health,organisation,unknown,0,630
2,366-730,response,3,2024-2026,1,SMALL,1.0,0,small,unknown,industrial,organisation,unknown,0,300
2,366-730,response,3,2024-2026,1,SMALL,1.0,0,small,unknown,other,organisation,10k-100k,0,669
2,366-730,response,3,2024-2026,1,SMALL,1.0,0,small,unknown,other,organisation,1k-10k,0,224
2,366-730,response,3,2024-2026,1,SMALL,1.0,0,small,unknown,other,organisation,<1k,0,365
2,366-730,response,3,2024-2026,1,SMALL,1.0,0,small,unknown,other,organisation,unknown,0,679
2,366-730,response,3,2024-2026,1,SMALL,1.0,0,small,unknown,retail,organisation,unknown,0,491
2,366-730,response,3,2024-2026,1,SMALL,1.0,0,small,unknown,technology,organisation,100k+,0,224
2,366-730,response,3,2024-2026,1,SMALL,1.0,0,small,unknown,technology,organisation,10k-100k,0,134
2,366-730,response,3,2024-2026,1,SMALL,1.0,0,small,unknown,technology,organisation,unknown,0,1095
2,366-730,response,3,2024-2026,1,SMALL,1.0,0,unknown,unknown,other,organisation,100k+,0,365
2,366-730,response,3,2024-2026,1,SMALL,1.0,0,unknown,unknown,other,organisation,unknown,0,164
2,366-730,response,3,2024-2026,1,UNKNOWN,2.8546875,1,unknown,unknown,finance,organisation,<1k,0,344
2,366-730,response,3,2024-2026,1,UNKNOWN,2.8546875,1,unknown,unknown,finance,organisation,unknown,0,237
2,366-730,response,3,2024-2026,1,UNKNOWN,2.8546875,1,unknown,unknown,government,other_or_unknown,unknown,1,152
2,366-730,response,3,2024-2026,1,UNKNOWN,2.8546875,1,unknown,unknown,health,organisation,100k+,0,516
2,366-730,response,3,2024-2026,1,UNKNOWN,2.8546875,1,unknown,unknown,health,organisation,1k-10k,1,15
2,366-730,response,3,2024-2026,1,UNKNOWN,2.8546875,1,unknown,unknown,health,organisation,unknown,0,685
2,366-730,response,3,2024-2026,1,UNKNOWN,2.8546875,1,unknown,unknown,other,organisation,100k+,0,676
2,366-730,response,3,2024-2026,1,UNKNOWN,2.8546875,1,unknown,unknown,other,organisation,1k-10k,0,273
2,366-730,response,3,2024-2026,1,UNKNOWN,2.8546875,1,unknown,unknown,other,organisation,unknown,0,408
2,366-730,response,3,2024-2026,1,UNKNOWN,2.8546875,1,unknown,unknown,other,other_or_unknown,unknown,0,216
2,366-730,response,3,2024-2026,1,UNKNOWN,2.8546875,1,unknown,unknown,technology,organisation,unknown,0,365
2,366-730,response,3,2024-2026,2,HUGE,4.0,0,very_large,unknown,finance,organisation,unknown,0,35
2,366-730,response,3,2024-2026,2,HUGE,4.0,0,very_large,unknown,government,government_body,1k-10k,0,365
2,366-730,response,3,2024-2026,2,HUGE,4.0,0,very_large,unknown,government,government_body,unknown,0,365
2,366-730,response,3,2024-2026,2,HUGE,4.0,0,very_large,unknown,government,organisation,100k+,0,365
2,366-730,response,3,2024-2026,2,HUGE,4.0,0,very_large,unknown,government,organisation,1k-10k,0,730
2,366-730,response,3,2024-2026,2,HUGE,4.0,0,very_large,unknown,government,organisation,<1k,0,90
2,366-730,response,3,2024-2026,2,HUGE,4.0,0,very_large,unknown,technology,organisation,100k+,0,78
2,366-730,response,3,2024-2026,2,HUGE,4.0,0,very_large,unknown,technology,organisation,10k-100k,0,540
2,366-730,response,3,2024-2026,2,HUGE,4.0,0,very_large,unknown,technology,organisation,unknown,0,619
2,366-730,response,3,2024-2026,2,HUGE,4.0,0,very_large,unknown,telecom_transport,organisation,100k+,1,305
2,366-730,response,3,2024-2026,2,LARGE,3.0,0,large,unknown,education,organisation,unknown,0,216
2,366-730,response,3,2024-2026,2,LARGE,3.0,0,large,unknown,government,organisation,unknown,1,31
2,366-730,response,3,2024-2026,2,MEDIUM,2.0,0,medium,unknown,health,organisation,100k+,0,365
2,366-730,response,3,2024-2026,2,MEDIUM,2.0,0,medium,unknown,industrial,organisation,unknown,0,216
2,366-730,response,3,2024-2026,2,UNKNOWN,2.8546875,1,unknown,unknown,government,other_or_unknown,unknown,0,65
2,366-730,response,3,2024-2026,2,UNKNOWN,2.8546875,1,unknown,unknown,health,organisation,unknown,0,324
2,366-730,response,3,2024-2026,3+,HUGE,4.0,0,very_large,unknown,finance,organisation,10k-100k,0,196
2,366-730,response,3,2024-2026,3+,HUGE,4.0,0,very_large,unknown,government,government_body,1k-10k,0,117
2,366-730,response,3,2024-2026,3+,HUGE,4.0,0,very_large,unknown,government,government_body,unknown,0,673
2,366-730,response,3,2024-2026,3+,HUGE,4.0,0,very_large,unknown,telecom_transport,organisation,100k+,0,65
2,366-730,response,3,2024-2026,3+,HUGE,4.0,0,very_large,unknown,telecom_transport,organisation,10k-100k,0,625
2,366-730,response,3,2024-2026,3+,LARGE,3.0,0,large,unknown,government,organisation,unknown,0,365
2,366-730,response,3,2024-2026,3+,LARGE,3.0,0,very_large,unknown,education,organisation,10k-100k,0,65
2,366-730,response,3,2024-2026,3+,LARGE,3.0,0,very_large,unknown,education,organisation,1k-10k,1,492
2,366-730,response,3,2024-2026,3+,LARGE,3.0,0,very_large,unknown,education,organisation,unknown,1,190
2,366-730,response,3,2024-2026,3+,LARGE,3.0,0,very_large,unknown,government,government_body,unknown,0,365
2,366-730,response,3,2024-2026,3+,UNKNOWN,2.8546875,1,unknown,unknown,government,government_body,unknown,1,162
3,731-1460,long_term,0,2012-2018,1,HUGE,4.0,0,very_large,unknown,finance,organisation,10k-100k,0,366
3,731-1460,long_term,0,2012-2018,1,HUGE,4.0,0,very_large,unknown,government,government_body,1k-10k,0,730
3,731-1460,long_term,0,2012-2018,1,HUGE,4.0,0,very_large,unknown,government,organisation,1k-10k,0,730
3,731-1460,long_term,0,2012-2018,1,HUGE,4.0,0,very_large,unknown,other,organisation,unknown,0,92
3,731-1460,long_term,0,2012-2018,1,HUGE,4.0,0,very_large,unknown,technology,organisation,100k+,0,1552
3,731-1460,long_term,0,2012-2018,1,HUGE,4.0,0,very_large,unknown,technology,organisation,unknown,0,730
3,731-1460,long_term,0,2012-2018,1,LARGE,3.0,0,very_large,unknown,education,organisation,1k-10k,0,730
3,731-1460,long_term,0,2012-2018,1,LARGE,3.0,0,very_large,unknown,education,organisation,unknown,0,730
3,731-1460,long_term,0,2012-2018,1,MEDIUM,2.0,0,small,unknown,finance,organisation,<1k,0,31
3,731-1460,long_term,0,2012-2018,1,SMALL,1.0,0,small,unknown,industrial,organisation,100k+,0,730
3,731-1460,long_term,1,2019-2021,1,HUGE,4.0,0,very_large,unknown,finance,organisation,10k-100k,0,364
3,731-1460,long_term,1,2019-2021,1,HUGE,4.0,0,very_large,unknown,government,organisation,10k-100k,1,408
3,731-1460,long_term,1,2019-2021,1,HUGE,4.0,0,very_large,unknown,government,organisation,unknown,0,1
3,731-1460,long_term,1,2019-2021,1,HUGE,4.0,0,very_large,unknown,health,organisation,1k-10k,0,62
3,731-1460,long_term,1,2019-2021,1,HUGE,4.0,0,very_large,unknown,other,organisation,1k-10k,0,730
3,731-1460,long_term,1,2019-2021,1,HUGE,4.0,0,very_large,unknown,other,organisation,unknown,0,1249
3,731-1460,long_term,1,2019-2021,1,HUGE,4.0,0,very_large,unknown,retail,organisation,100k+,0,854
3,731-1460,long_term,1,2019-2021,1,HUGE,4.0,0,very_large,unknown,technology,organisation,100k+,0,868
3,731-1460,long_term,1,2019-2021,1,HUGE,4.0,0,very_large,unknown,technology,organisation,unknown,0,2
3,731-1460,long_term,1,2019-2021,1,LARGE,3.0,0,large,unknown,government,organisation,unknown,0,123
3,731-1460,long_term,1,2019-2021,1,LARGE,3.0,0,large,unknown,technology,organisation,unknown,0,123
3,731-1460,long_term,1,2019-2021,1,LARGE,3.0,0,unknown,unknown,education,organisation,10k-100k,1,457
3,731-1460,long_term,1,2019-2021,1,LARGE,3.0,0,very_large,unknown,government,government_body,1k-10k,0,366
3,731-1460,long_term,1,2019-2021,1,MEDIUM,2.0,0,small,unknown,finance,organisation,<1k,0,699
3,731-1460,long_term,1,2019-2021,1,SMALL,1.0,0,small,unknown,government,organisation,10k-100k,0,730
3,731-1460,long_term,1,2019-2021,1,SMALL,1.0,0,small,unknown,health,organisation,10k-100k,0,366
3,731-1460,long_term,1,2019-2021,1,SMALL,1.0,0,small,unknown,health,organisation,unknown,0,1
3,731-1460,long_term,1,2019-2021,1,UNKNOWN,2.8546875,1,unknown,unknown,finance,organisation,100k+,0,21
3,731-1460,long_term,1,2019-2021,1,UNKNOWN,2.8546875,1,unknown,unknown,technology,other_or_unknown,100k+,0,123
3,731-1460,long_term,1,2019-2021,2,HUGE,4.0,0,very_large,unknown,government,government_body,unknown,0,1
3,731-1460,long_term,1,2019-2021,2,HUGE,4.0,0,very_large,unknown,telecom_transport,organisation,100k+,0,93
3,731-1460,long_term,2,2022-2023,1,HUGE,4.0,0,unknown,unknown,government,organisation,unknown,0,178
3,731-1460,long_term,2,2022-2023,1,HUGE,4.0,0,very_large,unknown,education,organisation,unknown,0,316
3,731-1460,long_term,2,2022-2023,1,HUGE,4.0,0,very_large,unknown,finance,organisation,10k-100k,0,730
3,731-1460,long_term,2,2022-2023,1,HUGE,4.0,0,very_large,unknown,government,government_body,10k-100k,0,699
3,731-1460,long_term,2,2022-2023,1,HUGE,4.0,0,very_large,unknown,government,government_body,unknown,0,61
3,731-1460,long_term,2,2022-2023,1,HUGE,4.0,0,very_large,unknown,government,organisation,10k-100k,0,98
3,731-1460,long_term,2,2022-2023,1,HUGE,4.0,0,very_large,unknown,government,organisation,1k-10k,0,640
3,731-1460,long_term,2,2022-2023,1,HUGE,4.0,0,very_large,unknown,government,organisation,unknown,3,1894
3,731-1460,long_term,2,2022-2023,1,HUGE,4.0,0,very_large,unknown,health,organisation,10k-100k,0,291
3,731-1460,long_term,2,2022-2023,1,HUGE,4.0,0,very_large,unknown,health,organisation,1k-10k,0,668
3,731-1460,long_term,2,2022-2023,1,HUGE,4.0,0,very_large,unknown,health,organisation,unknown,0,381
3,731-1460,long_term,2,2022-2023,1,HUGE,4.0,0,very_large,unknown,media,organisation,unknown,0,980
3,731-1460,long_term,2,2022-2023,1,HUGE,4.0,0,very_large,unknown,other,organisation,100k+,0,577
3,731-1460,long_term,2,2022-2023,1,HUGE,4.0,0,very_large,unknown,other,organisation,10k-100k,0,701
3,731-1460,long_term,2,2022-2023,1,HUGE,4.0,0,very_large,unknown,other,organisation,1k-10k,0,334
3,731-1460,long_term,2,2022-2023,1,HUGE,4.0,0,very_large,unknown,other,organisation,unknown,0,4293
3,731-1460,long_term,2,2022-2023,1,HUGE,4.0,0,very_large,unknown,retail,organisation,100k+,0,606
3,731-1460,long_term,2,2022-2023,1,HUGE,4.0,0,very_large,unknown,retail,organisation,unknown,0,579
3,731-1460,long_term,2,2022-2023,1,HUGE,4.0,0,very_large,unknown,technology,organisation,100k+,0,3341
3,731-1460,long_term,2,2022-2023,1,HUGE,4.0,0,very_large,unknown,technology,organisation,10k-100k,0,143
3,731-1460,long_term,2,2022-2023,1,HUGE,4.0,0,very_large,unknown,technology,organisation,unknown,0,1255
3,731-1460,long_term,2,2022-2023,1,LARGE,3.0,0,large,unknown,government,organisation,unknown,1,1095
3,731-1460,long_term,2,2022-2023,1,LARGE,3.0,0,large,unknown,industrial,organisation,unknown,0,461
3,731-1460,long_term,2,2022-2023,1,LARGE,3.0,0,large,unknown,other,organisation,unknown,0,1886
3,731-1460,long_term,2,2022-2023,1,LARGE,3.0,0,large,unknown,technology,organisation,100k+,0,460
3,731-1460,long_term,2,2022-2023,1,LARGE,3.0,0,large,unknown,technology,organisation,unknown,0,607
3,731-1460,long_term,2,2022-2023,1,LARGE,3.0,0,medium,unknown,other,organisation,100k+,0,346
3,731-1460,long_term,2,2022-2023,1,LARGE,3.0,0,medium,unknown,other,organisation,unknown,0,426
3,731-1460,long_term,2,2022-2023,1,LARGE,3.0,0,very_large,unknown,education,organisation,10k-100k,1,506
3,731-1460,long_term,2,2022-2023,1,LARGE,3.0,0,very_large,unknown,government,government_body,1k-10k,0,364
3,731-1460,long_term,2,2022-2023,1,LARGE,3.0,0,very_large,unknown,government,government_body,<1k,0,641
3,731-1460,long_term,2,2022-2023,1,LARGE,3.0,0,very_large,unknown,government,organisation,unknown,0,579
3,731-1460,long_term,2,2022-2023,1,LARGE,3.0,0,very_large,unknown,government,other_or_unknown,unknown,0,569
3,731-1460,long_term,2,2022-2023,1,LARGE,3.0,0,very_large,unknown,health,organisation,10k-100k,0,291
3,731-1460,long_term,2,2022-2023,1,LARGE,3.0,0,very_large,unknown,industrial,organisation,unknown,0,579
3,731-1460,long_term,2,2022-2023,1,LARGE,3.0,0,very_large,unknown,media,organisation,unknown,0,280
3,731-1460,long_term,2,2022-2023,1,LARGE,3.0,0,very_large,unknown,media,other_or_unknown,unknown,0,280
3,731-1460,long_term,2,2022-2023,1,LARGE,3.0,0,very_large,unknown,other,organisation,unknown,0,728
3,731-1460,long_term,2,2022-2023,1,LARGE,3.0,0,very_large,unknown,retail,organisation,unknown,0,565
3,731-1460,long_term,2,2022-2023,1,LARGE,3.0,0,very_large,unknown,technology,organisation,100k+,0,1554
3,731-1460,long_term,2,2022-2023,1,LARGE,3.0,0,very_large,unknown,technology,organisation,unknown,0,625
3,731-1460,long_term,2,2022-2023,1,LARGE,3.0,0,very_large,unknown,telecom_transport,organisation,<1k,0,701
3,731-1460,long_term,2,2022-2023,1,MEDIUM,2.0,0,medium,unknown,finance,organisation,100k+,0,579
3,731-1460,long_term,2,2022-2023,1,MEDIUM,2.0,0,medium,unknown,government,government_body,unknown,0,184
3,731-1460,long_term,2,2022-2023,1,MEDIUM,2.0,0,medium,unknown,government,organisation,10k-100k,0,43
3,731-1460,long_term,2,2022-2023,1,MEDIUM,2.0,0,medium,unknown,health,organisation,unknown,0,396
3,731-1460,long_term,2,2022-2023,1,MEDIUM,2.0,0,medium,unknown,other,organisation,<1k,0,480
3,731-1460,long_term,2,2022-2023,1,MEDIUM,2.0,0,medium,unknown,other,organisation,unknown,0,1178
3,731-1460,long_term,2,2022-2023,1,MEDIUM,2.0,0,medium,unknown,retail,organisation,unknown,0,595
3,731-1460,long_term,2,2022-2023,1,MEDIUM,2.0,0,medium,unknown,technology,organisation,100k+,0,930
3,731-1460,long_term,2,2022-2023,1,MEDIUM,2.0,0,medium,unknown,technology,organisation,unknown,0,606
3,731-1460,long_term,2,2022-2023,1,MEDIUM,2.0,0,small,unknown,other,organisation,<1k,0,549
3,731-1460,long_term,2,2022-2023,1,MEDIUM,2.0,0,small,unknown,other,organisation,unknown,0,610
3,731-1460,long_term,2,2022-2023,1,SMALL,1.0,0,small,unknown,finance,organisation,unknown,0,478
3,731-1460,long_term,2,2022-2023,1,SMALL,1.0,0,small,unknown,health,organisation,10k-100k,0,364
3,731-1460,long_term,2,2022-2023,1,SMALL,1.0,0,small,unknown,health,organisation,unknown,0,821
3,731-1460,long_term,2,2022-2023,1,SMALL,1.0,0,small,unknown,other,organisation,10k-100k,0,316
3,731-1460,long_term,2,2022-2023,1,SMALL,1.0,0,small,unknown,technology,organisation,100k+,0,3318
3,731-1460,long_term,2,2022-2023,1,SMALL,1.0,0,unknown,unknown,technology,organisation,<1k,0,554
3,731-1460,long_term,2,2022-2023,1,UNKNOWN,2.8546875,1,unknown,unknown,education,other_or_unknown,unknown,0,549
3,731-1460,long_term,2,2022-2023,1,UNKNOWN,2.8546875,1,unknown,unknown,finance,organisation,100k+,0,709
3,731-1460,long_term,2,2022-2023,1,UNKNOWN,2.8546875,1,unknown,unknown,finance,organisation,10k-100k,0,365
3,731-1460,long_term,2,2022-2023,1,UNKNOWN,2.8546875,1,unknown,unknown,finance,organisation,<1k,0,365
3,731-1460,long_term,2,2022-2023,1,UNKNOWN,2.8546875,1,unknown,unknown,health,organisation,10k-100k,0,291
3,731-1460,long_term,2,2022-2023,1,UNKNOWN,2.8546875,1,unknown,unknown,health,organisation,unknown,0,291
3,731-1460,long_term,2,2022-2023,1,UNKNOWN,2.8546875,1,unknown,unknown,media,organisation,100k+,0,535
3,731-1460,long_term,2,2022-2023,1,UNKNOWN,2.8546875,1,unknown,unknown,other,organisation,unknown,0,675
3,731-1460,long_term,2,2022-2023,1,UNKNOWN,2.8546875,1,unknown,unknown,technology,organisation,100k+,0,965
3,731-1460,long_term,2,2022-2023,1,UNKNOWN,2.8546875,1,unknown,unknown,technology,organisation,1k-10k,0,729
3,731-1460,long_term,2,2022-2023,1,UNKNOWN,2.8546875,1,unknown,unknown,technology,other_or_unknown,100k+,0,838
3,731-1460,long_term,2,2022-2023,2,HUGE,4.0,0,very_large,unknown,finance,organisation,10k-100k,1,669
3,731-1460,long_term,2,2022-2023,2,HUGE,4.0,0,very_large,unknown,government,government_body,unknown,0,729
3,731-1460,long_term,2,2022-2023,2,HUGE,4.0,0,very_large,unknown,government,organisation,1k-10k,0,323
3,731-1460,long_term,2,2022-2023,2,HUGE,4.0,0,very_large,unknown,telecom_transport,organisation,100k+,1,262
3,731-1460,long_term,2,2022-2023,2,LARGE,3.0,0,unknown,unknown,education,organisation,1k-10k,0,31
3,731-1460,long_term,2,2022-2023,2,LARGE,3.0,0,very_large,unknown,education,organisation,100k+,1,122
3,731-1460,long_term,2,2022-2023,2,LARGE,3.0,0,very_large,unknown,government,government_body,unknown,1,167
3,731-1460,long_term,2,2022-2023,2,LARGE,3.0,0,very_large,unknown,government,organisation,unknown,0,648
3,731-1460,long_term,2,2022-2023,2,MEDIUM,2.0,0,small,unknown,technology,organisation,unknown,0,700
3,731-1460,long_term,2,2022-2023,3+,LARGE,3.0,0,very_large,unknown,education,organisation,1k-10k,0,306
3,731-1460,long_term,2,2022-2023,3+,UNKNOWN,2.8546875,1,unknown,unknown,government,government_body,unknown,1,31
3,731-1460,long_term,3,2024-2026,1,HUGE,4.0,0,unknown,unknown,government,government_body,1k-10k,1,508
3,731-1460,long_term,3,2024-2026,1,HUGE,4.0,0,unknown,unknown,government,organisation,unknown,0,709
3,731-1460,long_term,3,2024-2026,1,HUGE,4.0,0,unknown,unknown,industrial,organisation,<1k,0,675
3,731-1460,long_term,3,2024-2026,1,HUGE,4.0,0,unknown,unknown,other,organisation,10k-100k,0,82
3,731-1460,long_term,3,2024-2026,1,HUGE,4.0,0,very_large,unknown,education,organisation,10k-100k,0,730
3,731-1460,long_term,3,2024-2026,1,HUGE,4.0,0,very_large,unknown,education,organisation,unknown,0,414
3,731-1460,long_term,3,2024-2026,1,HUGE,4.0,0,very_large,unknown,finance,organisation,10k-100k,1,456
3,731-1460,long_term,3,2024-2026,1,HUGE,4.0,0,very_large,unknown,government,government_body,100k+,0,730
3,731-1460,long_term,3,2024-2026,1,HUGE,4.0,0,very_large,unknown,government,government_body,10k-100k,1,324
3,731-1460,long_term,3,2024-2026,1,HUGE,4.0,0,very_large,unknown,government,government_body,unknown,1,2331
3,731-1460,long_term,3,2024-2026,1,HUGE,4.0,0,very_large,unknown,government,organisation,10k-100k,0,1640
3,731-1460,long_term,3,2024-2026,1,HUGE,4.0,0,very_large,unknown,government,organisation,1k-10k,0,90
3,731-1460,long_term,3,2024-2026,1,HUGE,4.0,0,very_large,unknown,government,organisation,<1k,0,730
3,731-1460,long_term,3,2024-2026,1,HUGE,4.0,0,very_large,unknown,government,organisation,unknown,0,915
3,731-1460,long_term,3,2024-2026,1,HUGE,4.0,0,very_large,unknown,health,organisation,10k-100k,0,669
3,731-1460,long_term,3,2024-2026,1,HUGE,4.0,0,very_large,unknown,health,organisation,unknown,0,992
3,731-1460,long_term,3,2024-2026,1,HUGE,4.0,0,very_large,unknown,media,organisation,unknown,0,480
3,731-1460,long_term,3,2024-2026,1,HUGE,4.0,0,very_large,unknown,other,organisation,100k+,0,153
3,731-1460,long_term,3,2024-2026,1,HUGE,4.0,0,very_large,unknown,other,organisation,10k-100k,0,82
3,731-1460,long_term,3,2024-2026,1,HUGE,4.0,0,very_large,unknown,other,organisation,1k-10k,0,396
3,731-1460,long_term,3,2024-2026,1,HUGE,4.0,0,very_large,unknown,other,organisation,unknown,0,7181
3,731-1460,long_term,3,2024-2026,1,HUGE,4.0,0,very_large,unknown,retail,organisation,<1k,0,730
3,731-1460,long_term,3,2024-2026,1,HUGE,4.0,0,very_large,unknown,retail,organisation,unknown,0,151
3,731-1460,long_term,3,2024-2026,1,HUGE,4.0,0,very_large,unknown,technology,organisation,100k+,0,3153
3,731-1460,long_term,3,2024-2026,1,HUGE,4.0,0,very_large,unknown,technology,organisation,10k-100k,0,1049
3,731-1460,long_term,3,2024-2026,1,HUGE,4.0,0,very_large,unknown,technology,organisation,<1k,0,730
3,731-1460,long_term,3,2024-2026,1,HUGE,4.0,0,very_large,unknown,technology,organisation,unknown,0,1751
3,731-1460,long_term,3,2024-2026,1,HUGE,4.0,0,very_large,unknown,telecom_transport,organisation,unknown,0,730
3,731-1460,long_term,3,2024-2026,1,LARGE,3.0,0,large,unknown,education,organisation,<1k,0,730
3,731-1460,long_term,3,2024-2026,1,LARGE,3.0,0,large,unknown,finance,organisation,100k+,0,780
3,731-1460,long_term,3,2024-2026,1,LARGE,3.0,0,large,unknown,finance,organisation,10k-100k,0,730
3,731-1460,long_term,3,2024-2026,1,LARGE,3.0,0,large,unknown,finance,organisation,<1k,0,551
3,731-1460,long_term,3,2024-2026,1,LARGE,3.0,0,large,unknown,finance,organisation,unknown,0,97
3,731-1460,long_term,3,2024-2026,1,LARGE,3.0,0,large,unknown,government,organisation,unknown,0,1753
3,731-1460,long_term,3,2024-2026,1,LARGE,3.0,0,large,unknown,health,organisation,100k+,0,730
3,731-1460,long_term,3,2024-2026,1,LARGE,3.0,0,large,unknown,health,organisation,unknown,0,514
3,731-1460,long_term,3,2024-2026,1,LARGE,3.0,0,large,unknown,industrial,organisation,unknown,0,999
3,731-1460,long_term,3,2024-2026,1,LARGE,3.0,0,large,unknown,other,organisation,100k+,0,492
3,731-1460,long_term,3,2024-2026,1,LARGE,3.0,0,large,unknown,other,organisation,10k-100k,0,674
3,731-1460,long_term,3,2024-2026,1,LARGE,3.0,0,large,unknown,other,organisation,1k-10k,0,723
3,731-1460,long_term,3,2024-2026,1,LARGE,3.0,0,large,unknown,other,organisation,unknown,0,3290
3,731-1460,long_term,3,2024-2026,1,LARGE,3.0,0,large,unknown,retail,organisation,100k+,0,466
3,731-1460,long_term,3,2024-2026,1,LARGE,3.0,0,large,unknown,retail,organisation,10k-100k,0,278
3,731-1460,long_term,3,2024-2026,1,LARGE,3.0,0,large,unknown,technology,organisation,100k+,0,523
3,731-1460,long_term,3,2024-2026,1,LARGE,3.0,0,large,unknown,technology,organisation,10k-100k,0,218
3,731-1460,long_term,3,2024-2026,1,LARGE,3.0,0,large,unknown,technology,organisation,unknown,0,465
3,731-1460,long_term,3,2024-2026,1,LARGE,3.0,0,medium,unknown,education,organisation,<1k,0,572
3,731-1460,long_term,3,2024-2026,1,LARGE,3.0,0,medium,unknown,other,organisation,100k+,0,384
3,731-1460,long_term,3,2024-2026,1,LARGE,3.0,0,medium,unknown,other,organisation,1k-10k,0,252
3,731-1460,long_term,3,2024-2026,1,LARGE,3.0,0,medium,unknown,other,organisation,unknown,0,736
3,731-1460,long_term,3,2024-2026,1,LARGE,3.0,0,unknown,unknown,other,organisation,100k+,0,2
3,731-1460,long_term,3,2024-2026,1,LARGE,3.0,0,unknown,unknown,other,organisation,1k-10k,0,569
3,731-1460,long_term,3,2024-2026,1,LARGE,3.0,0,very_large,unknown,education,organisation,100k+,1,114
3,731-1460,long_term,3,2024-2026,1,LARGE,3.0,0,very_large,unknown,education,organisation,10k-100k,0,1122
3,731-1460,long_term,3,2024-2026,1,LARGE,3.0,0,very_large,unknown,finance,organisation,10k-100k,1,566
3,731-1460,long_term,3,2024-2026,1,LARGE,3.0,0,very_large,unknown,finance,organisation,unknown,0,1373
3,731-1460,long_term,3,2024-2026,1,LARGE,3.0,0,very_large,unknown,government,government_body,<1k,0,366
3,731-1460,long_term,3,2024-2026,1,LARGE,3.0,0,very_large,unknown,government,government_body,unknown,0,102
3,731-1460,long_term,3,2024-2026,1,LARGE,3.0,0,very_large,unknown,government,organisation,10k-100k,0,877
3,731-1460,long_term,3,2024-2026,1,LARGE,3.0,0,very_large,unknown,government,organisation,<1k,0,294
3,731-1460,long_term,3,2024-2026,1,LARGE,3.0,0,very_large,unknown,government,organisation,unknown,1,1896
3,731-1460,long_term,3,2024-2026,1,LARGE,3.0,0,very_large,unknown,government,other_or_unknown,100k+,0,730
3,731-1460,long_term,3,2024-2026,1,LARGE,3.0,0,very_large,unknown,government,other_or_unknown,unknown,0,161
3,731-1460,long_term,3,2024-2026,1,LARGE,3.0,0,very_large,unknown,health,organisation,100k+,0,1460
3,731-1460,long_term,3,2024-2026,1,LARGE,3.0,0,very_large,unknown,health,organisation,10k-100k,0,778
3,731-1460,long_term,3,2024-2026,1,LARGE,3.0,0,very_large,unknown,health,organisation,<1k,0,305
3,731-1460,long_term,3,2024-2026,1,LARGE,3.0,0,very_large,unknown,industrial,organisation,1k-10k,0,613
3,731-1460,long_term,3,2024-2026,1,LARGE,3.0,0,very_large,unknown,industrial,organisation,unknown,0,151
3,731-1460,long_term,3,2024-2026,1,LARGE,3.0,0,very_large,unknown,media,organisation,<1k,0,594
3,731-1460,long_term,3,2024-2026,1,LARGE,3.0,0,very_large,unknown,media,organisation,unknown,0,450
3,731-1460,long_term,3,2024-2026,1,LARGE,3.0,0,very_large,unknown,media,other_or_unknown,unknown,0,450
3,731-1460,long_term,3,2024-2026,1,LARGE,3.0,0,very_large,unknown,other,organisation,100k+,0,330
3,731-1460,long_term,3,2024-2026,1,LARGE,3.0,0,very_large,unknown,other,organisation,unknown,0,3273
3,731-1460,long_term,3,2024-2026,1,LARGE,3.0,0,very_large,unknown,retail,organisation,100k+,0,339
3,731-1460,long_term,3,2024-2026,1,LARGE,3.0,0,very_large,unknown,retail,organisation,unknown,0,165
3,731-1460,long_term,3,2024-2026,1,LARGE,3.0,0,very_large,unknown,technology,organisation,100k+,0,636
3,731-1460,long_term,3,2024-2026,1,LARGE,3.0,0,very_large,unknown,technology,organisation,1k-10k,0,613
3,731-1460,long_term,3,2024-2026,1,LARGE,3.0,0,very_large,unknown,technology,organisation,unknown,0,1660
3,731-1460,long_term,3,2024-2026,1,LARGE,3.0,0,very_large,unknown,technology,other_or_unknown,unknown,0,523
3,731-1460,long_term,3,2024-2026,1,LARGE,3.0,0,very_large,unknown,telecom_transport,organisation,<1k,0,29
3,731-1460,long_term,3,2024-2026,1,MEDIUM,2.0,0,medium,unknown,education,organisation,<1k,0,100
3,731-1460,long_term,3,2024-2026,1,MEDIUM,2.0,0,medium,unknown,finance,organisation,100k+,0,235
3,731-1460,long_term,3,2024-2026,1,MEDIUM,2.0,0,medium,unknown,finance,organisation,10k-100k,0,444
3,731-1460,long_term,3,2024-2026,1,MEDIUM,2.0,0,medium,unknown,government,government_body,100k+,0,730
3,731-1460,long_term,3,2024-2026,1,MEDIUM,2.0,0,medium,unknown,government,government_body,unknown,0,1038
3,731-1460,long_term,3,2024-2026,1,MEDIUM,2.0,0,medium,unknown,government,organisation,10k-100k,0,1086
3,731-1460,long_term,3,2024-2026,1,MEDIUM,2.0,0,medium,unknown,government,organisation,unknown,0,853
3,731-1460,long_term,3,2024-2026,1,MEDIUM,2.0,0,medium,unknown,health,organisation,100k+,0,126
3,731-1460,long_term,3,2024-2026,1,MEDIUM,2.0,0,medium,unknown,health,organisation,10k-100k,0,129
3,731-1460,long_term,3,2024-2026,1,MEDIUM,2.0,0,medium,unknown,health,organisation,unknown,1,348
3,731-1460,long_term,3,2024-2026,1,MEDIUM,2.0,0,medium,unknown,industrial,organisation,10k-100k,0,84
3,731-1460,long_term,3,2024-2026,1,MEDIUM,2.0,0,medium,unknown,other,organisation,100k+,0,1239
3,731-1460,long_term,3,2024-2026,1,MEDIUM,2.0,0,medium,unknown,other,organisation,10k-100k,0,2243
3,731-1460,long_term,3,2024-2026,1,MEDIUM,2.0,0,medium,unknown,other,organisation,1k-10k,0,856
3,731-1460,long_term,3,2024-2026,1,MEDIUM,2.0,0,medium,unknown,other,organisation,<1k,0,250
3,731-1460,long_term,3,2024-2026,1,MEDIUM,2.0,0,medium,unknown,other,organisation,unknown,0,5228
3,731-1460,long_term,3,2024-2026,1,MEDIUM,2.0,0,medium,unknown,retail,organisation,100k+,0,709
3,731-1460,long_term,3,2024-2026,1,MEDIUM,2.0,0,medium,unknown,retail,organisation,unknown,0,135
3,731-1460,long_term,3,2024-2026,1,MEDIUM,2.0,0,medium,unknown,technology,organisation,100k+,0,775
3,731-1460,long_term,3,2024-2026,1,MEDIUM,2.0,0,medium,unknown,technology,organisation,unknown,0,1540
3,731-1460,long_term,3,2024-2026,1,MEDIUM,2.0,0,small,unknown,finance,organisation,1k-10k,0,452
3,731-1460,long_term,3,2024-2026,1,MEDIUM,2.0,0,small,unknown,government,government_body,unknown,0,492
3,731-1460,long_term,3,2024-2026,1,MEDIUM,2.0,0,small,unknown,health,organisation,100k+,0,339
3,731-1460,long_term,3,2024-2026,1,MEDIUM,2.0,0,small,unknown,other,organisation,100k+,0,112
3,731-1460,long_term,3,2024-2026,1,MEDIUM,2.0,0,small,unknown,other,organisation,10k-100k,0,765
3,731-1460,long_term,3,2024-2026,1,MEDIUM,2.0,0,small,unknown,other,organisation,<1k,0,181
3,731-1460,long_term,3,2024-2026,1,MEDIUM,2.0,0,small,unknown,other,organisation,unknown,0,162
3,731-1460,long_term,3,2024-2026,1,MEDIUM,2.0,0,small,unknown,retail,organisation,unknown,0,158
3,731-1460,long_term,3,2024-2026,1,MEDIUM,2.0,0,small,unknown,technology,organisation,100k+,0,51
3,731-1460,long_term,3,2024-2026,1,MEDIUM,2.0,0,small,unknown,technology,organisation,unknown,0,41
3,731-1460,long_term,3,2024-2026,1,MEDIUM,2.0,0,unknown,unknown,other,organisation,1k-10k,0,234
3,731-1460,long_term,3,2024-2026,1,MEDIUM,2.0,0,unknown,unknown,other,organisation,unknown,0,172
3,731-1460,long_term,3,2024-2026,1,MEDIUM,2.0,0,unknown,unknown,retail,organisation,unknown,0,192
3,731-1460,long_term,3,2024-2026,1,SMALL,1.0,0,small,unknown,finance,organisation,unknown,0,252
3,731-1460,long_term,3,2024-2026,1,SMALL,1.0,0,small,unknown,health,organisation,1k-10k,0,22
3,731-1460,long_term,3,2024-2026,1,SMALL,1.0,0,small,unknown,health,organisation,unknown,0,875
3,731-1460,long_term,3,2024-2026,1,SMALL,1.0,0,small,unknown,other,organisation,10k-100k,0,2604
3,731-1460,long_term,3,2024-2026,1,SMALL,1.0,0,small,unknown,other,organisation,1k-10k,0,723
3,731-1460,long_term,3,2024-2026,1,SMALL,1.0,0,small,unknown,other,organisation,<1k,0,115
3,731-1460,long_term,3,2024-2026,1,SMALL,1.0,0,small,unknown,technology,organisation,100k+,0,1062
3,731-1460,long_term,3,2024-2026,1,SMALL,1.0,0,small,unknown,technology,organisation,10k-100k,0,730
3,731-1460,long_term,3,2024-2026,1,SMALL,1.0,0,small,unknown,technology,organisation,unknown,0,628
3,731-1460,long_term,3,2024-2026,1,SMALL,1.0,0,unknown,unknown,other,organisation,100k+,0,98
3,731-1460,long_term,3,2024-2026,1,SMALL,1.0,0,unknown,unknown,technology,organisation,<1k,0,176
3,731-1460,long_term,3,2024-2026,1,UNKNOWN,2.8546875,1,unknown,unknown,education,other_or_unknown,unknown,0,181
3,731-1460,long_term,3,2024-2026,1,UNKNOWN,2.8546875,1,unknown,unknown,finance,organisation,10k-100k,0,365
3,731-1460,long_term,3,2024-2026,1,UNKNOWN,2.8546875,1,unknown,unknown,finance,organisation,<1k,0,365
3,731-1460,long_term,3,2024-2026,1,UNKNOWN,2.8546875,1,unknown,unknown,health,organisation,100k+,0,917
3,731-1460,long_term,3,2024-2026,1,UNKNOWN,2.8546875,1,unknown,unknown,health,organisation,10k-100k,0,439
3,731-1460,long_term,3,2024-2026,1,UNKNOWN,2.8546875,1,unknown,unknown,health,organisation,unknown,0,1173
3,731-1460,long_term,3,2024-2026,1,UNKNOWN,2.8546875,1,unknown,unknown,media,organisation,100k+,0,195
3,731-1460,long_term,3,2024-2026,1,UNKNOWN,2.8546875,1,unknown,unknown,other,organisation,100k+,0,196
3,731-1460,long_term,3,2024-2026,1,UNKNOWN,2.8546875,1,unknown,unknown,other,organisation,1k-10k,0,674
3,731-1460,long_term,3,2024-2026,1,UNKNOWN,2.8546875,1,unknown,unknown,other,organisation,unknown,0,785
3,731-1460,long_term,3,2024-2026,1,UNKNOWN,2.8546875,1,unknown,unknown,technology,organisation,100k+,0,495
3,731-1460,long_term,3,2024-2026,1,UNKNOWN,2.8546875,1,unknown,unknown,technology,organisation,1k-10k,0,1
3,731-1460,long_term,3,2024-2026,1,UNKNOWN,2.8546875,1,unknown,unknown,technology,organisation,unknown,0,96
3,731-1460,long_term,3,2024-2026,1,UNKNOWN,2.8546875,1,unknown,unknown,technology,other_or_unknown,100k+,0,1229
3,731-1460,long_term,3,2024-2026,2,HUGE,4.0,0,very_large,unknown,finance,organisation,10k-100k,0,365
3,731-1460,long_term,3,2024-2026,2,HUGE,4.0,0,very_large,unknown,government,government_body,1k-10k,1,100
3,731-1460,long_term,3,2024-2026,2,HUGE,4.0,0,very_large,unknown,government,government_body,unknown,0,25
3,731-1460,long_term,3,2024-2026,2,HUGE,4.0,0,very_large,unknown,government,organisation,100k+,0,553
3,731-1460,long_term,3,2024-2026,2,HUGE,4.0,0,very_large,unknown,government,organisation,1k-10k,0,1420
3,731-1460,long_term,3,2024-2026,2,HUGE,4.0,0,very_large,unknown,government,organisation,<1k,0,730
3,731-1460,long_term,3,2024-2026,2,HUGE,4.0,0,very_large,unknown,technology,organisation,100k+,1,653
3,731-1460,long_term,3,2024-2026,2,HUGE,4.0,0,very_large,unknown,technology,organisation,unknown,0,1129
3,731-1460,long_term,3,2024-2026,2,LARGE,3.0,0,unknown,unknown,education,organisation,1k-10k,0,699
3,731-1460,long_term,3,2024-2026,2,LARGE,3.0,0,very_large,unknown,government,organisation,unknown,0,82
3,731-1460,long_term,3,2024-2026,2,MEDIUM,2.0,0,medium,unknown,health,organisation,100k+,0,126
3,731-1460,long_term,3,2024-2026,2,MEDIUM,2.0,0,small,unknown,technology,organisation,unknown,0,30
3,731-1460,long_term,3,2024-2026,3+,HUGE,4.0,0,very_large,unknown,government,government_body,unknown,1,334
3,731-1460,long_term,3,2024-2026,3+,HUGE,4.0,0,very_large,unknown,telecom_transport,organisation,10k-100k,0,599
3,731-1460,long_term,3,2024-2026,3+,LARGE,3.0,0,large,unknown,government,organisation,unknown,0,35
3,731-1460,long_term,3,2024-2026,3+,LARGE,3.0,0,very_large,unknown,education,organisation,1k-10k,1,242
3,731-1460,long_term,3,2024-2026,3+,LARGE,3.0,0,very_large,unknown,education,organisation,unknown,0,730
3,731-1460,long_term,3,2024-2026,3+,LARGE,3.0,0,very_large,unknown,government,government_body,unknown,0,234
4,>1460,long_term,0,2012-2018,1,HUGE,4.0,0,very_large,unknown,government,government_body,1k-10k,0,326
4,>1460,long_term,0,2012-2018,1,HUGE,4.0,0,very_large,unknown,government,organisation,1k-10k,0,326
4,>1460,long_term,0,2012-2018,1,HUGE,4.0,0,very_large,unknown,technology,organisation,100k+,0,852
4,>1460,long_term,0,2012-2018,1,HUGE,4.0,0,very_large,unknown,technology,organisation,unknown,0,1097
4,>1460,long_term,0,2012-2018,1,LARGE,3.0,0,very_large,unknown,education,organisation,1k-10k,0,731
4,>1460,long_term,0,2012-2018,1,LARGE,3.0,0,very_large,unknown,education,organisation,unknown,0,731
4,>1460,long_term,0,2012-2018,1,SMALL,1.0,0,small,unknown,industrial,organisation,100k+,0,422
4,>1460,long_term,1,2019-2021,1,HUGE,4.0,0,very_large,unknown,finance,organisation,10k-100k,1,367
4,>1460,long_term,1,2019-2021,1,HUGE,4.0,0,very_large,unknown,government,government_body,1k-10k,1,365
4,>1460,long_term,1,2019-2021,1,HUGE,4.0,0,very_large,unknown,government,organisation,1k-10k,0,1096
4,>1460,long_term,1,2019-2021,1,HUGE,4.0,0,very_large,unknown,other,organisation,1k-10k,0,284
4,>1460,long_term,1,2019-2021,1,HUGE,4.0,0,very_large,unknown,other,organisation,unknown,0,458
4,>1460,long_term,1,2019-2021,1,HUGE,4.0,0,very_large,unknown,technology,organisation,100k+,0,2650
4,>1460,long_term,1,2019-2021,1,HUGE,4.0,0,very_large,unknown,technology,organisation,unknown,0,1096
4,>1460,long_term,1,2019-2021,1,LARGE,3.0,0,very_large,unknown,education,organisation,1k-10k,1,578
4,>1460,long_term,1,2019-2021,1,LARGE,3.0,0,very_large,unknown,education,organisation,unknown,1,578
4,>1460,long_term,1,2019-2021,1,MEDIUM,2.0,0,small,unknown,finance,organisation,<1k,0,397
4,>1460,long_term,1,2019-2021,1,SMALL,1.0,0,small,unknown,government,organisation,10k-100k,0,1
4,>1460,long_term,1,2019-2021,1,SMALL,1.0,0,small,unknown,industrial,organisation,100k+,0,1096
4,>1460,long_term,2,2022-2023,1,HUGE,4.0,0,very_large,unknown,government,organisation,1k-10k,0,730
4,>1460,long_term,2,2022-2023,1,HUGE,4.0,0,very_large,unknown,government,organisation,unknown,0,1
4,>1460,long_term,2,2022-2023,1,HUGE,4.0,0,very_large,unknown,health,organisation,1k-10k,0,62
4,>1460,long_term,2,2022-2023,1,HUGE,4.0,0,very_large,unknown,other,organisation,1k-10k,0,730
4,>1460,long_term,2,2022-2023,1,HUGE,4.0,0,very_large,unknown,other,organisation,unknown,0,1341
4,>1460,long_term,2,2022-2023,1,HUGE,4.0,0,very_large,unknown,retail,organisation,100k+,0,854
4,>1460,long_term,2,2022-2023,1,HUGE,4.0,0,very_large,unknown,technology,organisation,100k+,1,1944
4,>1460,long_term,2,2022-2023,1,HUGE,4.0,0,very_large,unknown,technology,organisation,unknown,0,732
4,>1460,long_term,2,2022-2023,1,LARGE,3.0,0,large,unknown,technology,organisation,unknown,0,123
4,>1460,long_term,2,2022-2023,1,LARGE,3.0,0,very_large,unknown,government,government_body,1k-10k,0,366
4,>1460,long_term,2,2022-2023,1,MEDIUM,2.0,0,small,unknown,finance,organisation,<1k,0,730
4,>1460,long_term,2,2022-2023,1,SMALL,1.0,0,small,unknown,government,organisation,10k-100k,0,730
4,>1460,long_term,2,2022-2023,1,SMALL,1.0,0,small,unknown,health,organisation,10k-100k,0,366
4,>1460,long_term,2,2022-2023,1,SMALL,1.0,0,small,unknown,health,organisation,unknown,0,1
4,>1460,long_term,2,2022-2023,1,SMALL,1.0,0,small,unknown,industrial,organisation,100k+,0,730
4,>1460,long_term,2,2022-2023,1,UNKNOWN,2.8546875,1,unknown,unknown,finance,organisation,100k+,0,21
4,>1460,long_term,2,2022-2023,1,UNKNOWN,2.8546875,1,unknown,unknown,technology,other_or_unknown,100k+,0,123
4,>1460,long_term,2,2022-2023,2,HUGE,4.0,0,very_large,unknown,government,government_body,unknown,0,1
4,>1460,long_term,3,2024-2026,1,HUGE,4.0,0,unknown,unknown,government,organisation,unknown,0,395
4,>1460,long_term,3,2024-2026,1,HUGE,4.0,0,very_large,unknown,education,organisation,10k-100k,0,27
4,>1460,long_term,3,2024-2026,1,HUGE,4.0,0,very_large,unknown,education,organisation,unknown,0,533
4,>1460,long_term,3,2024-2026,1,HUGE,4.0,0,very_large,unknown,finance,organisation,10k-100k,1,91
4,>1460,long_term,3,2024-2026,1,HUGE,4.0,0,very_large,unknown,government,government_body,100k+,0,172
4,>1460,long_term,3,2024-2026,1,HUGE,4.0,0,very_large,unknown,government,government_body,10k-100k,1,629
4,>1460,long_term,3,2024-2026,1,HUGE,4.0,0,very_large,unknown,government,government_body,unknown,0,278
4,>1460,long_term,3,2024-2026,1,HUGE,4.0,0,very_large,unknown,government,organisation,10k-100k,0,532
4,>1460,long_term,3,2024-2026,1,HUGE,4.0,0,very_large,unknown,government,organisation,1k-10k,0,1804
4,>1460,long_term,3,2024-2026,1,HUGE,4.0,0,very_large,unknown,government,organisation,<1k,0,127
4,>1460,long_term,3,2024-2026,1,HUGE,4.0,0,very_large,unknown,government,organisation,unknown,0,1743
4,>1460,long_term,3,2024-2026,1,HUGE,4.0,0,very_large,unknown,health,organisation,10k-100k,0,508
4,>1460,long_term,3,2024-2026,1,HUGE,4.0,0,very_large,unknown,health,organisation,1k-10k,0,947
4,>1460,long_term,3,2024-2026,1,HUGE,4.0,0,very_large,unknown,health,organisation,unknown,1,249
4,>1460,long_term,3,2024-2026,1,HUGE,4.0,0,very_large,unknown,media,organisation,unknown,0,1414
4,>1460,long_term,3,2024-2026,1,HUGE,4.0,0,very_large,unknown,other,organisation,100k+,0,794
4,>1460,long_term,3,2024-2026,1,HUGE,4.0,0,very_large,unknown,other,organisation,10k-100k,0,918
4,>1460,long_term,3,2024-2026,1,HUGE,4.0,0,very_large,unknown,other,organisation,1k-10k,0,1498
4,>1460,long_term,3,2024-2026,1,HUGE,4.0,0,very_large,unknown,other,organisation,unknown,1,8175
4,>1460,long_term,3,2024-2026,1,HUGE,4.0,0,very_large,unknown,retail,organisation,100k+,0,1894
4,>1460,long_term,3,2024-2026,1,HUGE,4.0,0,very_large,unknown,retail,organisation,<1k,0,36
4,>1460,long_term,3,2024-2026,1,HUGE,4.0,0,very_large,unknown,retail,organisation,unknown,0,796
4,>1460,long_term,3,2024-2026,1,HUGE,4.0,0,very_large,unknown,technology,organisation,100k+,2,6231
4,>1460,long_term,3,2024-2026,1,HUGE,4.0,0,very_large,unknown,technology,organisation,10k-100k,0,360
4,>1460,long_term,3,2024-2026,1,HUGE,4.0,0,very_large,unknown,technology,organisation,<1k,0,198
4,>1460,long_term,3,2024-2026,1,HUGE,4.0,0,very_large,unknown,technology,organisation,unknown,0,2638
4,>1460,long_term,3,2024-2026,1,HUGE,4.0,0,very_large,unknown,telecom_transport,organisation,unknown,0,186
4,>1460,long_term,3,2024-2026,1,LARGE,3.0,0,large,unknown,education,organisation,<1k,0,97
4,>1460,long_term,3,2024-2026,1,LARGE,3.0,0,large,unknown,finance,organisation,10k-100k,0,79
4,>1460,long_term,3,2024-2026,1,LARGE,3.0,0,large,unknown,government,organisation,unknown,0,954
4,>1460,long_term,3,2024-2026,1,LARGE,3.0,0,large,unknown,health,organisation,100k+,0,186
4,>1460,long_term,3,2024-2026,1,LARGE,3.0,0,large,unknown,industrial,organisation,unknown,0,895
4,>1460,long_term,3,2024-2026,1,LARGE,3.0,0,large,unknown,other,organisation,unknown,0,2754
4,>1460,long_term,3,2024-2026,1,LARGE,3.0,0,large,unknown,technology,organisation,100k+,0,677
4,>1460,long_term,3,2024-2026,1,LARGE,3.0,0,large,unknown,technology,organisation,unknown,0,947
4,>1460,long_term,3,2024-2026,1,LARGE,3.0,0,medium,unknown,other,organisation,100k+,0,563
4,>1460,long_term,3,2024-2026,1,LARGE,3.0,0,medium,unknown,other,organisation,unknown,0,643
4,>1460,long_term,3,2024-2026,1,LARGE,3.0,0,very_large,unknown,education,organisation,10k-100k,0,417
4,>1460,long_term,3,2024-2026,1,LARGE,3.0,0,very_large,unknown,finance,organisation,unknown,0,127
4,>1460,long_term,3,2024-2026,1,LARGE,3.0,0,very_large,unknown,government,government_body,1k-10k,0,947
4,>1460,long_term,3,2024-2026,1,LARGE,3.0,0,very_large,unknown,government,government_body,<1k,0,858
4,>1460,long_term,3,2024-2026,1,LARGE,3.0,0,very_large,unknown,government,organisation,unknown,0,796
4,>1460,long_term,3,2024-2026,1,LARGE,3.0,0,very_large,unknown,government,other_or_unknown,100k+,0,88
4,>1460,long_term,3,2024-2026,1,LARGE,3.0,0,very_large,unknown,government,other_or_unknown,unknown,0,786
4,>1460,long_term,3,2024-2026,1,LARGE,3.0,0,very_large,unknown,health,organisation,100k+,0,252
4,>1460,long_term,3,2024-2026,1,LARGE,3.0,0,very_large,unknown,health,organisation,10k-100k,0,508
4,>1460,long_term,3,2024-2026,1,LARGE,3.0,0,very_large,unknown,industrial,organisation,unknown,0,796
4,>1460,long_term,3,2024-2026,1,LARGE,3.0,0,very_large,unknown,media,organisation,unknown,0,497
4,>1460,long_term,3,2024-2026,1,LARGE,3.0,0,very_large,unknown,media,other_or_unknown,unknown,0,497
4,>1460,long_term,3,2024-2026,1,LARGE,3.0,0,very_large,unknown,other,organisation,unknown,0,1260
4,>1460,long_term,3,2024-2026,1,LARGE,3.0,0,very_large,unknown,retail,organisation,unknown,0,782
4,>1460,long_term,3,2024-2026,1,LARGE,3.0,0,very_large,unknown,technology,organisation,100k+,1,2053
4,>1460,long_term,3,2024-2026,1,LARGE,3.0,0,very_large,unknown,technology,organisation,unknown,0,1059
4,>1460,long_term,3,2024-2026,1,LARGE,3.0,0,very_large,unknown,telecom_transport,organisation,<1k,0,918
4,>1460,long_term,3,2024-2026,1,MEDIUM,2.0,0,medium,unknown,finance,organisation,100k+,0,796
4,>1460,long_term,3,2024-2026,1,MEDIUM,2.0,0,medium,unknown,government,government_body,100k+,0,97
4,>1460,long_term,3,2024-2026,1,MEDIUM,2.0,0,medium,unknown,government,government_body,unknown,0,401
4,>1460,long_term,3,2024-2026,1,MEDIUM,2.0,0,medium,unknown,government,organisation,10k-100k,0,260
4,>1460,long_term,3,2024-2026,1,MEDIUM,2.0,0,medium,unknown,other,organisation,10k-100k,0,230
4,>1460,long_term,3,2024-2026,1,MEDIUM,2.0,0,medium,unknown,other,organisation,1k-10k,0,133
4,>1460,long_term,3,2024-2026,1,MEDIUM,2.0,0,medium,unknown,other,organisation,<1k,0,697
4,>1460,long_term,3,2024-2026,1,MEDIUM,2.0,0,medium,unknown,other,organisation,unknown,0,2046
4,>1460,long_term,3,2024-2026,1,MEDIUM,2.0,0,medium,unknown,retail,organisation,unknown,0,812
4,>1460,long_term,3,2024-2026,1,MEDIUM,2.0,0,medium,unknown,technology,organisation,100k+,0,1364
4,>1460,long_term,3,2024-2026,1,MEDIUM,2.0,0,medium,unknown,technology,organisation,unknown,1,731
4,>1460,long_term,3,2024-2026,1,MEDIUM,2.0,0,small,unknown,finance,organisation,<1k,0,947
4,>1460,long_term,3,2024-2026,1,MEDIUM,2.0,0,small,unknown,other,organisation,<1k,0,766
4,>1460,long_term,3,2024-2026,1,MEDIUM,2.0,0,small,unknown,other,organisation,unknown,0,827
4,>1460,long_term,3,2024-2026,1,SMALL,1.0,0,small,unknown,finance,organisation,unknown,0,695
4,>1460,long_term,3,2024-2026,1,SMALL,1.0,0,small,unknown,government,organisation,10k-100k,0,947
4,>1460,long_term,3,2024-2026,1,SMALL,1.0,0,small,unknown,health,organisation,10k-100k,0,947
4,>1460,long_term,3,2024-2026,1,SMALL,1.0,0,small,unknown,health,organisation,unknown,0,1256
4,>1460,long_term,3,2024-2026,1,SMALL,1.0,0,small,unknown,industrial,organisation,100k+,0,947
4,>1460,long_term,3,2024-2026,1,SMALL,1.0,0,small,unknown,other,organisation,10k-100k,0,641
4,>1460,long_term,3,2024-2026,1,SMALL,1.0,0,small,unknown,technology,organisation,100k+,0,4620
4,>1460,long_term,3,2024-2026,1,SMALL,1.0,0,small,unknown,technology,organisation,10k-100k,0,83
4,>1460,long_term,3,2024-2026,1,SMALL,1.0,0,unknown,unknown,technology,organisation,<1k,0,771
4,>1460,long_term,3,2024-2026,1,UNKNOWN,2.8546875,1,unknown,unknown,education,other_or_unknown,unknown,0,766
4,>1460,long_term,3,2024-2026,1,UNKNOWN,2.8546875,1,unknown,unknown,finance,organisation,100k+,0,947
4,>1460,long_term,3,2024-2026,1,UNKNOWN,2.8546875,1,unknown,unknown,finance,organisation,10k-100k,0,582
4,>1460,long_term,3,2024-2026,1,UNKNOWN,2.8546875,1,unknown,unknown,finance,organisation,<1k,0,582
4,>1460,long_term,3,2024-2026,1,UNKNOWN,2.8546875,1,unknown,unknown,health,organisation,100k+,0,66
4,>1460,long_term,3,2024-2026,1,UNKNOWN,2.8546875,1,unknown,unknown,health,organisation,10k-100k,0,508
4,>1460,long_term,3,2024-2026,1,UNKNOWN,2.8546875,1,unknown,unknown,health,organisation,unknown,0,574
4,>1460,long_term,3,2024-2026,1,UNKNOWN,2.8546875,1,unknown,unknown,media,organisation,100k+,0,752
4,>1460,long_term,3,2024-2026,1,UNKNOWN,2.8546875,1,unknown,unknown,other,organisation,unknown,0,914
4,>1460,long_term,3,2024-2026,1,UNKNOWN,2.8546875,1,unknown,unknown,technology,organisation,100k+,0,1399
4,>1460,long_term,3,2024-2026,1,UNKNOWN,2.8546875,1,unknown,unknown,technology,organisation,1k-10k,0,946
4,>1460,long_term,3,2024-2026,1,UNKNOWN,2.8546875,1,unknown,unknown,technology,other_or_unknown,100k+,0,1612
4,>1460,long_term,3,2024-2026,2,HUGE,4.0,0,very_large,unknown,finance,organisation,10k-100k,1,32
4,>1460,long_term,3,2024-2026,2,HUGE,4.0,0,very_large,unknown,government,government_body,unknown,1,274
4,>1460,long_term,3,2024-2026,2,HUGE,4.0,0,very_large,unknown,government,organisation,1k-10k,0,540
4,>1460,long_term,3,2024-2026,2,HUGE,4.0,0,very_large,unknown,government,organisation,<1k,0,127
4,>1460,long_term,3,2024-2026,2,LARGE,3.0,0,unknown,unknown,education,organisation,1k-10k,0,248
4,>1460,long_term,3,2024-2026,2,LARGE,3.0,0,very_large,unknown,government,organisation,unknown,0,865
4,>1460,long_term,3,2024-2026,2,MEDIUM,2.0,0,small,unknown,technology,organisation,unknown,0,917
4,>1460,long_term,3,2024-2026,3+,LARGE,3.0,0,very_large,unknown,education,organisation,unknown,0,97
