elapsed_band_index,elapsed_band,u_shape_phase,delayed_peak_phase,calendar_band_index,calendar_band,event_number_cat,org_size,org_size_score,org_size_unknown,employee_size,turnover_size,sector_proxy,entity_kind_group,prior_records_band,events,exposure_days
0,0-90,immediate,immediate_0_90,0,2012-2018,1,HUGE,4.0,0,very_large,unknown,finance,organisation,10k-100k,0,90
0,0-90,immediate,immediate_0_90,0,2012-2018,1,HUGE,4.0,0,very_large,unknown,government,government_body,1k-10k,0,90
0,0-90,immediate,immediate_0_90,0,2012-2018,1,HUGE,4.0,0,very_large,unknown,government,organisation,10k-100k,0,90
0,0-90,immediate,immediate_0_90,0,2012-2018,1,HUGE,4.0,0,very_large,unknown,government,organisation,1k-10k,0,90
0,0-90,immediate,immediate_0_90,0,2012-2018,1,HUGE,4.0,0,very_large,unknown,other,organisation,1k-10k,0,90
0,0-90,immediate,immediate_0_90,0,2012-2018,1,HUGE,4.0,0,very_large,unknown,other,organisation,unknown,0,180
0,0-90,immediate,immediate_0_90,0,2012-2018,1,HUGE,4.0,0,very_large,unknown,retail,organisation,100k+,0,122
0,0-90,immediate,immediate_0_90,0,2012-2018,1,HUGE,4.0,0,very_large,unknown,technology,organisation,100k+,0,270
0,0-90,immediate,immediate_0_90,0,2012-2018,1,HUGE,4.0,0,very_large,unknown,technology,organisation,unknown,0,90
0,0-90,immediate,immediate_0_90,0,2012-2018,1,HUGE,4.0,0,very_large,unknown,telecom_transport,organisation,10k-100k,0,90
0,0-90,immediate,immediate_0_90,0,2012-2018,1,LARGE,3.0,0,unknown,unknown,education,organisation,10k-100k,0,90
0,0-90,immediate,immediate_0_90,0,2012-2018,1,LARGE,3.0,0,very_large,unknown,education,organisation,1k-10k,0,90
0,0-90,immediate,immediate_0_90,0,2012-2018,1,LARGE,3.0,0,very_large,unknown,education,organisation,unknown,0,90
0,0-90,immediate,immediate_0_90,0,2012-2018,1,MEDIUM,2.0,0,small,unknown,finance,organisation,<1k,0,90
0,0-90,immediate,immediate_0_90,0,2012-2018,1,SMALL,1.0,0,small,unknown,government,organisation,10k-100k,0,90
0,0-90,immediate,immediate_0_90,0,2012-2018,1,SMALL,1.0,0,small,unknown,industrial,organisation,100k+,0,90
0,0-90,immediate,immediate_0_90,1,2019-2021,1,HUGE,4.0,0,unknown,unknown,government,organisation,unknown,0,90
0,0-90,immediate,immediate_0_90,1,2019-2021,1,HUGE,4.0,0,very_large,unknown,education,organisation,unknown,0,90
0,0-90,immediate,immediate_0_90,1,2019-2021,1,HUGE,4.0,0,very_large,unknown,finance,organisation,10k-100k,0,270
0,0-90,immediate,immediate_0_90,1,2019-2021,1,HUGE,4.0,0,very_large,unknown,government,government_body,10k-100k,0,151
0,0-90,immediate,immediate_0_90,1,2019-2021,1,HUGE,4.0,0,very_large,unknown,government,government_body,unknown,0,61
0,0-90,immediate,immediate_0_90,1,2019-2021,1,HUGE,4.0,0,very_large,unknown,government,organisation,10k-100k,0,188
0,0-90,immediate,immediate_0_90,1,2019-2021,1,HUGE,4.0,0,very_large,unknown,government,organisation,1k-10k,0,90
0,0-90,immediate,immediate_0_90,1,2019-2021,1,HUGE,4.0,0,very_large,unknown,government,organisation,unknown,0,450
0,0-90,immediate,immediate_0_90,1,2019-2021,1,HUGE,4.0,0,very_large,unknown,health,organisation,10k-100k,0,90
0,0-90,immediate,immediate_0_90,1,2019-2021,1,HUGE,4.0,0,very_large,unknown,health,organisation,1k-10k,0,90
0,0-90,immediate,immediate_0_90,1,2019-2021,1,HUGE,4.0,0,very_large,unknown,health,organisation,unknown,0,90
0,0-90,immediate,immediate_0_90,1,2019-2021,1,HUGE,4.0,0,very_large,unknown,media,organisation,unknown,0,180
0,0-90,immediate,immediate_0_90,1,2019-2021,1,HUGE,4.0,0,very_large,unknown,other,organisation,100k+,0,90
0,0-90,immediate,immediate_0_90,1,2019-2021,1,HUGE,4.0,0,very_large,unknown,other,organisation,10k-100k,0,90
0,0-90,immediate,immediate_0_90,1,2019-2021,1,HUGE,4.0,0,very_large,unknown,other,organisation,1k-10k,0,90
0,0-90,immediate,immediate_0_90,1,2019-2021,1,HUGE,4.0,0,very_large,unknown,other,organisation,unknown,0,900
0,0-90,immediate,immediate_0_90,1,2019-2021,1,HUGE,4.0,0,very_large,unknown,retail,organisation,100k+,0,58
0,0-90,immediate,immediate_0_90,1,2019-2021,1,HUGE,4.0,0,very_large,unknown,retail,organisation,unknown,0,90
0,0-90,immediate,immediate_0_90,1,2019-2021,1,HUGE,4.0,0,very_large,unknown,technology,organisation,100k+,0,717
0,0-90,immediate,immediate_0_90,1,2019-2021,1,HUGE,4.0,0,very_large,unknown,technology,organisation,10k-100k,0,90
0,0-90,immediate,immediate_0_90,1,2019-2021,1,HUGE,4.0,0,very_large,unknown,technology,organisation,1k-10k,0,90
0,0-90,immediate,immediate_0_90,1,2019-2021,1,HUGE,4.0,0,very_large,unknown,technology,organisation,unknown,0,180
0,0-90,immediate,immediate_0_90,1,2019-2021,1,HUGE,4.0,0,very_large,unknown,telecom_transport,organisation,100k+,0,90
0,0-90,immediate,immediate_0_90,1,2019-2021,1,LARGE,3.0,0,large,unknown,government,organisation,unknown,0,180
0,0-90,immediate,immediate_0_90,1,2019-2021,1,LARGE,3.0,0,large,unknown,industrial,organisation,unknown,0,125
0,0-90,immediate,immediate_0_90,1,2019-2021,1,LARGE,3.0,0,large,unknown,other,organisation,unknown,0,360
0,0-90,immediate,immediate_0_90,1,2019-2021,1,LARGE,3.0,0,large,unknown,technology,organisation,100k+,0,90
0,0-90,immediate,immediate_0_90,1,2019-2021,1,LARGE,3.0,0,large,unknown,technology,organisation,unknown,0,90
0,0-90,immediate,immediate_0_90,1,2019-2021,1,LARGE,3.0,0,medium,unknown,other,organisation,100k+,0,90
0,0-90,immediate,immediate_0_90,1,2019-2021,1,LARGE,3.0,0,medium,unknown,other,organisation,unknown,0,90
0,0-90,immediate,immediate_0_90,1,2019-2021,1,LARGE,3.0,0,very_large,unknown,education,organisation,10k-100k,0,270
0,0-90,immediate,immediate_0_90,1,2019-2021,1,LARGE,3.0,0,very_large,unknown,government,government_body,1k-10k,0,90
0,0-90,immediate,immediate_0_90,1,2019-2021,1,LARGE,3.0,0,very_large,unknown,government,government_body,<1k,0,90
0,0-90,immediate,immediate_0_90,1,2019-2021,1,LARGE,3.0,0,very_large,unknown,government,government_body,unknown,0,90
0,0-90,immediate,immediate_0_90,1,2019-2021,1,LARGE,3.0,0,very_large,unknown,government,organisation,100k+,1,23
0,0-90,immediate,immediate_0_90,1,2019-2021,1,LARGE,3.0,0,very_large,unknown,government,organisation,unknown,0,90
0,0-90,immediate,immediate_0_90,1,2019-2021,1,LARGE,3.0,0,very_large,unknown,government,other_or_unknown,unknown,0,90
0,0-90,immediate,immediate_0_90,1,2019-2021,1,LARGE,3.0,0,very_large,unknown,health,organisation,10k-100k,0,90
0,0-90,immediate,immediate_0_90,1,2019-2021,1,LARGE,3.0,0,very_large,unknown,industrial,organisation,unknown,0,90
0,0-90,immediate,immediate_0_90,1,2019-2021,1,LARGE,3.0,0,very_large,unknown,media,organisation,unknown,0,90
0,0-90,immediate,immediate_0_90,1,2019-2021,1,LARGE,3.0,0,very_large,unknown,media,other_or_unknown,unknown,0,90
0,0-90,immediate,immediate_0_90,1,2019-2021,1,LARGE,3.0,0,very_large,unknown,other,organisation,unknown,0,180
0,0-90,immediate,immediate_0_90,1,2019-2021,1,LARGE,3.0,0,very_large,unknown,retail,organisation,unknown,0,90
0,0-90,immediate,immediate_0_90,1,2019-2021,1,LARGE,3.0,0,very_large,unknown,technology,organisation,100k+,0,270
0,0-90,immediate,immediate_0_90,1,2019-2021,1,LARGE,3.0,0,very_large,unknown,technology,organisation,unknown,0,180
0,0-90,immediate,immediate_0_90,1,2019-2021,1,LARGE,3.0,0,very_large,unknown,telecom_transport,organisation,<1k,0,90
0,0-90,immediate,immediate_0_90,1,2019-2021,1,MEDIUM,2.0,0,medium,unknown,finance,organisation,100k+,0,90
0,0-90,immediate,immediate_0_90,1,2019-2021,1,MEDIUM,2.0,0,medium,unknown,government,government_body,unknown,0,90
0,0-90,immediate,immediate_0_90,1,2019-2021,1,MEDIUM,2.0,0,medium,unknown,government,organisation,10k-100k,0,43
0,0-90,immediate,immediate_0_90,1,2019-2021,1,MEDIUM,2.0,0,medium,unknown,health,organisation,unknown,0,90
0,0-90,immediate,immediate_0_90,1,2019-2021,1,MEDIUM,2.0,0,medium,unknown,other,organisation,<1k,0,90
0,0-90,immediate,immediate_0_90,1,2019-2021,1,MEDIUM,2.0,0,medium,unknown,other,organisation,unknown,0,360
0,0-90,immediate,immediate_0_90,1,2019-2021,1,MEDIUM,2.0,0,medium,unknown,retail,organisation,unknown,0,90
0,0-90,immediate,immediate_0_90,1,2019-2021,1,MEDIUM,2.0,0,medium,unknown,technology,organisation,100k+,0,180
0,0-90,immediate,immediate_0_90,1,2019-2021,1,MEDIUM,2.0,0,medium,unknown,technology,organisation,unknown,0,90
0,0-90,immediate,immediate_0_90,1,2019-2021,1,MEDIUM,2.0,0,small,unknown,other,organisation,<1k,0,90
0,0-90,immediate,immediate_0_90,1,2019-2021,1,MEDIUM,2.0,0,small,unknown,other,organisation,unknown,0,90
0,0-90,immediate,immediate_0_90,1,2019-2021,1,MEDIUM,2.0,0,small,unknown,technology,organisation,unknown,0,90
0,0-90,immediate,immediate_0_90,1,2019-2021,1,SMALL,1.0,0,small,unknown,finance,organisation,unknown,0,90
0,0-90,immediate,immediate_0_90,1,2019-2021,1,SMALL,1.0,0,small,unknown,health,organisation,10k-100k,0,90
0,0-90,immediate,immediate_0_90,1,2019-2021,1,SMALL,1.0,0,small,unknown,health,organisation,unknown,0,180
0,0-90,immediate,immediate_0_90,1,2019-2021,1,SMALL,1.0,0,small,unknown,other,organisation,10k-100k,0,90
0,0-90,immediate,immediate_0_90,1,2019-2021,1,SMALL,1.0,0,small,unknown,technology,organisation,100k+,0,540
0,0-90,immediate,immediate_0_90,1,2019-2021,1,SMALL,1.0,0,unknown,unknown,technology,organisation,<1k,0,90
0,0-90,immediate,immediate_0_90,1,2019-2021,1,UNKNOWN,2.8546875,1,unknown,unknown,education,other_or_unknown,unknown,0,90
0,0-90,immediate,immediate_0_90,1,2019-2021,1,UNKNOWN,2.8546875,1,unknown,unknown,finance,organisation,100k+,0,90
0,0-90,immediate,immediate_0_90,1,2019-2021,1,UNKNOWN,2.8546875,1,unknown,unknown,finance,organisation,10k-100k,0,90
0,0-90,immediate,immediate_0_90,1,2019-2021,1,UNKNOWN,2.8546875,1,unknown,unknown,finance,organisation,<1k,0,90
0,0-90,immediate,immediate_0_90,1,2019-2021,1,UNKNOWN,2.8546875,1,unknown,unknown,government,government_body,unknown,0,90
0,0-90,immediate,immediate_0_90,1,2019-2021,1,UNKNOWN,2.8546875,1,unknown,unknown,health,organisation,10k-100k,0,90
0,0-90,immediate,immediate_0_90,1,2019-2021,1,UNKNOWN,2.8546875,1,unknown,unknown,health,organisation,unknown,0,90
0,0-90,immediate,immediate_0_90,1,2019-2021,1,UNKNOWN,2.8546875,1,unknown,unknown,media,organisation,100k+,0,90
0,0-90,immediate,immediate_0_90,1,2019-2021,1,UNKNOWN,2.8546875,1,unknown,unknown,other,organisation,unknown,0,90
0,0-90,immediate,immediate_0_90,1,2019-2021,1,UNKNOWN,2.8546875,1,unknown,unknown,technology,organisation,100k+,0,180
0,0-90,immediate,immediate_0_90,1,2019-2021,1,UNKNOWN,2.8546875,1,unknown,unknown,technology,organisation,1k-10k,0,90
0,0-90,immediate,immediate_0_90,1,2019-2021,1,UNKNOWN,2.8546875,1,unknown,unknown,technology,other_or_unknown,100k+,0,211
0,0-90,immediate,immediate_0_90,1,2019-2021,2,HUGE,4.0,0,very_large,unknown,finance,organisation,10k-100k,0,180
0,0-90,immediate,immediate_0_90,1,2019-2021,2,HUGE,4.0,0,very_large,unknown,government,government_body,unknown,0,90
0,0-90,immediate,immediate_0_90,1,2019-2021,2,HUGE,4.0,0,very_large,unknown,government,organisation,1k-10k,0,90
0,0-90,immediate,immediate_0_90,1,2019-2021,2,HUGE,4.0,0,very_large,unknown,telecom_transport,organisation,100k+,0,90
0,0-90,immediate,immediate_0_90,1,2019-2021,2,LARGE,3.0,0,unknown,unknown,education,organisation,1k-10k,0,31
0,0-90,immediate,immediate_0_90,1,2019-2021,2,LARGE,3.0,0,very_large,unknown,education,organisation,100k+,0,270
0,0-90,immediate,immediate_0_90,1,2019-2021,2,LARGE,3.0,0,very_large,unknown,government,government_body,unknown,0,90
0,0-90,immediate,immediate_0_90,1,2019-2021,2,LARGE,3.0,0,very_large,unknown,government,organisation,unknown,0,90
0,0-90,immediate,immediate_0_90,1,2019-2021,2,MEDIUM,2.0,0,small,unknown,technology,organisation,unknown,0,90
0,0-90,immediate,immediate_0_90,1,2019-2021,2,UNKNOWN,2.8546875,1,unknown,unknown,government,government_body,unknown,0,90
0,0-90,immediate,immediate_0_90,1,2019-2021,3+,LARGE,3.0,0,very_large,unknown,education,organisation,1k-10k,0,90
0,0-90,immediate,immediate_0_90,1,2019-2021,3+,UNKNOWN,2.8546875,1,unknown,unknown,government,government_body,unknown,0,90
0,0-90,immediate,immediate_0_90,2,2022-2023,1,HUGE,4.0,0,unknown,unknown,government,government_body,1k-10k,0,90
0,0-90,immediate,immediate_0_90,2,2022-2023,1,HUGE,4.0,0,unknown,unknown,industrial,organisation,<1k,0,90
0,0-90,immediate,immediate_0_90,2,2022-2023,1,HUGE,4.0,0,very_large,unknown,education,organisation,10k-100k,0,90
0,0-90,immediate,immediate_0_90,2,2022-2023,1,HUGE,4.0,0,very_large,unknown,government,government_body,100k+,0,180
0,0-90,immediate,immediate_0_90,2,2022-2023,1,HUGE,4.0,0,very_large,unknown,government,government_body,10k-100k,0,119
0,0-90,immediate,immediate_0_90,2,2022-2023,1,HUGE,4.0,0,very_large,unknown,government,government_body,1k-10k,0,90
0,0-90,immediate,immediate_0_90,2,2022-2023,1,HUGE,4.0,0,very_large,unknown,government,government_body,unknown,0,350
0,0-90,immediate,immediate_0_90,2,2022-2023,1,HUGE,4.0,0,very_large,unknown,government,organisation,10k-100k,0,143
0,0-90,immediate,immediate_0_90,2,2022-2023,1,HUGE,4.0,0,very_large,unknown,government,organisation,<1k,0,90
0,0-90,immediate,immediate_0_90,2,2022-2023,1,HUGE,4.0,0,very_large,unknown,government,organisation,unknown,0,180
0,0-90,immediate,immediate_0_90,2,2022-2023,1,HUGE,4.0,0,very_large,unknown,health,organisation,10k-100k,0,13
0,0-90,immediate,immediate_0_90,2,2022-2023,1,HUGE,4.0,0,very_large,unknown,health,organisation,unknown,0,90
0,0-90,immediate,immediate_0_90,2,2022-2023,1,HUGE,4.0,0,very_large,unknown,other,organisation,unknown,0,575
0,0-90,immediate,immediate_0_90,2,2022-2023,1,HUGE,4.0,0,very_large,unknown,retail,organisation,<1k,0,90
0,0-90,immediate,immediate_0_90,2,2022-2023,1,HUGE,4.0,0,very_large,unknown,technology,organisation,100k+,0,93
0,0-90,immediate,immediate_0_90,2,2022-2023,1,HUGE,4.0,0,very_large,unknown,technology,organisation,10k-100k,0,90
0,0-90,immediate,immediate_0_90,2,2022-2023,1,HUGE,4.0,0,very_large,unknown,technology,organisation,<1k,0,90
0,0-90,immediate,immediate_0_90,2,2022-2023,1,HUGE,4.0,0,very_large,unknown,technology,organisation,unknown,0,318
0,0-90,immediate,immediate_0_90,2,2022-2023,1,HUGE,4.0,0,very_large,unknown,telecom_transport,organisation,100k+,0,90
0,0-90,immediate,immediate_0_90,2,2022-2023,1,HUGE,4.0,0,very_large,unknown,telecom_transport,organisation,unknown,0,90
0,0-90,immediate,immediate_0_90,2,2022-2023,1,LARGE,3.0,0,large,unknown,education,organisation,<1k,0,90
0,0-90,immediate,immediate_0_90,2,2022-2023,1,LARGE,3.0,0,large,unknown,finance,organisation,100k+,0,90
0,0-90,immediate,immediate_0_90,2,2022-2023,1,LARGE,3.0,0,large,unknown,finance,organisation,10k-100k,0,90
0,0-90,immediate,immediate_0_90,2,2022-2023,1,LARGE,3.0,0,large,unknown,finance,organisation,<1k,0,90
0,0-90,immediate,immediate_0_90,2,2022-2023,1,LARGE,3.0,0,large,unknown,government,organisation,unknown,0,197
0,0-90,immediate,immediate_0_90,2,2022-2023,1,LARGE,3.0,0,large,unknown,health,organisation,100k+,0,90
0,0-90,immediate,immediate_0_90,2,2022-2023,1,LARGE,3.0,0,large,unknown,health,organisation,unknown,0,90
0,0-90,immediate,immediate_0_90,2,2022-2023,1,LARGE,3.0,0,large,unknown,industrial,organisation,unknown,0,55
0,0-90,immediate,immediate_0_90,2,2022-2023,1,LARGE,3.0,0,large,unknown,other,organisation,100k+,0,90
0,0-90,immediate,immediate_0_90,2,2022-2023,1,LARGE,3.0,0,large,unknown,other,organisation,10k-100k,0,90
0,0-90,immediate,immediate_0_90,2,2022-2023,1,LARGE,3.0,0,large,unknown,other,organisation,1k-10k,0,90
0,0-90,immediate,immediate_0_90,2,2022-2023,1,LARGE,3.0,0,large,unknown,other,organisation,unknown,0,331
0,0-90,immediate,immediate_0_90,2,2022-2023,1,LARGE,3.0,0,large,unknown,retail,organisation,100k+,0,90
0,0-90,immediate,immediate_0_90,2,2022-2023,1,LARGE,3.0,0,large,unknown,retail,organisation,10k-100k,0,61
0,0-90,immediate,immediate_0_90,2,2022-2023,1,LARGE,3.0,0,large,unknown,technology,organisation,10k-100k,0,1
0,0-90,immediate,immediate_0_90,2,2022-2023,1,LARGE,3.0,0,large,unknown,technology,organisation,unknown,0,31
0,0-90,immediate,immediate_0_90,2,2022-2023,1,LARGE,3.0,0,medium,unknown,education,organisation,<1k,0,90
0,0-90,immediate,immediate_0_90,2,2022-2023,1,LARGE,3.0,0,medium,unknown,other,organisation,1k-10k,0,35
0,0-90,immediate,immediate_0_90,2,2022-2023,1,LARGE,3.0,0,medium,unknown,other,organisation,unknown,0,90
0,0-90,immediate,immediate_0_90,2,2022-2023,1,LARGE,3.0,0,unknown,unknown,other,organisation,1k-10k,0,90
0,0-90,immediate,immediate_0_90,2,2022-2023,1,LARGE,3.0,0,very_large,unknown,education,organisation,10k-100k,0,90
0,0-90,immediate,immediate_0_90,2,2022-2023,1,LARGE,3.0,0,very_large,unknown,finance,organisation,10k-100k,0,90
0,0-90,immediate,immediate_0_90,2,2022-2023,1,LARGE,3.0,0,very_large,unknown,finance,organisation,unknown,0,180
0,0-90,immediate,immediate_0_90,2,2022-2023,1,LARGE,3.0,0,very_large,unknown,government,government_body,<1k,0,60
0,0-90,immediate,immediate_0_90,2,2022-2023,1,LARGE,3.0,0,very_large,unknown,government,organisation,10k-100k,0,151
0,0-90,immediate,immediate_0_90,2,2022-2023,1,LARGE,3.0,0,very_large,unknown,government,organisation,<1k,0,77
0,0-90,immediate,immediate_0_90,2,2022-2023,1,LARGE,3.0,0,very_large,unknown,government,organisation,unknown,0,301
0,0-90,immediate,immediate_0_90,2,2022-2023,1,LARGE,3.0,0,very_large,unknown,government,other_or_unknown,100k+,0,90
0,0-90,immediate,immediate_0_90,2,2022-2023,1,LARGE,3.0,0,very_large,unknown,health,organisation,100k+,0,180
0,0-90,immediate,immediate_0_90,2,2022-2023,1,LARGE,3.0,0,very_large,unknown,health,organisation,10k-100k,0,90
0,0-90,immediate,immediate_0_90,2,2022-2023,1,LARGE,3.0,0,very_large,unknown,health,organisation,<1k,0,88
0,0-90,immediate,immediate_0_90,2,2022-2023,1,LARGE,3.0,0,very_large,unknown,industrial,organisation,1k-10k,0,90
0,0-90,immediate,immediate_0_90,2,2022-2023,1,LARGE,3.0,0,very_large,unknown,media,organisation,<1k,0,90
0,0-90,immediate,immediate_0_90,2,2022-2023,1,LARGE,3.0,0,very_large,unknown,other,organisation,100k+,0,52
0,0-90,immediate,immediate_0_90,2,2022-2023,1,LARGE,3.0,0,very_large,unknown,other,organisation,unknown,0,300
0,0-90,immediate,immediate_0_90,2,2022-2023,1,LARGE,3.0,0,very_large,unknown,retail,organisation,100k+,0,90
0,0-90,immediate,immediate_0_90,2,2022-2023,1,LARGE,3.0,0,very_large,unknown,technology,organisation,1k-10k,0,90
0,0-90,immediate,immediate_0_90,2,2022-2023,1,LARGE,3.0,0,very_large,unknown,technology,organisation,unknown,0,151
0,0-90,immediate,immediate_0_90,2,2022-2023,1,LARGE,3.0,0,very_large,unknown,technology,other_or_unknown,unknown,0,90
0,0-90,immediate,immediate_0_90,2,2022-2023,1,MEDIUM,2.0,0,medium,unknown,finance,organisation,10k-100k,0,90
0,0-90,immediate,immediate_0_90,2,2022-2023,1,MEDIUM,2.0,0,medium,unknown,government,government_body,100k+,0,90
0,0-90,immediate,immediate_0_90,2,2022-2023,1,MEDIUM,2.0,0,medium,unknown,government,government_body,unknown,0,90
0,0-90,immediate,immediate_0_90,2,2022-2023,1,MEDIUM,2.0,0,medium,unknown,government,organisation,10k-100k,0,137
0,0-90,immediate,immediate_0_90,2,2022-2023,1,MEDIUM,2.0,0,medium,unknown,government,organisation,unknown,0,180
0,0-90,immediate,immediate_0_90,2,2022-2023,1,MEDIUM,2.0,0,medium,unknown,health,organisation,unknown,0,40
0,0-90,immediate,immediate_0_90,2,2022-2023,1,MEDIUM,2.0,0,medium,unknown,other,organisation,100k+,0,127
0,0-90,immediate,immediate_0_90,2,2022-2023,1,MEDIUM,2.0,0,medium,unknown,other,organisation,10k-100k,0,270
0,0-90,immediate,immediate_0_90,2,2022-2023,1,MEDIUM,2.0,0,medium,unknown,other,organisation,1k-10k,0,90
0,0-90,immediate,immediate_0_90,2,2022-2023,1,MEDIUM,2.0,0,medium,unknown,other,organisation,unknown,0,400
0,0-90,immediate,immediate_0_90,2,2022-2023,1,MEDIUM,2.0,0,medium,unknown,retail,organisation,100k+,0,90
0,0-90,immediate,immediate_0_90,2,2022-2023,1,MEDIUM,2.0,0,medium,unknown,technology,organisation,unknown,0,270
0,0-90,immediate,immediate_0_90,2,2022-2023,1,MEDIUM,2.0,0,small,unknown,finance,organisation,1k-10k,0,90
0,0-90,immediate,immediate_0_90,2,2022-2023,1,MEDIUM,2.0,0,small,unknown,government,government_body,unknown,0,90
0,0-90,immediate,immediate_0_90,2,2022-2023,1,MEDIUM,2.0,0,small,unknown,health,organisation,100k+,0,90
0,0-90,immediate,immediate_0_90,2,2022-2023,1,MEDIUM,2.0,0,small,unknown,other,organisation,10k-100k,0,90
0,0-90,immediate,immediate_0_90,2,2022-2023,1,MEDIUM,2.0,0,unknown,unknown,other,organisation,1k-10k,0,17
0,0-90,immediate,immediate_0_90,2,2022-2023,1,SMALL,1.0,0,small,unknown,health,organisation,unknown,0,20
0,0-90,immediate,immediate_0_90,2,2022-2023,1,SMALL,1.0,0,small,unknown,other,organisation,10k-100k,0,270
0,0-90,immediate,immediate_0_90,2,2022-2023,1,SMALL,1.0,0,small,unknown,other,organisation,1k-10k,0,90
0,0-90,immediate,immediate_0_90,2,2022-2023,1,SMALL,1.0,0,small,unknown,technology,organisation,10k-100k,0,90
0,0-90,immediate,immediate_0_90,2,2022-2023,1,SMALL,1.0,0,small,unknown,technology,organisation,unknown,0,90
0,0-90,immediate,immediate_0_90,2,2022-2023,1,UNKNOWN,2.8546875,1,unknown,unknown,health,organisation,100k+,0,90
0,0-90,immediate,immediate_0_90,2,2022-2023,1,UNKNOWN,2.8546875,1,unknown,unknown,health,organisation,1k-10k,0,90
0,0-90,immediate,immediate_0_90,2,2022-2023,1,UNKNOWN,2.8546875,1,unknown,unknown,health,organisation,unknown,0,90
0,0-90,immediate,immediate_0_90,2,2022-2023,1,UNKNOWN,2.8546875,1,unknown,unknown,other,organisation,1k-10k,0,90
0,0-90,immediate,immediate_0_90,2,2022-2023,1,UNKNOWN,2.8546875,1,unknown,unknown,other,organisation,unknown,0,90
0,0-90,immediate,immediate_0_90,2,2022-2023,1,UNKNOWN,2.8546875,1,unknown,unknown,technology,other_or_unknown,100k+,0,59
0,0-90,immediate,immediate_0_90,2,2022-2023,2,HUGE,4.0,0,very_large,unknown,government,government_body,1k-10k,0,90
0,0-90,immediate,immediate_0_90,2,2022-2023,2,HUGE,4.0,0,very_large,unknown,government,government_body,unknown,1,15
0,0-90,immediate,immediate_0_90,2,2022-2023,2,HUGE,4.0,0,very_large,unknown,government,organisation,100k+,0,90
0,0-90,immediate,immediate_0_90,2,2022-2023,2,HUGE,4.0,0,very_large,unknown,government,organisation,1k-10k,0,180
0,0-90,immediate,immediate_0_90,2,2022-2023,2,HUGE,4.0,0,very_large,unknown,government,organisation,<1k,0,90
0,0-90,immediate,immediate_0_90,2,2022-2023,2,HUGE,4.0,0,very_large,unknown,technology,organisation,100k+,0,90
0,0-90,immediate,immediate_0_90,2,2022-2023,2,HUGE,4.0,0,very_large,unknown,technology,organisation,unknown,0,180
0,0-90,immediate,immediate_0_90,2,2022-2023,2,HUGE,4.0,0,very_large,unknown,telecom_transport,organisation,100k+,0,90
0,0-90,immediate,immediate_0_90,2,2022-2023,2,LARGE,3.0,0,large,unknown,government,organisation,unknown,0,90
0,0-90,immediate,immediate_0_90,2,2022-2023,2,LARGE,3.0,0,unknown,unknown,education,organisation,1k-10k,0,59
0,0-90,immediate,immediate_0_90,2,2022-2023,2,LARGE,3.0,0,very_large,unknown,education,organisation,1k-10k,0,90
0,0-90,immediate,immediate_0_90,2,2022-2023,3+,HUGE,4.0,0,very_large,unknown,finance,organisation,unknown,0,61
0,0-90,immediate,immediate_0_90,2,2022-2023,3+,HUGE,4.0,0,very_large,unknown,government,government_body,unknown,0,90
0,0-90,immediate,immediate_0_90,2,2022-2023,3+,HUGE,4.0,0,very_large,unknown,telecom_transport,organisation,100k+,1,86
0,0-90,immediate,immediate_0_90,2,2022-2023,3+,HUGE,4.0,0,very_large,unknown,telecom_transport,organisation,10k-100k,0,90
0,0-90,immediate,immediate_0_90,2,2022-2023,3+,LARGE,3.0,0,very_large,unknown,education,organisation,1k-10k,0,90
0,0-90,immediate,immediate_0_90,2,2022-2023,3+,LARGE,3.0,0,very_large,unknown,education,organisation,unknown,1,121
0,0-90,immediate,immediate_0_90,2,2022-2023,3+,LARGE,3.0,0,very_large,unknown,government,government_body,unknown,0,17
0,0-90,immediate,immediate_0_90,2,2022-2023,3+,UNKNOWN,2.8546875,1,unknown,unknown,government,government_body,1k-10k,0,90
0,0-90,immediate,immediate_0_90,2,2022-2023,3+,UNKNOWN,2.8546875,1,unknown,unknown,government,government_body,unknown,0,90
0,0-90,immediate,immediate_0_90,3,2024-2026,1,HUGE,4.0,0,unknown,unknown,government,organisation,unknown,0,90
0,0-90,immediate,immediate_0_90,3,2024-2026,1,HUGE,4.0,0,unknown,unknown,other,organisation,10k-100k,0,90
0,0-90,immediate,immediate_0_90,3,2024-2026,1,HUGE,4.0,0,very_large,unknown,education,organisation,10k-100k,0,180
0,0-90,immediate,immediate_0_90,3,2024-2026,1,HUGE,4.0,0,very_large,unknown,finance,organisation,1k-10k,0,90
0,0-90,immediate,immediate_0_90,3,2024-2026,1,HUGE,4.0,0,very_large,unknown,finance,organisation,unknown,0,90
0,0-90,immediate,immediate_0_90,3,2024-2026,1,HUGE,4.0,0,very_large,unknown,finance,other_or_unknown,10k-100k,0,90
0,0-90,immediate,immediate_0_90,3,2024-2026,1,HUGE,4.0,0,very_large,unknown,government,government_body,1k-10k,0,90
0,0-90,immediate,immediate_0_90,3,2024-2026,1,HUGE,4.0,0,very_large,unknown,government,government_body,unknown,0,309
0,0-90,immediate,immediate_0_90,3,2024-2026,1,HUGE,4.0,0,very_large,unknown,government,organisation,100k+,0,262
0,0-90,immediate,immediate_0_90,3,2024-2026,1,HUGE,4.0,0,very_large,unknown,government,organisation,10k-100k,0,29
0,0-90,immediate,immediate_0_90,3,2024-2026,1,HUGE,4.0,0,very_large,unknown,government,organisation,unknown,0,439
0,0-90,immediate,immediate_0_90,3,2024-2026,1,HUGE,4.0,0,very_large,unknown,health,organisation,100k+,0,90
0,0-90,immediate,immediate_0_90,3,2024-2026,1,HUGE,4.0,0,very_large,unknown,health,organisation,10k-100k,0,77
0,0-90,immediate,immediate_0_90,3,2024-2026,1,HUGE,4.0,0,very_large,unknown,health,organisation,unknown,0,180
0,0-90,immediate,immediate_0_90,3,2024-2026,1,HUGE,4.0,0,very_large,unknown,industrial,organisation,100k+,0,35
0,0-90,immediate,immediate_0_90,3,2024-2026,1,HUGE,4.0,0,very_large,unknown,industrial,organisation,<1k,0,90
0,0-90,immediate,immediate_0_90,3,2024-2026,1,HUGE,4.0,0,very_large,unknown,other,organisation,100k+,0,270
0,0-90,immediate,immediate_0_90,3,2024-2026,1,HUGE,4.0,0,very_large,unknown,other,organisation,10k-100k,0,90
0,0-90,immediate,immediate_0_90,3,2024-2026,1,HUGE,4.0,0,very_large,unknown,other,organisation,1k-10k,0,180
0,0-90,immediate,immediate_0_90,3,2024-2026,1,HUGE,4.0,0,very_large,unknown,other,organisation,<1k,0,90
0,0-90,immediate,immediate_0_90,3,2024-2026,1,HUGE,4.0,0,very_large,unknown,other,organisation,unknown,0,235
0,0-90,immediate,immediate_0_90,3,2024-2026,1,HUGE,4.0,0,very_large,unknown,other,other_or_unknown,unknown,0,90
0,0-90,immediate,immediate_0_90,3,2024-2026,1,HUGE,4.0,0,very_large,unknown,retail,organisation,100k+,0,90
0,0-90,immediate,immediate_0_90,3,2024-2026,1,HUGE,4.0,0,very_large,unknown,retail,organisation,unknown,0,180
0,0-90,immediate,immediate_0_90,3,2024-2026,1,HUGE,4.0,0,very_large,unknown,technology,organisation,100k+,0,450
0,0-90,immediate,immediate_0_90,3,2024-2026,1,HUGE,4.0,0,very_large,unknown,technology,organisation,10k-100k,0,90
0,0-90,immediate,immediate_0_90,3,2024-2026,1,HUGE,4.0,0,very_large,unknown,technology,organisation,1k-10k,0,90
0,0-90,immediate,immediate_0_90,3,2024-2026,1,HUGE,4.0,0,very_large,unknown,technology,organisation,unknown,0,492
0,0-90,immediate,immediate_0_90,3,2024-2026,1,HUGE,4.0,0,very_large,unknown,telecom_transport,organisation,unknown,0,90
0,0-90,immediate,immediate_0_90,3,2024-2026,1,LARGE,3.0,0,large,unknown,education,organisation,100k+,0,90
0,0-90,immediate,immediate_0_90,3,2024-2026,1,LARGE,3.0,0,large,unknown,education,organisation,unknown,0,180
0,0-90,immediate,immediate_0_90,3,2024-2026,1,LARGE,3.0,0,large,unknown,finance,organisation,100k+,0,360
0,0-90,immediate,immediate_0_90,3,2024-2026,1,LARGE,3.0,0,large,unknown,finance,organisation,1k-10k,0,90
0,0-90,immediate,immediate_0_90,3,2024-2026,1,LARGE,3.0,0,large,unknown,finance,organisation,unknown,0,270
0,0-90,immediate,immediate_0_90,3,2024-2026,1,LARGE,3.0,0,large,unknown,government,organisation,unknown,0,253
0,0-90,immediate,immediate_0_90,3,2024-2026,1,LARGE,3.0,0,large,unknown,health,organisation,<1k,0,90
0,0-90,immediate,immediate_0_90,3,2024-2026,1,LARGE,3.0,0,large,unknown,health,organisation,unknown,0,270
0,0-90,immediate,immediate_0_90,3,2024-2026,1,LARGE,3.0,0,large,unknown,other,organisation,100k+,0,180
0,0-90,immediate,immediate_0_90,3,2024-2026,1,LARGE,3.0,0,large,unknown,other,organisation,10k-100k,0,180
0,0-90,immediate,immediate_0_90,3,2024-2026,1,LARGE,3.0,0,large,unknown,other,organisation,1k-10k,0,56
0,0-90,immediate,immediate_0_90,3,2024-2026,1,LARGE,3.0,0,large,unknown,other,organisation,<1k,0,180
0,0-90,immediate,immediate_0_90,3,2024-2026,1,LARGE,3.0,0,large,unknown,other,organisation,unknown,0,1344
0,0-90,immediate,immediate_0_90,3,2024-2026,1,LARGE,3.0,0,large,unknown,retail,organisation,100k+,0,90
0,0-90,immediate,immediate_0_90,3,2024-2026,1,LARGE,3.0,0,large,unknown,retail,organisation,10k-100k,0,29
0,0-90,immediate,immediate_0_90,3,2024-2026,1,LARGE,3.0,0,large,unknown,retail,organisation,unknown,0,90
0,0-90,immediate,immediate_0_90,3,2024-2026,1,LARGE,3.0,0,large,unknown,technology,organisation,100k+,0,180
0,0-90,immediate,immediate_0_90,3,2024-2026,1,LARGE,3.0,0,large,unknown,technology,organisation,10k-100k,0,89
0,0-90,immediate,immediate_0_90,3,2024-2026,1,LARGE,3.0,0,large,unknown,technology,organisation,1k-10k,0,90
0,0-90,immediate,immediate_0_90,3,2024-2026,1,LARGE,3.0,0,large,unknown,technology,organisation,unknown,0,485
0,0-90,immediate,immediate_0_90,3,2024-2026,1,LARGE,3.0,0,large,unknown,telecom_transport,organisation,1k-10k,0,90
0,0-90,immediate,immediate_0_90,3,2024-2026,1,LARGE,3.0,0,medium,unknown,education,organisation,unknown,0,57
0,0-90,immediate,immediate_0_90,3,2024-2026,1,LARGE,3.0,0,medium,unknown,government,organisation,1k-10k,0,90
0,0-90,immediate,immediate_0_90,3,2024-2026,1,LARGE,3.0,0,medium,unknown,government,organisation,unknown,0,90
0,0-90,immediate,immediate_0_90,3,2024-2026,1,LARGE,3.0,0,medium,unknown,health,organisation,unknown,0,90
0,0-90,immediate,immediate_0_90,3,2024-2026,1,LARGE,3.0,0,medium,unknown,other,organisation,1k-10k,0,55
0,0-90,immediate,immediate_0_90,3,2024-2026,1,LARGE,3.0,0,medium,unknown,other,organisation,unknown,0,180
0,0-90,immediate,immediate_0_90,3,2024-2026,1,LARGE,3.0,0,medium,unknown,technology,organisation,10k-100k,0,90
0,0-90,immediate,immediate_0_90,3,2024-2026,1,LARGE,3.0,0,unknown,unknown,other,organisation,100k+,0,90
0,0-90,immediate,immediate_0_90,3,2024-2026,1,LARGE,3.0,0,very_large,unknown,education,organisation,100k+,0,90
0,0-90,immediate,immediate_0_90,3,2024-2026,1,LARGE,3.0,0,very_large,unknown,education,organisation,unknown,0,90
0,0-90,immediate,immediate_0_90,3,2024-2026,1,LARGE,3.0,0,very_large,unknown,finance,organisation,100k+,0,90
0,0-90,immediate,immediate_0_90,3,2024-2026,1,LARGE,3.0,0,very_large,unknown,finance,organisation,10k-100k,0,270
0,0-90,immediate,immediate_0_90,3,2024-2026,1,LARGE,3.0,0,very_large,unknown,finance,organisation,<1k,0,90
0,0-90,immediate,immediate_0_90,3,2024-2026,1,LARGE,3.0,0,very_large,unknown,finance,organisation,unknown,0,180
0,0-90,immediate,immediate_0_90,3,2024-2026,1,LARGE,3.0,0,very_large,unknown,government,government_body,<1k,0,30
0,0-90,immediate,immediate_0_90,3,2024-2026,1,LARGE,3.0,0,very_large,unknown,government,government_body,unknown,0,340
0,0-90,immediate,immediate_0_90,3,2024-2026,1,LARGE,3.0,0,very_large,unknown,government,organisation,10k-100k,0,29
0,0-90,immediate,immediate_0_90,3,2024-2026,1,LARGE,3.0,0,very_large,unknown,government,organisation,1k-10k,0,180
0,0-90,immediate,immediate_0_90,3,2024-2026,1,LARGE,3.0,0,very_large,unknown,government,organisation,<1k,0,13
0,0-90,immediate,immediate_0_90,3,2024-2026,1,LARGE,3.0,0,very_large,unknown,government,organisation,unknown,0,239
0,0-90,immediate,immediate_0_90,3,2024-2026,1,LARGE,3.0,0,very_large,unknown,health,organisation,<1k,0,2
0,0-90,immediate,immediate_0_90,3,2024-2026,1,LARGE,3.0,0,very_large,unknown,health,organisation,unknown,0,270
0,0-90,immediate,immediate_0_90,3,2024-2026,1,LARGE,3.0,0,very_large,unknown,other,organisation,100k+,0,128
0,0-90,immediate,immediate_0_90,3,2024-2026,1,LARGE,3.0,0,very_large,unknown,other,organisation,unknown,0,1230
0,0-90,immediate,immediate_0_90,3,2024-2026,1,LARGE,3.0,0,very_large,unknown,retail,organisation,10k-100k,0,90
0,0-90,immediate,immediate_0_90,3,2024-2026,1,LARGE,3.0,0,very_large,unknown,technology,organisation,unknown,0,299
0,0-90,immediate,immediate_0_90,3,2024-2026,1,LARGE,3.0,0,very_large,unknown,telecom_transport,organisation,1k-10k,0,90
0,0-90,immediate,immediate_0_90,3,2024-2026,1,MEDIUM,2.0,0,medium,unknown,education,organisation,<1k,0,90
0,0-90,immediate,immediate_0_90,3,2024-2026,1,MEDIUM,2.0,0,medium,unknown,education,organisation,unknown,0,180
0,0-90,immediate,immediate_0_90,3,2024-2026,1,MEDIUM,2.0,0,medium,unknown,finance,organisation,100k+,0,90
0,0-90,immediate,immediate_0_90,3,2024-2026,1,MEDIUM,2.0,0,medium,unknown,finance,organisation,unknown,0,90
0,0-90,immediate,immediate_0_90,3,2024-2026,1,MEDIUM,2.0,0,medium,unknown,government,government_body,<1k,0,90
0,0-90,immediate,immediate_0_90,3,2024-2026,1,MEDIUM,2.0,0,medium,unknown,government,government_body,unknown,0,90
0,0-90,immediate,immediate_0_90,3,2024-2026,1,MEDIUM,2.0,0,medium,unknown,government,organisation,10k-100k,0,90
0,0-90,immediate,immediate_0_90,3,2024-2026,1,MEDIUM,2.0,0,medium,unknown,government,organisation,unknown,0,180
0,0-90,immediate,immediate_0_90,3,2024-2026,1,MEDIUM,2.0,0,medium,unknown,health,organisation,100k+,0,90
0,0-90,immediate,immediate_0_90,3,2024-2026,1,MEDIUM,2.0,0,medium,unknown,health,organisation,10k-100k,0,90
0,0-90,immediate,immediate_0_90,3,2024-2026,1,MEDIUM,2.0,0,medium,unknown,health,organisation,unknown,0,453
0,0-90,immediate,immediate_0_90,3,2024-2026,1,MEDIUM,2.0,0,medium,unknown,industrial,organisation,10k-100k,0,90
0,0-90,immediate,immediate_0_90,3,2024-2026,1,MEDIUM,2.0,0,medium,unknown,industrial,organisation,<1k,0,90
0,0-90,immediate,immediate_0_90,3,2024-2026,1,MEDIUM,2.0,0,medium,unknown,industrial,organisation,unknown,0,180
0,0-90,immediate,immediate_0_90,3,2024-2026,1,MEDIUM,2.0,0,medium,unknown,other,organisation,100k+,0,323
0,0-90,immediate,immediate_0_90,3,2024-2026,1,MEDIUM,2.0,0,medium,unknown,other,organisation,10k-100k,0,155
0,0-90,immediate,immediate_0_90,3,2024-2026,1,MEDIUM,2.0,0,medium,unknown,other,organisation,1k-10k,0,90
0,0-90,immediate,immediate_0_90,3,2024-2026,1,MEDIUM,2.0,0,medium,unknown,other,organisation,<1k,0,180
0,0-90,immediate,immediate_0_90,3,2024-2026,1,MEDIUM,2.0,0,medium,unknown,other,organisation,unknown,0,2162
0,0-90,immediate,immediate_0_90,3,2024-2026,1,MEDIUM,2.0,0,medium,unknown,retail,organisation,100k+,0,180
0,0-90,immediate,immediate_0_90,3,2024-2026,1,MEDIUM,2.0,0,medium,unknown,retail,organisation,unknown,0,180
0,0-90,immediate,immediate_0_90,3,2024-2026,1,MEDIUM,2.0,0,medium,unknown,technology,organisation,100k+,0,344
0,0-90,immediate,immediate_0_90,3,2024-2026,1,MEDIUM,2.0,0,medium,unknown,technology,organisation,10k-100k,0,90
0,0-90,immediate,immediate_0_90,3,2024-2026,1,MEDIUM,2.0,0,medium,unknown,technology,organisation,unknown,0,360
0,0-90,immediate,immediate_0_90,3,2024-2026,1,MEDIUM,2.0,0,small,unknown,education,organisation,unknown,0,270
0,0-90,immediate,immediate_0_90,3,2024-2026,1,MEDIUM,2.0,0,small,unknown,finance,organisation,10k-100k,0,90
0,0-90,immediate,immediate_0_90,3,2024-2026,1,MEDIUM,2.0,0,small,unknown,finance,organisation,1k-10k,0,90
0,0-90,immediate,immediate_0_90,3,2024-2026,1,MEDIUM,2.0,0,small,unknown,government,government_body,unknown,0,90
0,0-90,immediate,immediate_0_90,3,2024-2026,1,MEDIUM,2.0,0,small,unknown,government,organisation,10k-100k,0,90
0,0-90,immediate,immediate_0_90,3,2024-2026,1,MEDIUM,2.0,0,small,unknown,government,organisation,unknown,0,180
0,0-90,immediate,immediate_0_90,3,2024-2026,1,MEDIUM,2.0,0,small,unknown,health,organisation,100k+,0,90
0,0-90,immediate,immediate_0_90,3,2024-2026,1,MEDIUM,2.0,0,small,unknown,health,organisation,10k-100k,0,51
0,0-90,immediate,immediate_0_90,3,2024-2026,1,MEDIUM,2.0,0,small,unknown,health,organisation,unknown,0,270
0,0-90,immediate,immediate_0_90,3,2024-2026,1,MEDIUM,2.0,0,small,unknown,media,organisation,unknown,0,90
0,0-90,immediate,immediate_0_90,3,2024-2026,1,MEDIUM,2.0,0,small,unknown,other,organisation,100k+,0,248
0,0-90,immediate,immediate_0_90,3,2024-2026,1,MEDIUM,2.0,0,small,unknown,other,organisation,10k-100k,0,180
0,0-90,immediate,immediate_0_90,3,2024-2026,1,MEDIUM,2.0,0,small,unknown,other,organisation,1k-10k,0,180
0,0-90,immediate,immediate_0_90,3,2024-2026,1,MEDIUM,2.0,0,small,unknown,other,organisation,unknown,0,1350
0,0-90,immediate,immediate_0_90,3,2024-2026,1,MEDIUM,2.0,0,small,unknown,retail,organisation,unknown,0,90
0,0-90,immediate,immediate_0_90,3,2024-2026,1,MEDIUM,2.0,0,small,unknown,technology,organisation,100k+,0,90
0,0-90,immediate,immediate_0_90,3,2024-2026,1,MEDIUM,2.0,0,small,unknown,technology,organisation,1k-10k,0,90
0,0-90,immediate,immediate_0_90,3,2024-2026,1,MEDIUM,2.0,0,small,unknown,technology,organisation,unknown,0,264
0,0-90,immediate,immediate_0_90,3,2024-2026,1,MEDIUM,2.0,0,small,unknown,telecom_transport,organisation,unknown,0,90
0,0-90,immediate,immediate_0_90,3,2024-2026,1,MEDIUM,2.0,0,unknown,unknown,education,organisation,<1k,0,90
0,0-90,immediate,immediate_0_90,3,2024-2026,1,MEDIUM,2.0,0,unknown,unknown,other,organisation,1k-10k,0,73
0,0-90,immediate,immediate_0_90,3,2024-2026,1,MEDIUM,2.0,0,unknown,unknown,other,organisation,unknown,0,180
0,0-90,immediate,immediate_0_90,3,2024-2026,1,MEDIUM,2.0,0,unknown,unknown,retail,organisation,unknown,0,90
0,0-90,immediate,immediate_0_90,3,2024-2026,1,SMALL,1.0,0,small,unknown,finance,organisation,unknown,0,180
0,0-90,immediate,immediate_0_90,3,2024-2026,1,SMALL,1.0,0,small,unknown,health,organisation,10k-100k,0,141
0,0-90,immediate,immediate_0_90,3,2024-2026,1,SMALL,1.0,0,small,unknown,health,organisation,1k-10k,0,90
0,0-90,immediate,immediate_0_90,3,2024-2026,1,SMALL,1.0,0,small,unknown,health,organisation,<1k,0,90
0,0-90,immediate,immediate_0_90,3,2024-2026,1,SMALL,1.0,0,small,unknown,health,organisation,unknown,0,430
0,0-90,immediate,immediate_0_90,3,2024-2026,1,SMALL,1.0,0,small,unknown,industrial,organisation,unknown,0,90
0,0-90,immediate,immediate_0_90,3,2024-2026,1,SMALL,1.0,0,small,unknown,other,organisation,100k+,0,66
0,0-90,immediate,immediate_0_90,3,2024-2026,1,SMALL,1.0,0,small,unknown,other,organisation,10k-100k,0,90
0,0-90,immediate,immediate_0_90,3,2024-2026,1,SMALL,1.0,0,small,unknown,other,organisation,1k-10k,0,90
0,0-90,immediate,immediate_0_90,3,2024-2026,1,SMALL,1.0,0,small,unknown,other,organisation,<1k,0,90
0,0-90,immediate,immediate_0_90,3,2024-2026,1,SMALL,1.0,0,small,unknown,other,organisation,unknown,0,1069
0,0-90,immediate,immediate_0_90,3,2024-2026,1,SMALL,1.0,0,small,unknown,retail,organisation,unknown,0,180
0,0-90,immediate,immediate_0_90,3,2024-2026,1,SMALL,1.0,0,small,unknown,technology,organisation,100k+,0,90
0,0-90,immediate,immediate_0_90,3,2024-2026,1,SMALL,1.0,0,small,unknown,technology,organisation,<1k,0,90
0,0-90,immediate,immediate_0_90,3,2024-2026,1,SMALL,1.0,0,small,unknown,technology,organisation,unknown,0,291
0,0-90,immediate,immediate_0_90,3,2024-2026,1,SMALL,1.0,0,small,unknown,telecom_transport,organisation,10k-100k,0,90
0,0-90,immediate,immediate_0_90,3,2024-2026,1,SMALL,1.0,0,unknown,unknown,health,organisation,100k+,0,90
0,0-90,immediate,immediate_0_90,3,2024-2026,1,SMALL,1.0,0,unknown,unknown,other,organisation,100k+,0,90
0,0-90,immediate,immediate_0_90,3,2024-2026,1,SMALL,1.0,0,unknown,unknown,other,organisation,unknown,0,180
0,0-90,immediate,immediate_0_90,3,2024-2026,1,UNKNOWN,2.8546875,1,unknown,unknown,education,organisation,unknown,0,270
0,0-90,immediate,immediate_0_90,3,2024-2026,1,UNKNOWN,2.8546875,1,unknown,unknown,finance,organisation,<1k,0,90
0,0-90,immediate,immediate_0_90,3,2024-2026,1,UNKNOWN,2.8546875,1,unknown,unknown,finance,organisation,unknown,0,90
0,0-90,immediate,immediate_0_90,3,2024-2026,1,UNKNOWN,2.8546875,1,unknown,unknown,government,other_or_unknown,<1k,0,90
0,0-90,immediate,immediate_0_90,3,2024-2026,1,UNKNOWN,2.8546875,1,unknown,unknown,government,other_or_unknown,unknown,0,90
0,0-90,immediate,immediate_0_90,3,2024-2026,1,UNKNOWN,2.8546875,1,unknown,unknown,health,organisation,100k+,0,90
0,0-90,immediate,immediate_0_90,3,2024-2026,1,UNKNOWN,2.8546875,1,unknown,unknown,health,organisation,unknown,0,360
0,0-90,immediate,immediate_0_90,3,2024-2026,1,UNKNOWN,2.8546875,1,unknown,unknown,other,organisation,100k+,0,180
0,0-90,immediate,immediate_0_90,3,2024-2026,1,UNKNOWN,2.8546875,1,unknown,unknown,other,organisation,unknown,0,655
0,0-90,immediate,immediate_0_90,3,2024-2026,1,UNKNOWN,2.8546875,1,unknown,unknown,other,other_or_unknown,unknown,0,185
0,0-90,immediate,immediate_0_90,3,2024-2026,1,UNKNOWN,2.8546875,1,unknown,unknown,technology,organisation,unknown,0,90
0,0-90,immediate,immediate_0_90,3,2024-2026,1,UNKNOWN,2.8546875,1,unknown,unknown,telecom_transport,organisation,unknown,0,90
0,0-90,immediate,immediate_0_90,3,2024-2026,2,HUGE,4.0,0,unknown,unknown,government,government_body,unknown,0,43
0,0-90,immediate,immediate_0_90,3,2024-2026,2,HUGE,4.0,0,very_large,unknown,finance,organisation,10k-100k,0,180
0,0-90,immediate,immediate_0_90,3,2024-2026,2,HUGE,4.0,0,very_large,unknown,finance,organisation,unknown,0,90
0,0-90,immediate,immediate_0_90,3,2024-2026,2,HUGE,4.0,0,very_large,unknown,government,government_body,unknown,0,360
0,0-90,immediate,immediate_0_90,3,2024-2026,2,HUGE,4.0,0,very_large,unknown,health,organisation,<1k,0,90
0,0-90,immediate,immediate_0_90,3,2024-2026,2,HUGE,4.0,0,very_large,unknown,other,organisation,unknown,0,63
0,0-90,immediate,immediate_0_90,3,2024-2026,2,HUGE,4.0,0,very_large,unknown,technology,organisation,10k-100k,0,270
0,0-90,immediate,immediate_0_90,3,2024-2026,2,HUGE,4.0,0,very_large,unknown,telecom_transport,organisation,<1k,0,90
0,0-90,immediate,immediate_0_90,3,2024-2026,2,LARGE,3.0,0,large,unknown,education,organisation,unknown,0,90
0,0-90,immediate,immediate_0_90,3,2024-2026,2,LARGE,3.0,0,very_large,unknown,education,organisation,unknown,0,43
0,0-90,immediate,immediate_0_90,3,2024-2026,2,LARGE,3.0,0,very_large,unknown,finance,organisation,unknown,0,141
0,0-90,immediate,immediate_0_90,3,2024-2026,2,LARGE,3.0,0,very_large,unknown,government,organisation,unknown,0,40
0,0-90,immediate,immediate_0_90,3,2024-2026,2,LARGE,3.0,0,very_large,unknown,health,organisation,unknown,0,43
0,0-90,immediate,immediate_0_90,3,2024-2026,2,LARGE,3.0,0,very_large,unknown,technology,organisation,unknown,0,90
0,0-90,immediate,immediate_0_90,3,2024-2026,2,MEDIUM,2.0,0,medium,unknown,health,organisation,100k+,0,90
0,0-90,immediate,immediate_0_90,3,2024-2026,2,MEDIUM,2.0,0,medium,unknown,industrial,organisation,unknown,0,90
0,0-90,immediate,immediate_0_90,3,2024-2026,2,MEDIUM,2.0,0,medium,unknown,technology,organisation,unknown,0,90
0,0-90,immediate,immediate_0_90,3,2024-2026,2,MEDIUM,2.0,0,small,unknown,finance,organisation,100k+,0,90
0,0-90,immediate,immediate_0_90,3,2024-2026,2,UNKNOWN,2.8546875,1,unknown,unknown,government,other_or_unknown,unknown,0,90
0,0-90,immediate,immediate_0_90,3,2024-2026,2,UNKNOWN,2.8546875,1,unknown,unknown,health,organisation,unknown,0,90
0,0-90,immediate,immediate_0_90,3,2024-2026,3+,HUGE,4.0,0,very_large,unknown,finance,organisation,100k+,0,90
0,0-90,immediate,immediate_0_90,3,2024-2026,3+,HUGE,4.0,0,very_large,unknown,finance,organisation,10k-100k,0,450
0,0-90,immediate,immediate_0_90,3,2024-2026,3+,HUGE,4.0,0,very_large,unknown,finance,organisation,unknown,1,268
0,0-90,immediate,immediate_0_90,3,2024-2026,3+,HUGE,4.0,0,very_large,unknown,government,government_body,1k-10k,0,90
0,0-90,immediate,immediate_0_90,3,2024-2026,3+,HUGE,4.0,0,very_large,unknown,government,government_body,unknown,0,180
0,0-90,immediate,immediate_0_90,3,2024-2026,3+,HUGE,4.0,0,very_large,unknown,technology,organisation,10k-100k,0,90
0,0-90,immediate,immediate_0_90,3,2024-2026,3+,HUGE,4.0,0,very_large,unknown,technology,organisation,1k-10k,0,90
0,0-90,immediate,immediate_0_90,3,2024-2026,3+,HUGE,4.0,0,very_large,unknown,technology,organisation,unknown,0,90
0,0-90,immediate,immediate_0_90,3,2024-2026,3+,HUGE,4.0,0,very_large,unknown,telecom_transport,organisation,100k+,0,90
0,0-90,immediate,immediate_0_90,3,2024-2026,3+,HUGE,4.0,0,very_large,unknown,telecom_transport,organisation,10k-100k,0,90
0,0-90,immediate,immediate_0_90,3,2024-2026,3+,LARGE,3.0,0,large,unknown,government,organisation,unknown,0,90
0,0-90,immediate,immediate_0_90,3,2024-2026,3+,LARGE,3.0,0,very_large,unknown,education,organisation,10k-100k,0,270
0,0-90,immediate,immediate_0_90,3,2024-2026,3+,LARGE,3.0,0,very_large,unknown,education,organisation,1k-10k,0,90
0,0-90,immediate,immediate_0_90,3,2024-2026,3+,LARGE,3.0,0,very_large,unknown,education,organisation,unknown,0,270
0,0-90,immediate,immediate_0_90,3,2024-2026,3+,LARGE,3.0,0,very_large,unknown,government,government_body,unknown,0,73
0,0-90,immediate,immediate_0_90,3,2024-2026,3+,UNKNOWN,2.8546875,1,unknown,unknown,government,government_body,unknown,1,270
1,91-180,response,peak_91_180,0,2012-2018,1,HUGE,4.0,0,very_large,unknown,finance,organisation,10k-100k,0,90
1,91-180,response,peak_91_180,0,2012-2018,1,HUGE,4.0,0,very_large,unknown,government,government_body,1k-10k,0,90
1,91-180,response,peak_91_180,0,2012-2018,1,HUGE,4.0,0,very_large,unknown,government,organisation,10k-100k,0,90
1,91-180,response,peak_91_180,0,2012-2018,1,HUGE,4.0,0,very_large,unknown,government,organisation,1k-10k,0,90
1,91-180,response,peak_91_180,0,2012-2018,1,HUGE,4.0,0,very_large,unknown,other,organisation,1k-10k,0,90
1,91-180,response,peak_91_180,0,2012-2018,1,HUGE,4.0,0,very_large,unknown,other,organisation,unknown,0,180
1,91-180,response,peak_91_180,0,2012-2018,1,HUGE,4.0,0,very_large,unknown,technology,organisation,100k+,0,270
1,91-180,response,peak_91_180,0,2012-2018,1,HUGE,4.0,0,very_large,unknown,technology,organisation,unknown,0,90
1,91-180,response,peak_91_180,0,2012-2018,1,HUGE,4.0,0,very_large,unknown,telecom_transport,organisation,10k-100k,0,32
1,91-180,response,peak_91_180,0,2012-2018,1,LARGE,3.0,0,unknown,unknown,education,organisation,10k-100k,0,32
1,91-180,response,peak_91_180,0,2012-2018,1,LARGE,3.0,0,very_large,unknown,education,organisation,1k-10k,0,90
1,91-180,response,peak_91_180,0,2012-2018,1,LARGE,3.0,0,very_large,unknown,education,organisation,unknown,0,90
1,91-180,response,peak_91_180,0,2012-2018,1,MEDIUM,2.0,0,small,unknown,finance,organisation,<1k,0,90
1,91-180,response,peak_91_180,0,2012-2018,1,SMALL,1.0,0,small,unknown,government,organisation,10k-100k,0,90
1,91-180,response,peak_91_180,0,2012-2018,1,SMALL,1.0,0,small,unknown,industrial,organisation,100k+,0,90
1,91-180,response,peak_91_180,1,2019-2021,1,HUGE,4.0,0,unknown,unknown,government,organisation,unknown,0,88
1,91-180,response,peak_91_180,1,2019-2021,1,HUGE,4.0,0,very_large,unknown,education,organisation,unknown,0,90
1,91-180,response,peak_91_180,1,2019-2021,1,HUGE,4.0,0,very_large,unknown,finance,organisation,10k-100k,0,270
1,91-180,response,peak_91_180,1,2019-2021,1,HUGE,4.0,0,very_large,unknown,government,government_body,10k-100k,0,90
1,91-180,response,peak_91_180,1,2019-2021,1,HUGE,4.0,0,very_large,unknown,government,organisation,10k-100k,0,90
1,91-180,response,peak_91_180,1,2019-2021,1,HUGE,4.0,0,very_large,unknown,government,organisation,1k-10k,0,90
1,91-180,response,peak_91_180,1,2019-2021,1,HUGE,4.0,0,very_large,unknown,government,organisation,unknown,0,450
1,91-180,response,peak_91_180,1,2019-2021,1,HUGE,4.0,0,very_large,unknown,health,organisation,10k-100k,0,90
1,91-180,response,peak_91_180,1,2019-2021,1,HUGE,4.0,0,very_large,unknown,health,organisation,1k-10k,0,90
1,91-180,response,peak_91_180,1,2019-2021,1,HUGE,4.0,0,very_large,unknown,health,organisation,unknown,0,90
1,91-180,response,peak_91_180,1,2019-2021,1,HUGE,4.0,0,very_large,unknown,media,organisation,unknown,0,180
1,91-180,response,peak_91_180,1,2019-2021,1,HUGE,4.0,0,very_large,unknown,other,organisation,100k+,0,90
1,91-180,response,peak_91_180,1,2019-2021,1,HUGE,4.0,0,very_large,unknown,other,organisation,10k-100k,0,90
1,91-180,response,peak_91_180,1,2019-2021,1,HUGE,4.0,0,very_large,unknown,other,organisation,1k-10k,0,90
1,91-180,response,peak_91_180,1,2019-2021,1,HUGE,4.0,0,very_large,unknown,other,organisation,unknown,0,900
1,91-180,response,peak_91_180,1,2019-2021,1,HUGE,4.0,0,very_large,unknown,retail,organisation,100k+,0,180
1,91-180,response,peak_91_180,1,2019-2021,1,HUGE,4.0,0,very_large,unknown,retail,organisation,unknown,0,90
1,91-180,response,peak_91_180,1,2019-2021,1,HUGE,4.0,0,very_large,unknown,technology,organisation,100k+,0,567
1,91-180,response,peak_91_180,1,2019-2021,1,HUGE,4.0,0,very_large,unknown,technology,organisation,10k-100k,0,53
1,91-180,response,peak_91_180,1,2019-2021,1,HUGE,4.0,0,very_large,unknown,technology,organisation,1k-10k,0,90
1,91-180,response,peak_91_180,1,2019-2021,1,HUGE,4.0,0,very_large,unknown,technology,organisation,unknown,0,180
1,91-180,response,peak_91_180,1,2019-2021,1,HUGE,4.0,0,very_large,unknown,telecom_transport,organisation,100k+,0,90
1,91-180,response,peak_91_180,1,2019-2021,1,HUGE,4.0,0,very_large,unknown,telecom_transport,organisation,10k-100k,0,58
1,91-180,response,peak_91_180,1,2019-2021,1,LARGE,3.0,0,large,unknown,government,organisation,unknown,0,180
1,91-180,response,peak_91_180,1,2019-2021,1,LARGE,3.0,0,large,unknown,industrial,organisation,unknown,0,90
1,91-180,response,peak_91_180,1,2019-2021,1,LARGE,3.0,0,large,unknown,other,organisation,unknown,0,360
1,91-180,response,peak_91_180,1,2019-2021,1,LARGE,3.0,0,large,unknown,technology,organisation,100k+,0,90
1,91-180,response,peak_91_180,1,2019-2021,1,LARGE,3.0,0,large,unknown,technology,organisation,unknown,0,90
1,91-180,response,peak_91_180,1,2019-2021,1,LARGE,3.0,0,medium,unknown,other,organisation,100k+,0,90
1,91-180,response,peak_91_180,1,2019-2021,1,LARGE,3.0,0,medium,unknown,other,organisation,unknown,0,90
1,91-180,response,peak_91_180,1,2019-2021,1,LARGE,3.0,0,unknown,unknown,education,organisation,10k-100k,0,58
1,91-180,response,peak_91_180,1,2019-2021,1,LARGE,3.0,0,very_large,unknown,education,organisation,10k-100k,1,246
1,91-180,response,peak_91_180,1,2019-2021,1,LARGE,3.0,0,very_large,unknown,government,government_body,1k-10k,0,90
1,91-180,response,peak_91_180,1,2019-2021,1,LARGE,3.0,0,very_large,unknown,government,government_body,<1k,0,90
1,91-180,response,peak_91_180,1,2019-2021,1,LARGE,3.0,0,very_large,unknown,government,government_body,unknown,0,90
1,91-180,response,peak_91_180,1,2019-2021,1,LARGE,3.0,0,very_large,unknown,government,organisation,unknown,0,90
1,91-180,response,peak_91_180,1,2019-2021,1,LARGE,3.0,0,very_large,unknown,government,other_or_unknown,unknown,0,90
1,91-180,response,peak_91_180,1,2019-2021,1,LARGE,3.0,0,very_large,unknown,health,organisation,10k-100k,0,90
1,91-180,response,peak_91_180,1,2019-2021,1,LARGE,3.0,0,very_large,unknown,industrial,organisation,unknown,0,90
1,91-180,response,peak_91_180,1,2019-2021,1,LARGE,3.0,0,very_large,unknown,media,organisation,unknown,0,90
1,91-180,response,peak_91_180,1,2019-2021,1,LARGE,3.0,0,very_large,unknown,media,other_or_unknown,unknown,0,90
1,91-180,response,peak_91_180,1,2019-2021,1,LARGE,3.0,0,very_large,unknown,other,organisation,unknown,0,180
1,91-180,response,peak_91_180,1,2019-2021,1,LARGE,3.0,0,very_large,unknown,retail,organisation,unknown,0,90
1,91-180,response,peak_91_180,1,2019-2021,1,LARGE,3.0,0,very_large,unknown,technology,organisation,100k+,0,270
1,91-180,response,peak_91_180,1,2019-2021,1,LARGE,3.0,0,very_large,unknown,technology,organisation,unknown,0,180
1,91-180,response,peak_91_180,1,2019-2021,1,LARGE,3.0,0,very_large,unknown,telecom_transport,organisation,<1k,0,90
1,91-180,response,peak_91_180,1,2019-2021,1,MEDIUM,2.0,0,medium,unknown,finance,organisation,100k+,0,90
1,91-180,response,peak_91_180,1,2019-2021,1,MEDIUM,2.0,0,medium,unknown,government,government_body,unknown,0,90
1,91-180,response,peak_91_180,1,2019-2021,1,MEDIUM,2.0,0,medium,unknown,health,organisation,unknown,0,90
1,91-180,response,peak_91_180,1,2019-2021,1,MEDIUM,2.0,0,medium,unknown,other,organisation,<1k,0,90
1,91-180,response,peak_91_180,1,2019-2021,1,MEDIUM,2.0,0,medium,unknown,other,organisation,unknown,0,272
1,91-180,response,peak_91_180,1,2019-2021,1,MEDIUM,2.0,0,medium,unknown,retail,organisation,unknown,0,90
1,91-180,response,peak_91_180,1,2019-2021,1,MEDIUM,2.0,0,medium,unknown,technology,organisation,100k+,0,180
1,91-180,response,peak_91_180,1,2019-2021,1,MEDIUM,2.0,0,medium,unknown,technology,organisation,unknown,0,90
1,91-180,response,peak_91_180,1,2019-2021,1,MEDIUM,2.0,0,small,unknown,other,organisation,<1k,0,90
1,91-180,response,peak_91_180,1,2019-2021,1,MEDIUM,2.0,0,small,unknown,other,organisation,unknown,0,90
1,91-180,response,peak_91_180,1,2019-2021,1,MEDIUM,2.0,0,small,unknown,technology,organisation,unknown,1,33
1,91-180,response,peak_91_180,1,2019-2021,1,SMALL,1.0,0,small,unknown,finance,organisation,unknown,0,90
1,91-180,response,peak_91_180,1,2019-2021,1,SMALL,1.0,0,small,unknown,health,organisation,10k-100k,0,90
1,91-180,response,peak_91_180,1,2019-2021,1,SMALL,1.0,0,small,unknown,health,organisation,unknown,0,92
1,91-180,response,peak_91_180,1,2019-2021,1,SMALL,1.0,0,small,unknown,other,organisation,10k-100k,0,90
1,91-180,response,peak_91_180,1,2019-2021,1,SMALL,1.0,0,small,unknown,technology,organisation,100k+,0,540
1,91-180,response,peak_91_180,1,2019-2021,1,SMALL,1.0,0,unknown,unknown,technology,organisation,<1k,0,90
1,91-180,response,peak_91_180,1,2019-2021,1,UNKNOWN,2.8546875,1,unknown,unknown,education,other_or_unknown,unknown,0,90
1,91-180,response,peak_91_180,1,2019-2021,1,UNKNOWN,2.8546875,1,unknown,unknown,finance,organisation,100k+,0,90
1,91-180,response,peak_91_180,1,2019-2021,1,UNKNOWN,2.8546875,1,unknown,unknown,finance,organisation,10k-100k,0,90
1,91-180,response,peak_91_180,1,2019-2021,1,UNKNOWN,2.8546875,1,unknown,unknown,finance,organisation,<1k,0,90
1,91-180,response,peak_91_180,1,2019-2021,1,UNKNOWN,2.8546875,1,unknown,unknown,government,government_body,unknown,1,32
1,91-180,response,peak_91_180,1,2019-2021,1,UNKNOWN,2.8546875,1,unknown,unknown,health,organisation,10k-100k,0,90
1,91-180,response,peak_91_180,1,2019-2021,1,UNKNOWN,2.8546875,1,unknown,unknown,health,organisation,unknown,0,90
1,91-180,response,peak_91_180,1,2019-2021,1,UNKNOWN,2.8546875,1,unknown,unknown,media,organisation,100k+,0,90
1,91-180,response,peak_91_180,1,2019-2021,1,UNKNOWN,2.8546875,1,unknown,unknown,other,organisation,unknown,0,90
1,91-180,response,peak_91_180,1,2019-2021,1,UNKNOWN,2.8546875,1,unknown,unknown,technology,organisation,100k+,0,180
1,91-180,response,peak_91_180,1,2019-2021,1,UNKNOWN,2.8546875,1,unknown,unknown,technology,organisation,1k-10k,0,90
1,91-180,response,peak_91_180,1,2019-2021,1,UNKNOWN,2.8546875,1,unknown,unknown,technology,other_or_unknown,100k+,0,180
1,91-180,response,peak_91_180,1,2019-2021,2,HUGE,4.0,0,very_large,unknown,finance,organisation,10k-100k,0,180
1,91-180,response,peak_91_180,1,2019-2021,2,HUGE,4.0,0,very_large,unknown,government,government_body,unknown,0,90
1,91-180,response,peak_91_180,1,2019-2021,2,HUGE,4.0,0,very_large,unknown,government,organisation,1k-10k,0,90
1,91-180,response,peak_91_180,1,2019-2021,2,HUGE,4.0,0,very_large,unknown,telecom_transport,organisation,100k+,0,90
1,91-180,response,peak_91_180,1,2019-2021,2,LARGE,3.0,0,very_large,unknown,education,organisation,100k+,0,270
1,91-180,response,peak_91_180,1,2019-2021,2,LARGE,3.0,0,very_large,unknown,government,government_body,unknown,0,90
1,91-180,response,peak_91_180,1,2019-2021,2,LARGE,3.0,0,very_large,unknown,government,organisation,unknown,0,90
1,91-180,response,peak_91_180,1,2019-2021,2,MEDIUM,2.0,0,small,unknown,technology,organisation,unknown,0,90
1,91-180,response,peak_91_180,1,2019-2021,2,UNKNOWN,2.8546875,1,unknown,unknown,government,government_body,unknown,1,63
1,91-180,response,peak_91_180,1,2019-2021,3+,LARGE,3.0,0,very_large,unknown,education,organisation,1k-10k,0,90
1,91-180,response,peak_91_180,1,2019-2021,3+,UNKNOWN,2.8546875,1,unknown,unknown,government,government_body,unknown,0,90
1,91-180,response,peak_91_180,2,2022-2023,1,HUGE,4.0,0,unknown,unknown,government,government_body,1k-10k,0,90
1,91-180,response,peak_91_180,2,2022-2023,1,HUGE,4.0,0,unknown,unknown,government,organisation,unknown,0,2
1,91-180,response,peak_91_180,2,2022-2023,1,HUGE,4.0,0,unknown,unknown,industrial,organisation,<1k,0,90
1,91-180,response,peak_91_180,2,2022-2023,1,HUGE,4.0,0,very_large,unknown,education,organisation,10k-100k,0,90
1,91-180,response,peak_91_180,2,2022-2023,1,HUGE,4.0,0,very_large,unknown,government,government_body,100k+,0,180
1,91-180,response,peak_91_180,2,2022-2023,1,HUGE,4.0,0,very_large,unknown,government,government_body,10k-100k,0,170
1,91-180,response,peak_91_180,2,2022-2023,1,HUGE,4.0,0,very_large,unknown,government,government_body,1k-10k,0,90
1,91-180,response,peak_91_180,2,2022-2023,1,HUGE,4.0,0,very_large,unknown,government,government_body,unknown,0,270
1,91-180,response,peak_91_180,2,2022-2023,1,HUGE,4.0,0,very_large,unknown,government,organisation,10k-100k,0,180
1,91-180,response,peak_91_180,2,2022-2023,1,HUGE,4.0,0,very_large,unknown,government,organisation,<1k,0,90
1,91-180,response,peak_91_180,2,2022-2023,1,HUGE,4.0,0,very_large,unknown,government,organisation,unknown,0,95
1,91-180,response,peak_91_180,2,2022-2023,1,HUGE,4.0,0,very_large,unknown,health,organisation,unknown,0,90
1,91-180,response,peak_91_180,2,2022-2023,1,HUGE,4.0,0,very_large,unknown,other,organisation,unknown,0,540
1,91-180,response,peak_91_180,2,2022-2023,1,HUGE,4.0,0,very_large,unknown,retail,organisation,<1k,0,90
1,91-180,response,peak_91_180,2,2022-2023,1,HUGE,4.0,0,very_large,unknown,technology,organisation,100k+,0,243
1,91-180,response,peak_91_180,2,2022-2023,1,HUGE,4.0,0,very_large,unknown,technology,organisation,10k-100k,0,127
1,91-180,response,peak_91_180,2,2022-2023,1,HUGE,4.0,0,very_large,unknown,technology,organisation,<1k,0,90
1,91-180,response,peak_91_180,2,2022-2023,1,HUGE,4.0,0,very_large,unknown,technology,organisation,unknown,0,270
1,91-180,response,peak_91_180,2,2022-2023,1,HUGE,4.0,0,very_large,unknown,telecom_transport,organisation,100k+,0,90
1,91-180,response,peak_91_180,2,2022-2023,1,HUGE,4.0,0,very_large,unknown,telecom_transport,organisation,unknown,0,90
1,91-180,response,peak_91_180,2,2022-2023,1,LARGE,3.0,0,large,unknown,education,organisation,<1k,0,90
1,91-180,response,peak_91_180,2,2022-2023,1,LARGE,3.0,0,large,unknown,finance,organisation,100k+,0,90
1,91-180,response,peak_91_180,2,2022-2023,1,LARGE,3.0,0,large,unknown,finance,organisation,10k-100k,0,90
1,91-180,response,peak_91_180,2,2022-2023,1,LARGE,3.0,0,large,unknown,finance,organisation,<1k,0,90
1,91-180,response,peak_91_180,2,2022-2023,1,LARGE,3.0,0,large,unknown,government,organisation,unknown,0,180
1,91-180,response,peak_91_180,2,2022-2023,1,LARGE,3.0,0,large,unknown,health,organisation,100k+,0,90
1,91-180,response,peak_91_180,2,2022-2023,1,LARGE,3.0,0,large,unknown,health,organisation,unknown,0,90
1,91-180,response,peak_91_180,2,2022-2023,1,LARGE,3.0,0,large,unknown,industrial,organisation,unknown,0,90
1,91-180,response,peak_91_180,2,2022-2023,1,LARGE,3.0,0,large,unknown,other,organisation,100k+,0,90
1,91-180,response,peak_91_180,2,2022-2023,1,LARGE,3.0,0,large,unknown,other,organisation,10k-100k,0,90
1,91-180,response,peak_91_180,2,2022-2023,1,LARGE,3.0,0,large,unknown,other,organisation,1k-10k,0,90
1,91-180,response,peak_91_180,2,2022-2023,1,LARGE,3.0,0,large,unknown,other,organisation,unknown,0,270
1,91-180,response,peak_91_180,2,2022-2023,1,LARGE,3.0,0,large,unknown,retail,organisation,100k+,0,90
1,91-180,response,peak_91_180,2,2022-2023,1,LARGE,3.0,0,medium,unknown,education,organisation,<1k,0,90
1,91-180,response,peak_91_180,2,2022-2023,1,LARGE,3.0,0,medium,unknown,other,organisation,unknown,0,90
1,91-180,response,peak_91_180,2,2022-2023,1,LARGE,3.0,0,unknown,unknown,other,organisation,1k-10k,0,90
1,91-180,response,peak_91_180,2,2022-2023,1,LARGE,3.0,0,very_large,unknown,education,organisation,10k-100k,0,90
1,91-180,response,peak_91_180,2,2022-2023,1,LARGE,3.0,0,very_large,unknown,finance,organisation,10k-100k,0,90
1,91-180,response,peak_91_180,2,2022-2023,1,LARGE,3.0,0,very_large,unknown,finance,organisation,unknown,0,180
1,91-180,response,peak_91_180,2,2022-2023,1,LARGE,3.0,0,very_large,unknown,government,organisation,10k-100k,0,90
1,91-180,response,peak_91_180,2,2022-2023,1,LARGE,3.0,0,very_large,unknown,government,organisation,unknown,0,270
1,91-180,response,peak_91_180,2,2022-2023,1,LARGE,3.0,0,very_large,unknown,government,other_or_unknown,100k+,0,90
1,91-180,response,peak_91_180,2,2022-2023,1,LARGE,3.0,0,very_large,unknown,health,organisation,100k+,0,180
1,91-180,response,peak_91_180,2,2022-2023,1,LARGE,3.0,0,very_large,unknown,health,organisation,10k-100k,0,32
1,91-180,response,peak_91_180,2,2022-2023,1,LARGE,3.0,0,very_large,unknown,industrial,organisation,1k-10k,0,90
1,91-180,response,peak_91_180,2,2022-2023,1,LARGE,3.0,0,very_large,unknown,media,organisation,<1k,0,90
1,91-180,response,peak_91_180,2,2022-2023,1,LARGE,3.0,0,very_large,unknown,other,organisation,unknown,0,270
1,91-180,response,peak_91_180,2,2022-2023,1,LARGE,3.0,0,very_large,unknown,retail,organisation,100k+,0,32
1,91-180,response,peak_91_180,2,2022-2023,1,LARGE,3.0,0,very_large,unknown,technology,organisation,1k-10k,0,90
1,91-180,response,peak_91_180,2,2022-2023,1,LARGE,3.0,0,very_large,unknown,technology,organisation,unknown,0,90
1,91-180,response,peak_91_180,2,2022-2023,1,LARGE,3.0,0,very_large,unknown,technology,other_or_unknown,unknown,0,90
1,91-180,response,peak_91_180,2,2022-2023,1,MEDIUM,2.0,0,medium,unknown,finance,organisation,10k-100k,0,90
1,91-180,response,peak_91_180,2,2022-2023,1,MEDIUM,2.0,0,medium,unknown,government,government_body,100k+,0,90
1,91-180,response,peak_91_180,2,2022-2023,1,MEDIUM,2.0,0,medium,unknown,government,government_body,unknown,0,90
1,91-180,response,peak_91_180,2,2022-2023,1,MEDIUM,2.0,0,medium,unknown,government,organisation,10k-100k,0,136
1,91-180,response,peak_91_180,2,2022-2023,1,MEDIUM,2.0,0,medium,unknown,government,organisation,unknown,0,144
1,91-180,response,peak_91_180,2,2022-2023,1,MEDIUM,2.0,0,medium,unknown,other,organisation,100k+,0,90
1,91-180,response,peak_91_180,2,2022-2023,1,MEDIUM,2.0,0,medium,unknown,other,organisation,10k-100k,0,270
1,91-180,response,peak_91_180,2,2022-2023,1,MEDIUM,2.0,0,medium,unknown,other,organisation,1k-10k,0,90
1,91-180,response,peak_91_180,2,2022-2023,1,MEDIUM,2.0,0,medium,unknown,other,organisation,unknown,0,360
1,91-180,response,peak_91_180,2,2022-2023,1,MEDIUM,2.0,0,medium,unknown,retail,organisation,100k+,0,90
1,91-180,response,peak_91_180,2,2022-2023,1,MEDIUM,2.0,0,medium,unknown,technology,organisation,unknown,0,226
1,91-180,response,peak_91_180,2,2022-2023,1,MEDIUM,2.0,0,small,unknown,finance,organisation,1k-10k,0,90
1,91-180,response,peak_91_180,2,2022-2023,1,MEDIUM,2.0,0,small,unknown,government,government_body,unknown,0,90
1,91-180,response,peak_91_180,2,2022-2023,1,MEDIUM,2.0,0,small,unknown,health,organisation,100k+,0,32
1,91-180,response,peak_91_180,2,2022-2023,1,MEDIUM,2.0,0,small,unknown,other,organisation,10k-100k,0,90
1,91-180,response,peak_91_180,2,2022-2023,1,SMALL,1.0,0,small,unknown,health,organisation,unknown,0,88
1,91-180,response,peak_91_180,2,2022-2023,1,SMALL,1.0,0,small,unknown,other,organisation,10k-100k,0,270
1,91-180,response,peak_91_180,2,2022-2023,1,SMALL,1.0,0,small,unknown,other,organisation,1k-10k,0,90
1,91-180,response,peak_91_180,2,2022-2023,1,SMALL,1.0,0,small,unknown,technology,organisation,10k-100k,0,90
1,91-180,response,peak_91_180,2,2022-2023,1,SMALL,1.0,0,small,unknown,technology,organisation,unknown,0,90
1,91-180,response,peak_91_180,2,2022-2023,1,UNKNOWN,2.8546875,1,unknown,unknown,health,organisation,100k+,0,90
1,91-180,response,peak_91_180,2,2022-2023,1,UNKNOWN,2.8546875,1,unknown,unknown,health,organisation,1k-10k,0,32
1,91-180,response,peak_91_180,2,2022-2023,1,UNKNOWN,2.8546875,1,unknown,unknown,health,organisation,unknown,0,90
1,91-180,response,peak_91_180,2,2022-2023,1,UNKNOWN,2.8546875,1,unknown,unknown,other,organisation,1k-10k,0,90
1,91-180,response,peak_91_180,2,2022-2023,1,UNKNOWN,2.8546875,1,unknown,unknown,other,organisation,unknown,0,90
1,91-180,response,peak_91_180,2,2022-2023,1,UNKNOWN,2.8546875,1,unknown,unknown,technology,other_or_unknown,100k+,0,90
1,91-180,response,peak_91_180,2,2022-2023,2,HUGE,4.0,0,very_large,unknown,government,government_body,1k-10k,0,90
1,91-180,response,peak_91_180,2,2022-2023,2,HUGE,4.0,0,very_large,unknown,government,organisation,100k+,0,90
1,91-180,response,peak_91_180,2,2022-2023,2,HUGE,4.0,0,very_large,unknown,government,organisation,1k-10k,0,180
1,91-180,response,peak_91_180,2,2022-2023,2,HUGE,4.0,0,very_large,unknown,government,organisation,<1k,0,90
1,91-180,response,peak_91_180,2,2022-2023,2,HUGE,4.0,0,very_large,unknown,technology,organisation,100k+,0,90
1,91-180,response,peak_91_180,2,2022-2023,2,HUGE,4.0,0,very_large,unknown,technology,organisation,unknown,0,180
1,91-180,response,peak_91_180,2,2022-2023,2,HUGE,4.0,0,very_large,unknown,telecom_transport,organisation,100k+,0,90
1,91-180,response,peak_91_180,2,2022-2023,2,LARGE,3.0,0,large,unknown,government,organisation,unknown,0,90
1,91-180,response,peak_91_180,2,2022-2023,2,LARGE,3.0,0,unknown,unknown,education,organisation,1k-10k,0,90
1,91-180,response,peak_91_180,2,2022-2023,2,LARGE,3.0,0,very_large,unknown,education,organisation,1k-10k,0,90
1,91-180,response,peak_91_180,2,2022-2023,3+,HUGE,4.0,0,very_large,unknown,government,government_body,unknown,0,90
1,91-180,response,peak_91_180,2,2022-2023,3+,HUGE,4.0,0,very_large,unknown,telecom_transport,organisation,10k-100k,0,90
1,91-180,response,peak_91_180,2,2022-2023,3+,LARGE,3.0,0,very_large,unknown,education,organisation,1k-10k,0,90
1,91-180,response,peak_91_180,2,2022-2023,3+,LARGE,3.0,0,very_large,unknown,education,organisation,unknown,0,90
1,91-180,response,peak_91_180,2,2022-2023,3+,UNKNOWN,2.8546875,1,unknown,unknown,government,government_body,1k-10k,1,56
1,91-180,response,peak_91_180,2,2022-2023,3+,UNKNOWN,2.8546875,1,unknown,unknown,government,government_body,unknown,0,90
1,91-180,response,peak_91_180,3,2024-2026,1,HUGE,4.0,0,unknown,unknown,government,organisation,unknown,0,90
1,91-180,response,peak_91_180,3,2024-2026,1,HUGE,4.0,0,unknown,unknown,other,organisation,10k-100k,0,90
1,91-180,response,peak_91_180,3,2024-2026,1,HUGE,4.0,0,very_large,unknown,education,organisation,10k-100k,0,180
1,91-180,response,peak_91_180,3,2024-2026,1,HUGE,4.0,0,very_large,unknown,finance,organisation,1k-10k,0,90
1,91-180,response,peak_91_180,3,2024-2026,1,HUGE,4.0,0,very_large,unknown,finance,organisation,unknown,0,90
1,91-180,response,peak_91_180,3,2024-2026,1,HUGE,4.0,0,very_large,unknown,finance,other_or_unknown,10k-100k,0,90
1,91-180,response,peak_91_180,3,2024-2026,1,HUGE,4.0,0,very_large,unknown,government,government_body,10k-100k,0,10
1,91-180,response,peak_91_180,3,2024-2026,1,HUGE,4.0,0,very_large,unknown,government,government_body,1k-10k,0,90
1,91-180,response,peak_91_180,3,2024-2026,1,HUGE,4.0,0,very_large,unknown,government,government_body,unknown,0,450
1,91-180,response,peak_91_180,3,2024-2026,1,HUGE,4.0,0,very_large,unknown,government,organisation,100k+,0,180
1,91-180,response,peak_91_180,3,2024-2026,1,HUGE,4.0,0,very_large,unknown,government,organisation,10k-100k,0,90
1,91-180,response,peak_91_180,3,2024-2026,1,HUGE,4.0,0,very_large,unknown,government,organisation,unknown,0,332
1,91-180,response,peak_91_180,3,2024-2026,1,HUGE,4.0,0,very_large,unknown,health,organisation,100k+,0,90
1,91-180,response,peak_91_180,3,2024-2026,1,HUGE,4.0,0,very_large,unknown,health,organisation,10k-100k,0,90
1,91-180,response,peak_91_180,3,2024-2026,1,HUGE,4.0,0,very_large,unknown,health,organisation,unknown,0,147
1,91-180,response,peak_91_180,3,2024-2026,1,HUGE,4.0,0,very_large,unknown,industrial,organisation,<1k,0,2
1,91-180,response,peak_91_180,3,2024-2026,1,HUGE,4.0,0,very_large,unknown,other,organisation,100k+,0,270
1,91-180,response,peak_91_180,3,2024-2026,1,HUGE,4.0,0,very_large,unknown,other,organisation,10k-100k,0,90
1,91-180,response,peak_91_180,3,2024-2026,1,HUGE,4.0,0,very_large,unknown,other,organisation,1k-10k,0,180
1,91-180,response,peak_91_180,3,2024-2026,1,HUGE,4.0,0,very_large,unknown,other,organisation,<1k,0,90
1,91-180,response,peak_91_180,3,2024-2026,1,HUGE,4.0,0,very_large,unknown,other,organisation,unknown,0,270
1,91-180,response,peak_91_180,3,2024-2026,1,HUGE,4.0,0,very_large,unknown,other,other_or_unknown,unknown,0,90
1,91-180,response,peak_91_180,3,2024-2026,1,HUGE,4.0,0,very_large,unknown,retail,organisation,100k+,0,90
1,91-180,response,peak_91_180,3,2024-2026,1,HUGE,4.0,0,very_large,unknown,retail,organisation,unknown,0,180
1,91-180,response,peak_91_180,3,2024-2026,1,HUGE,4.0,0,very_large,unknown,technology,organisation,100k+,1,405
1,91-180,response,peak_91_180,3,2024-2026,1,HUGE,4.0,0,very_large,unknown,technology,organisation,10k-100k,0,90
1,91-180,response,peak_91_180,3,2024-2026,1,HUGE,4.0,0,very_large,unknown,technology,organisation,1k-10k,0,90
1,91-180,response,peak_91_180,3,2024-2026,1,HUGE,4.0,0,very_large,unknown,technology,organisation,unknown,0,486
1,91-180,response,peak_91_180,3,2024-2026,1,HUGE,4.0,0,very_large,unknown,telecom_transport,organisation,unknown,0,90
1,91-180,response,peak_91_180,3,2024-2026,1,LARGE,3.0,0,large,unknown,education,organisation,100k+,0,90
1,91-180,response,peak_91_180,3,2024-2026,1,LARGE,3.0,0,large,unknown,education,organisation,unknown,0,180
1,91-180,response,peak_91_180,3,2024-2026,1,LARGE,3.0,0,large,unknown,finance,organisation,100k+,0,336
1,91-180,response,peak_91_180,3,2024-2026,1,LARGE,3.0,0,large,unknown,finance,organisation,1k-10k,0,90
1,91-180,response,peak_91_180,3,2024-2026,1,LARGE,3.0,0,large,unknown,finance,organisation,unknown,0,270
1,91-180,response,peak_91_180,3,2024-2026,1,LARGE,3.0,0,large,unknown,government,organisation,unknown,0,270
1,91-180,response,peak_91_180,3,2024-2026,1,LARGE,3.0,0,large,unknown,health,organisation,<1k,0,90
1,91-180,response,peak_91_180,3,2024-2026,1,LARGE,3.0,0,large,unknown,health,organisation,unknown,0,270
1,91-180,response,peak_91_180,3,2024-2026,1,LARGE,3.0,0,large,unknown,other,organisation,100k+,0,180
1,91-180,response,peak_91_180,3,2024-2026,1,LARGE,3.0,0,large,unknown,other,organisation,10k-100k,0,180
1,91-180,response,peak_91_180,3,2024-2026,1,LARGE,3.0,0,large,unknown,other,organisation,<1k,0,180
1,91-180,response,peak_91_180,3,2024-2026,1,LARGE,3.0,0,large,unknown,other,organisation,unknown,0,1260
1,91-180,response,peak_91_180,3,2024-2026,1,LARGE,3.0,0,large,unknown,retail,organisation,100k+,0,90
1,91-180,response,peak_91_180,3,2024-2026,1,LARGE,3.0,0,large,unknown,retail,organisation,10k-100k,0,90
1,91-180,response,peak_91_180,3,2024-2026,1,LARGE,3.0,0,large,unknown,retail,organisation,unknown,0,10
1,91-180,response,peak_91_180,3,2024-2026,1,LARGE,3.0,0,large,unknown,technology,organisation,100k+,0,180
1,91-180,response,peak_91_180,3,2024-2026,1,LARGE,3.0,0,large,unknown,technology,organisation,10k-100k,0,90
1,91-180,response,peak_91_180,3,2024-2026,1,LARGE,3.0,0,large,unknown,technology,organisation,1k-10k,0,90
1,91-180,response,peak_91_180,3,2024-2026,1,LARGE,3.0,0,large,unknown,technology,organisation,unknown,0,309
1,91-180,response,peak_91_180,3,2024-2026,1,LARGE,3.0,0,large,unknown,telecom_transport,organisation,1k-10k,0,90
1,91-180,response,peak_91_180,3,2024-2026,1,LARGE,3.0,0,medium,unknown,government,organisation,1k-10k,0,90
1,91-180,response,peak_91_180,3,2024-2026,1,LARGE,3.0,0,medium,unknown,government,organisation,unknown,0,90
1,91-180,response,peak_91_180,3,2024-2026,1,LARGE,3.0,0,medium,unknown,health,organisation,unknown,0,90
1,91-180,response,peak_91_180,3,2024-2026,1,LARGE,3.0,0,medium,unknown,other,organisation,1k-10k,0,90
1,91-180,response,peak_91_180,3,2024-2026,1,LARGE,3.0,0,medium,unknown,other,organisation,unknown,0,126
1,91-180,response,peak_91_180,3,2024-2026,1,LARGE,3.0,0,medium,unknown,technology,organisation,10k-100k,0,90
1,91-180,response,peak_91_180,3,2024-2026,1,LARGE,3.0,0,unknown,unknown,other,organisation,100k+,0,90
1,91-180,response,peak_91_180,3,2024-2026,1,LARGE,3.0,0,very_large,unknown,education,organisation,100k+,0,90
1,91-180,response,peak_91_180,3,2024-2026,1,LARGE,3.0,0,very_large,unknown,education,organisation,unknown,0,90
1,91-180,response,peak_91_180,3,2024-2026,1,LARGE,3.0,0,very_large,unknown,finance,organisation,100k+,0,90
1,91-180,response,peak_91_180,3,2024-2026,1,LARGE,3.0,0,very_large,unknown,finance,organisation,10k-100k,1,226
1,91-180,response,peak_91_180,3,2024-2026,1,LARGE,3.0,0,very_large,unknown,finance,organisation,<1k,0,90
1,91-180,response,peak_91_180,3,2024-2026,1,LARGE,3.0,0,very_large,unknown,finance,organisation,unknown,0,180
1,91-180,response,peak_91_180,3,2024-2026,1,LARGE,3.0,0,very_large,unknown,government,government_body,<1k,0,90
1,91-180,response,peak_91_180,3,2024-2026,1,LARGE,3.0,0,very_large,unknown,government,government_body,unknown,0,270
1,91-180,response,peak_91_180,3,2024-2026,1,LARGE,3.0,0,very_large,unknown,government,organisation,10k-100k,0,90
1,91-180,response,peak_91_180,3,2024-2026,1,LARGE,3.0,0,very_large,unknown,government,organisation,1k-10k,0,72
1,91-180,response,peak_91_180,3,2024-2026,1,LARGE,3.0,0,very_large,unknown,government,organisation,<1k,0,90
1,91-180,response,peak_91_180,3,2024-2026,1,LARGE,3.0,0,very_large,unknown,government,organisation,unknown,0,270
1,91-180,response,peak_91_180,3,2024-2026,1,LARGE,3.0,0,very_large,unknown,health,organisation,10k-100k,0,58
1,91-180,response,peak_91_180,3,2024-2026,1,LARGE,3.0,0,very_large,unknown,health,organisation,<1k,0,90
1,91-180,response,peak_91_180,3,2024-2026,1,LARGE,3.0,0,very_large,unknown,health,organisation,unknown,0,264
1,91-180,response,peak_91_180,3,2024-2026,1,LARGE,3.0,0,very_large,unknown,other,organisation,100k+,0,180
1,91-180,response,peak_91_180,3,2024-2026,1,LARGE,3.0,0,very_large,unknown,other,organisation,unknown,0,1202
1,91-180,response,peak_91_180,3,2024-2026,1,LARGE,3.0,0,very_large,unknown,retail,organisation,100k+,0,58
1,91-180,response,peak_91_180,3,2024-2026,1,LARGE,3.0,0,very_large,unknown,retail,organisation,10k-100k,0,90
1,91-180,response,peak_91_180,3,2024-2026,1,LARGE,3.0,0,very_large,unknown,technology,organisation,unknown,0,306
1,91-180,response,peak_91_180,3,2024-2026,1,LARGE,3.0,0,very_large,unknown,telecom_transport,organisation,1k-10k,0,90
1,91-180,response,peak_91_180,3,2024-2026,1,MEDIUM,2.0,0,medium,unknown,education,organisation,<1k,0,90
1,91-180,response,peak_91_180,3,2024-2026,1,MEDIUM,2.0,0,medium,unknown,education,organisation,unknown,0,180
1,91-180,response,peak_91_180,3,2024-2026,1,MEDIUM,2.0,0,medium,unknown,finance,organisation,100k+,0,90
1,91-180,response,peak_91_180,3,2024-2026,1,MEDIUM,2.0,0,medium,unknown,finance,organisation,unknown,0,36
1,91-180,response,peak_91_180,3,2024-2026,1,MEDIUM,2.0,0,medium,unknown,government,government_body,<1k,0,90
1,91-180,response,peak_91_180,3,2024-2026,1,MEDIUM,2.0,0,medium,unknown,government,government_body,unknown,0,90
1,91-180,response,peak_91_180,3,2024-2026,1,MEDIUM,2.0,0,medium,unknown,government,organisation,10k-100k,0,134
1,91-180,response,peak_91_180,3,2024-2026,1,MEDIUM,2.0,0,medium,unknown,government,organisation,unknown,0,216
1,91-180,response,peak_91_180,3,2024-2026,1,MEDIUM,2.0,0,medium,unknown,health,organisation,100k+,0,90
1,91-180,response,peak_91_180,3,2024-2026,1,MEDIUM,2.0,0,medium,unknown,health,organisation,10k-100k,0,90
1,91-180,response,peak_91_180,3,2024-2026,1,MEDIUM,2.0,0,medium,unknown,health,organisation,unknown,0,308
1,91-180,response,peak_91_180,3,2024-2026,1,MEDIUM,2.0,0,medium,unknown,industrial,organisation,10k-100k,0,90
1,91-180,response,peak_91_180,3,2024-2026,1,MEDIUM,2.0,0,medium,unknown,industrial,organisation,<1k,0,90
1,91-180,response,peak_91_180,3,2024-2026,1,MEDIUM,2.0,0,medium,unknown,industrial,organisation,unknown,0,180
1,91-180,response,peak_91_180,3,2024-2026,1,MEDIUM,2.0,0,medium,unknown,other,organisation,100k+,0,306
1,91-180,response,peak_91_180,3,2024-2026,1,MEDIUM,2.0,0,medium,unknown,other,organisation,10k-100k,0,90
1,91-180,response,peak_91_180,3,2024-2026,1,MEDIUM,2.0,0,medium,unknown,other,organisation,1k-10k,0,90
1,91-180,response,peak_91_180,3,2024-2026,1,MEDIUM,2.0,0,medium,unknown,other,organisation,<1k,0,174
1,91-180,response,peak_91_180,3,2024-2026,1,MEDIUM,2.0,0,medium,unknown,other,organisation,unknown,0,1936
1,91-180,response,peak_91_180,3,2024-2026,1,MEDIUM,2.0,0,medium,unknown,retail,organisation,100k+,0,180
1,91-180,response,peak_91_180,3,2024-2026,1,MEDIUM,2.0,0,medium,unknown,retail,organisation,unknown,0,37
1,91-180,response,peak_91_180,3,2024-2026,1,MEDIUM,2.0,0,medium,unknown,technology,organisation,100k+,0,270
1,91-180,response,peak_91_180,3,2024-2026,1,MEDIUM,2.0,0,medium,unknown,technology,organisation,10k-100k,0,90
1,91-180,response,peak_91_180,3,2024-2026,1,MEDIUM,2.0,0,medium,unknown,technology,organisation,unknown,0,404
1,91-180,response,peak_91_180,3,2024-2026,1,MEDIUM,2.0,0,small,unknown,education,organisation,unknown,0,270
1,91-180,response,peak_91_180,3,2024-2026,1,MEDIUM,2.0,0,small,unknown,finance,organisation,10k-100k,0,90
1,91-180,response,peak_91_180,3,2024-2026,1,MEDIUM,2.0,0,small,unknown,finance,organisation,1k-10k,0,90
1,91-180,response,peak_91_180,3,2024-2026,1,MEDIUM,2.0,0,small,unknown,government,government_body,unknown,0,90
1,91-180,response,peak_91_180,3,2024-2026,1,MEDIUM,2.0,0,small,unknown,government,organisation,10k-100k,0,90
1,91-180,response,peak_91_180,3,2024-2026,1,MEDIUM,2.0,0,small,unknown,government,organisation,unknown,0,180
1,91-180,response,peak_91_180,3,2024-2026,1,MEDIUM,2.0,0,small,unknown,health,organisation,100k+,0,148
1,91-180,response,peak_91_180,3,2024-2026,1,MEDIUM,2.0,0,small,unknown,health,organisation,unknown,0,242
1,91-180,response,peak_91_180,3,2024-2026,1,MEDIUM,2.0,0,small,unknown,media,organisation,unknown,0,90
1,91-180,response,peak_91_180,3,2024-2026,1,MEDIUM,2.0,0,small,unknown,other,organisation,100k+,0,180
1,91-180,response,peak_91_180,3,2024-2026,1,MEDIUM,2.0,0,small,unknown,other,organisation,10k-100k,0,123
1,91-180,response,peak_91_180,3,2024-2026,1,MEDIUM,2.0,0,small,unknown,other,organisation,1k-10k,0,180
1,91-180,response,peak_91_180,3,2024-2026,1,MEDIUM,2.0,0,small,unknown,other,organisation,unknown,0,1191
1,91-180,response,peak_91_180,3,2024-2026,1,MEDIUM,2.0,0,small,unknown,retail,organisation,unknown,0,90
1,91-180,response,peak_91_180,3,2024-2026,1,MEDIUM,2.0,0,small,unknown,technology,organisation,100k+,0,90
1,91-180,response,peak_91_180,3,2024-2026,1,MEDIUM,2.0,0,small,unknown,technology,organisation,1k-10k,0,90
1,91-180,response,peak_91_180,3,2024-2026,1,MEDIUM,2.0,0,small,unknown,technology,organisation,unknown,0,180
1,91-180,response,peak_91_180,3,2024-2026,1,MEDIUM,2.0,0,small,unknown,telecom_transport,organisation,unknown,0,90
1,91-180,response,peak_91_180,3,2024-2026,1,MEDIUM,2.0,0,unknown,unknown,education,organisation,<1k,0,90
1,91-180,response,peak_91_180,3,2024-2026,1,MEDIUM,2.0,0,unknown,unknown,other,organisation,1k-10k,0,90
1,91-180,response,peak_91_180,3,2024-2026,1,MEDIUM,2.0,0,unknown,unknown,other,organisation,unknown,0,180
1,91-180,response,peak_91_180,3,2024-2026,1,MEDIUM,2.0,0,unknown,unknown,retail,organisation,unknown,0,90
1,91-180,response,peak_91_180,3,2024-2026,1,SMALL,1.0,0,small,unknown,finance,organisation,unknown,0,180
1,91-180,response,peak_91_180,3,2024-2026,1,SMALL,1.0,0,small,unknown,health,organisation,10k-100k,0,90
1,91-180,response,peak_91_180,3,2024-2026,1,SMALL,1.0,0,small,unknown,health,organisation,1k-10k,0,90
1,91-180,response,peak_91_180,3,2024-2026,1,SMALL,1.0,0,small,unknown,health,organisation,<1k,0,29
1,91-180,response,peak_91_180,3,2024-2026,1,SMALL,1.0,0,small,unknown,health,organisation,unknown,0,445
1,91-180,response,peak_91_180,3,2024-2026,1,SMALL,1.0,0,small,unknown,industrial,organisation,unknown,0,90
1,91-180,response,peak_91_180,3,2024-2026,1,SMALL,1.0,0,small,unknown,other,organisation,10k-100k,0,90
1,91-180,response,peak_91_180,3,2024-2026,1,SMALL,1.0,0,small,unknown,other,organisation,1k-10k,0,90
1,91-180,response,peak_91_180,3,2024-2026,1,SMALL,1.0,0,small,unknown,other,organisation,<1k,0,90
1,91-180,response,peak_91_180,3,2024-2026,1,SMALL,1.0,0,small,unknown,other,organisation,unknown,0,857
1,91-180,response,peak_91_180,3,2024-2026,1,SMALL,1.0,0,small,unknown,retail,organisation,unknown,0,180
1,91-180,response,peak_91_180,3,2024-2026,1,SMALL,1.0,0,small,unknown,technology,organisation,100k+,0,90
1,91-180,response,peak_91_180,3,2024-2026,1,SMALL,1.0,0,small,unknown,technology,organisation,<1k,0,26
1,91-180,response,peak_91_180,3,2024-2026,1,SMALL,1.0,0,small,unknown,technology,organisation,unknown,0,206
1,91-180,response,peak_91_180,3,2024-2026,1,SMALL,1.0,0,small,unknown,telecom_transport,organisation,10k-100k,0,90
1,91-180,response,peak_91_180,3,2024-2026,1,SMALL,1.0,0,unknown,unknown,health,organisation,100k+,0,90
1,91-180,response,peak_91_180,3,2024-2026,1,SMALL,1.0,0,unknown,unknown,other,organisation,100k+,0,90
1,91-180,response,peak_91_180,3,2024-2026,1,SMALL,1.0,0,unknown,unknown,other,organisation,unknown,0,159
1,91-180,response,peak_91_180,3,2024-2026,1,UNKNOWN,2.8546875,1,unknown,unknown,education,organisation,unknown,0,10
1,91-180,response,peak_91_180,3,2024-2026,1,UNKNOWN,2.8546875,1,unknown,unknown,finance,organisation,<1k,0,90
1,91-180,response,peak_91_180,3,2024-2026,1,UNKNOWN,2.8546875,1,unknown,unknown,finance,organisation,unknown,0,90
1,91-180,response,peak_91_180,3,2024-2026,1,UNKNOWN,2.8546875,1,unknown,unknown,government,other_or_unknown,<1k,0,90
1,91-180,response,peak_91_180,3,2024-2026,1,UNKNOWN,2.8546875,1,unknown,unknown,government,other_or_unknown,unknown,0,90
1,91-180,response,peak_91_180,3,2024-2026,1,UNKNOWN,2.8546875,1,unknown,unknown,health,organisation,100k+,0,90
1,91-180,response,peak_91_180,3,2024-2026,1,UNKNOWN,2.8546875,1,unknown,unknown,health,organisation,1k-10k,0,58
1,91-180,response,peak_91_180,3,2024-2026,1,UNKNOWN,2.8546875,1,unknown,unknown,health,organisation,unknown,0,360
1,91-180,response,peak_91_180,3,2024-2026,1,UNKNOWN,2.8546875,1,unknown,unknown,other,organisation,100k+,0,180
1,91-180,response,peak_91_180,3,2024-2026,1,UNKNOWN,2.8546875,1,unknown,unknown,other,organisation,unknown,0,474
1,91-180,response,peak_91_180,3,2024-2026,1,UNKNOWN,2.8546875,1,unknown,unknown,other,other_or_unknown,unknown,0,90
1,91-180,response,peak_91_180,3,2024-2026,1,UNKNOWN,2.8546875,1,unknown,unknown,technology,organisation,unknown,0,90
1,91-180,response,peak_91_180,3,2024-2026,1,UNKNOWN,2.8546875,1,unknown,unknown,telecom_transport,organisation,unknown,0,90
1,91-180,response,peak_91_180,3,2024-2026,2,HUGE,4.0,0,very_large,unknown,finance,organisation,10k-100k,1,91
1,91-180,response,peak_91_180,3,2024-2026,2,HUGE,4.0,0,very_large,unknown,finance,organisation,unknown,0,90
1,91-180,response,peak_91_180,3,2024-2026,2,HUGE,4.0,0,very_large,unknown,government,government_body,unknown,0,274
1,91-180,response,peak_91_180,3,2024-2026,2,HUGE,4.0,0,very_large,unknown,health,organisation,<1k,0,90
1,91-180,response,peak_91_180,3,2024-2026,2,HUGE,4.0,0,very_large,unknown,technology,organisation,10k-100k,1,268
1,91-180,response,peak_91_180,3,2024-2026,2,HUGE,4.0,0,very_large,unknown,telecom_transport,organisation,<1k,0,90
1,91-180,response,peak_91_180,3,2024-2026,2,LARGE,3.0,0,large,unknown,education,organisation,unknown,0,90
1,91-180,response,peak_91_180,3,2024-2026,2,LARGE,3.0,0,very_large,unknown,finance,organisation,unknown,0,90
1,91-180,response,peak_91_180,3,2024-2026,2,LARGE,3.0,0,very_large,unknown,technology,organisation,unknown,0,62
1,91-180,response,peak_91_180,3,2024-2026,2,MEDIUM,2.0,0,medium,unknown,health,organisation,100k+,0,90
1,91-180,response,peak_91_180,3,2024-2026,2,MEDIUM,2.0,0,medium,unknown,industrial,organisation,unknown,0,90
1,91-180,response,peak_91_180,3,2024-2026,2,MEDIUM,2.0,0,medium,unknown,technology,organisation,unknown,0,2
1,91-180,response,peak_91_180,3,2024-2026,2,MEDIUM,2.0,0,small,unknown,finance,organisation,100k+,0,90
1,91-180,response,peak_91_180,3,2024-2026,2,UNKNOWN,2.8546875,1,unknown,unknown,government,other_or_unknown,unknown,0,90
1,91-180,response,peak_91_180,3,2024-2026,2,UNKNOWN,2.8546875,1,unknown,unknown,health,organisation,unknown,0,90
1,91-180,response,peak_91_180,3,2024-2026,3+,HUGE,4.0,0,very_large,unknown,finance,organisation,100k+,1,79
1,91-180,response,peak_91_180,3,2024-2026,3+,HUGE,4.0,0,very_large,unknown,finance,organisation,10k-100k,2,311
1,91-180,response,peak_91_180,3,2024-2026,3+,HUGE,4.0,0,very_large,unknown,finance,organisation,unknown,1,201
1,91-180,response,peak_91_180,3,2024-2026,3+,HUGE,4.0,0,very_large,unknown,government,government_body,1k-10k,0,90
1,91-180,response,peak_91_180,3,2024-2026,3+,HUGE,4.0,0,very_large,unknown,government,government_body,unknown,0,90
1,91-180,response,peak_91_180,3,2024-2026,3+,HUGE,4.0,0,very_large,unknown,technology,organisation,10k-100k,1,42
1,91-180,response,peak_91_180,3,2024-2026,3+,HUGE,4.0,0,very_large,unknown,technology,organisation,1k-10k,0,8
1,91-180,response,peak_91_180,3,2024-2026,3+,HUGE,4.0,0,very_large,unknown,technology,organisation,unknown,0,90
1,91-180,response,peak_91_180,3,2024-2026,3+,HUGE,4.0,0,very_large,unknown,telecom_transport,organisation,100k+,0,90
1,91-180,response,peak_91_180,3,2024-2026,3+,HUGE,4.0,0,very_large,unknown,telecom_transport,organisation,10k-100k,0,90
1,91-180,response,peak_91_180,3,2024-2026,3+,LARGE,3.0,0,large,unknown,government,organisation,unknown,0,90
1,91-180,response,peak_91_180,3,2024-2026,3+,LARGE,3.0,0,very_large,unknown,education,organisation,10k-100k,0,270
1,91-180,response,peak_91_180,3,2024-2026,3+,LARGE,3.0,0,very_large,unknown,education,organisation,1k-10k,0,90
1,91-180,response,peak_91_180,3,2024-2026,3+,LARGE,3.0,0,very_large,unknown,education,organisation,unknown,1,265
1,91-180,response,peak_91_180,3,2024-2026,3+,LARGE,3.0,0,very_large,unknown,government,government_body,unknown,0,90
1,91-180,response,peak_91_180,3,2024-2026,3+,UNKNOWN,2.8546875,1,unknown,unknown,government,government_body,unknown,0,180
2,181-365,response,post_180,0,2012-2018,1,HUGE,4.0,0,very_large,unknown,finance,organisation,10k-100k,0,185
2,181-365,response,post_180,0,2012-2018,1,HUGE,4.0,0,very_large,unknown,government,government_body,1k-10k,0,185
2,181-365,response,post_180,0,2012-2018,1,HUGE,4.0,0,very_large,unknown,government,organisation,10k-100k,0,185
2,181-365,response,post_180,0,2012-2018,1,HUGE,4.0,0,very_large,unknown,government,organisation,1k-10k,0,185
2,181-365,response,post_180,0,2012-2018,1,HUGE,4.0,0,very_large,unknown,other,organisation,1k-10k,0,185
2,181-365,response,post_180,0,2012-2018,1,HUGE,4.0,0,very_large,unknown,other,organisation,unknown,0,250
2,181-365,response,post_180,0,2012-2018,1,HUGE,4.0,0,very_large,unknown,technology,organisation,100k+,0,555
2,181-365,response,post_180,0,2012-2018,1,HUGE,4.0,0,very_large,unknown,technology,organisation,unknown,0,185
2,181-365,response,post_180,0,2012-2018,1,LARGE,3.0,0,very_large,unknown,education,organisation,1k-10k,0,185
2,181-365,response,post_180,0,2012-2018,1,LARGE,3.0,0,very_large,unknown,education,organisation,unknown,0,185
2,181-365,response,post_180,0,2012-2018,1,MEDIUM,2.0,0,small,unknown,finance,organisation,<1k,0,185
2,181-365,response,post_180,0,2012-2018,1,SMALL,1.0,0,small,unknown,government,organisation,10k-100k,0,185
2,181-365,response,post_180,0,2012-2018,1,SMALL,1.0,0,small,unknown,industrial,organisation,100k+,0,185
2,181-365,response,post_180,1,2019-2021,1,HUGE,4.0,0,very_large,unknown,education,organisation,unknown,0,136
2,181-365,response,post_180,1,2019-2021,1,HUGE,4.0,0,very_large,unknown,finance,organisation,10k-100k,0,555
2,181-365,response,post_180,1,2019-2021,1,HUGE,4.0,0,very_large,unknown,government,government_body,10k-100k,0,185
2,181-365,response,post_180,1,2019-2021,1,HUGE,4.0,0,very_large,unknown,government,organisation,10k-100k,0,185
2,181-365,response,post_180,1,2019-2021,1,HUGE,4.0,0,very_large,unknown,government,organisation,1k-10k,0,185
2,181-365,response,post_180,1,2019-2021,1,HUGE,4.0,0,very_large,unknown,government,organisation,unknown,0,925
2,181-365,response,post_180,1,2019-2021,1,HUGE,4.0,0,very_large,unknown,health,organisation,10k-100k,0,111
2,181-365,response,post_180,1,2019-2021,1,HUGE,4.0,0,very_large,unknown,health,organisation,1k-10k,0,185
2,181-365,response,post_180,1,2019-2021,1,HUGE,4.0,0,very_large,unknown,health,organisation,unknown,0,185
2,181-365,response,post_180,1,2019-2021,1,HUGE,4.0,0,very_large,unknown,media,organisation,unknown,0,285
2,181-365,response,post_180,1,2019-2021,1,HUGE,4.0,0,very_large,unknown,other,organisation,100k+,0,185
2,181-365,response,post_180,1,2019-2021,1,HUGE,4.0,0,very_large,unknown,other,organisation,10k-100k,0,185
2,181-365,response,post_180,1,2019-2021,1,HUGE,4.0,0,very_large,unknown,other,organisation,1k-10k,0,154
2,181-365,response,post_180,1,2019-2021,1,HUGE,4.0,0,very_large,unknown,other,organisation,unknown,0,1546
2,181-365,response,post_180,1,2019-2021,1,HUGE,4.0,0,very_large,unknown,retail,organisation,100k+,0,370
2,181-365,response,post_180,1,2019-2021,1,HUGE,4.0,0,very_large,unknown,retail,organisation,unknown,0,185
2,181-365,response,post_180,1,2019-2021,1,HUGE,4.0,0,very_large,unknown,technology,organisation,100k+,0,1110
2,181-365,response,post_180,1,2019-2021,1,HUGE,4.0,0,very_large,unknown,technology,organisation,1k-10k,0,180
2,181-365,response,post_180,1,2019-2021,1,HUGE,4.0,0,very_large,unknown,technology,organisation,unknown,0,370
2,181-365,response,post_180,1,2019-2021,1,HUGE,4.0,0,very_large,unknown,telecom_transport,organisation,100k+,0,185
2,181-365,response,post_180,1,2019-2021,1,HUGE,4.0,0,very_large,unknown,telecom_transport,organisation,10k-100k,0,185
2,181-365,response,post_180,1,2019-2021,1,LARGE,3.0,0,large,unknown,government,organisation,unknown,0,370
2,181-365,response,post_180,1,2019-2021,1,LARGE,3.0,0,large,unknown,industrial,organisation,unknown,0,185
2,181-365,response,post_180,1,2019-2021,1,LARGE,3.0,0,large,unknown,other,organisation,unknown,0,740
2,181-365,response,post_180,1,2019-2021,1,LARGE,3.0,0,large,unknown,technology,organisation,100k+,0,185
2,181-365,response,post_180,1,2019-2021,1,LARGE,3.0,0,large,unknown,technology,organisation,unknown,0,185
2,181-365,response,post_180,1,2019-2021,1,LARGE,3.0,0,medium,unknown,other,organisation,100k+,0,166
2,181-365,response,post_180,1,2019-2021,1,LARGE,3.0,0,medium,unknown,other,organisation,unknown,0,185
2,181-365,response,post_180,1,2019-2021,1,LARGE,3.0,0,unknown,unknown,education,organisation,10k-100k,0,185
2,181-365,response,post_180,1,2019-2021,1,LARGE,3.0,0,very_large,unknown,education,organisation,10k-100k,0,205
2,181-365,response,post_180,1,2019-2021,1,LARGE,3.0,0,very_large,unknown,government,government_body,1k-10k,0,185
2,181-365,response,post_180,1,2019-2021,1,LARGE,3.0,0,very_large,unknown,government,government_body,<1k,0,185
2,181-365,response,post_180,1,2019-2021,1,LARGE,3.0,0,very_large,unknown,government,government_body,unknown,1,5
2,181-365,response,post_180,1,2019-2021,1,LARGE,3.0,0,very_large,unknown,government,organisation,unknown,0,185
2,181-365,response,post_180,1,2019-2021,1,LARGE,3.0,0,very_large,unknown,government,other_or_unknown,unknown,0,185
2,181-365,response,post_180,1,2019-2021,1,LARGE,3.0,0,very_large,unknown,health,organisation,10k-100k,0,111
2,181-365,response,post_180,1,2019-2021,1,LARGE,3.0,0,very_large,unknown,industrial,organisation,unknown,0,185
2,181-365,response,post_180,1,2019-2021,1,LARGE,3.0,0,very_large,unknown,media,organisation,unknown,0,100
2,181-365,response,post_180,1,2019-2021,1,LARGE,3.0,0,very_large,unknown,media,other_or_unknown,unknown,0,100
2,181-365,response,post_180,1,2019-2021,1,LARGE,3.0,0,very_large,unknown,other,organisation,unknown,0,368
2,181-365,response,post_180,1,2019-2021,1,LARGE,3.0,0,very_large,unknown,retail,organisation,unknown,0,185
2,181-365,response,post_180,1,2019-2021,1,LARGE,3.0,0,very_large,unknown,technology,organisation,100k+,0,555
2,181-365,response,post_180,1,2019-2021,1,LARGE,3.0,0,very_large,unknown,technology,organisation,unknown,0,234
2,181-365,response,post_180,1,2019-2021,1,LARGE,3.0,0,very_large,unknown,telecom_transport,organisation,<1k,0,185
2,181-365,response,post_180,1,2019-2021,1,MEDIUM,2.0,0,medium,unknown,finance,organisation,100k+,0,185
2,181-365,response,post_180,1,2019-2021,1,MEDIUM,2.0,0,medium,unknown,government,government_body,unknown,0,4
2,181-365,response,post_180,1,2019-2021,1,MEDIUM,2.0,0,medium,unknown,health,organisation,unknown,0,185
2,181-365,response,post_180,1,2019-2021,1,MEDIUM,2.0,0,medium,unknown,other,organisation,<1k,0,185
2,181-365,response,post_180,1,2019-2021,1,MEDIUM,2.0,0,medium,unknown,other,organisation,unknown,0,254
2,181-365,response,post_180,1,2019-2021,1,MEDIUM,2.0,0,medium,unknown,retail,organisation,unknown,0,185
2,181-365,response,post_180,1,2019-2021,1,MEDIUM,2.0,0,medium,unknown,technology,organisation,100k+,0,370
2,181-365,response,post_180,1,2019-2021,1,MEDIUM,2.0,0,medium,unknown,technology,organisation,unknown,0,185
2,181-365,response,post_180,1,2019-2021,1,MEDIUM,2.0,0,small,unknown,other,organisation,<1k,0,185
2,181-365,response,post_180,1,2019-2021,1,MEDIUM,2.0,0,small,unknown,other,organisation,unknown,0,185
2,181-365,response,post_180,1,2019-2021,1,SMALL,1.0,0,small,unknown,finance,organisation,unknown,0,185
2,181-365,response,post_180,1,2019-2021,1,SMALL,1.0,0,small,unknown,health,organisation,10k-100k,0,185
2,181-365,response,post_180,1,2019-2021,1,SMALL,1.0,0,small,unknown,health,organisation,unknown,0,185
2,181-365,response,post_180,1,2019-2021,1,SMALL,1.0,0,small,unknown,other,organisation,10k-100k,0,136
2,181-365,response,post_180,1,2019-2021,1,SMALL,1.0,0,small,unknown,technology,organisation,100k+,0,1110
2,181-365,response,post_180,1,2019-2021,1,SMALL,1.0,0,unknown,unknown,technology,organisation,<1k,0,185
2,181-365,response,post_180,1,2019-2021,1,UNKNOWN,2.8546875,1,unknown,unknown,education,other_or_unknown,unknown,0,185
2,181-365,response,post_180,1,2019-2021,1,UNKNOWN,2.8546875,1,unknown,unknown,finance,organisation,100k+,0,185
2,181-365,response,post_180,1,2019-2021,1,UNKNOWN,2.8546875,1,unknown,unknown,finance,organisation,10k-100k,0,185
2,181-365,response,post_180,1,2019-2021,1,UNKNOWN,2.8546875,1,unknown,unknown,finance,organisation,<1k,0,185
2,181-365,response,post_180,1,2019-2021,1,UNKNOWN,2.8546875,1,unknown,unknown,health,organisation,10k-100k,0,111
2,181-365,response,post_180,1,2019-2021,1,UNKNOWN,2.8546875,1,unknown,unknown,health,organisation,unknown,0,111
2,181-365,response,post_180,1,2019-2021,1,UNKNOWN,2.8546875,1,unknown,unknown,media,organisation,100k+,0,185
2,181-365,response,post_180,1,2019-2021,1,UNKNOWN,2.8546875,1,unknown,unknown,other,organisation,unknown,0,185
2,181-365,response,post_180,1,2019-2021,1,UNKNOWN,2.8546875,1,unknown,unknown,technology,organisation,100k+,0,370
2,181-365,response,post_180,1,2019-2021,1,UNKNOWN,2.8546875,1,unknown,unknown,technology,organisation,1k-10k,0,185
2,181-365,response,post_180,1,2019-2021,1,UNKNOWN,2.8546875,1,unknown,unknown,technology,other_or_unknown,100k+,0,205
2,181-365,response,post_180,1,2019-2021,2,HUGE,4.0,0,very_large,unknown,finance,organisation,10k-100k,0,370
2,181-365,response,post_180,1,2019-2021,2,HUGE,4.0,0,very_large,unknown,government,government_body,unknown,0,185
2,181-365,response,post_180,1,2019-2021,2,HUGE,4.0,0,very_large,unknown,government,organisation,1k-10k,0,143
2,181-365,response,post_180,1,2019-2021,2,HUGE,4.0,0,very_large,unknown,telecom_transport,organisation,100k+,0,185
2,181-365,response,post_180,1,2019-2021,2,LARGE,3.0,0,very_large,unknown,education,organisation,100k+,1,402
2,181-365,response,post_180,1,2019-2021,2,LARGE,3.0,0,very_large,unknown,government,government_body,unknown,0,4
2,181-365,response,post_180,1,2019-2021,2,LARGE,3.0,0,very_large,unknown,government,organisation,unknown,0,185
2,181-365,response,post_180,1,2019-2021,2,MEDIUM,2.0,0,small,unknown,technology,organisation,unknown,0,185
2,181-365,response,post_180,1,2019-2021,3+,LARGE,3.0,0,very_large,unknown,education,organisation,1k-10k,0,126
2,181-365,response,post_180,1,2019-2021,3+,UNKNOWN,2.8546875,1,unknown,unknown,government,government_body,unknown,0,185
2,181-365,response,post_180,2,2022-2023,1,HUGE,4.0,0,unknown,unknown,government,government_body,1k-10k,0,154
2,181-365,response,post_180,2,2022-2023,1,HUGE,4.0,0,unknown,unknown,government,organisation,unknown,0,185
2,181-365,response,post_180,2,2022-2023,1,HUGE,4.0,0,unknown,unknown,industrial,organisation,<1k,0,185
2,181-365,response,post_180,2,2022-2023,1,HUGE,4.0,0,very_large,unknown,education,organisation,10k-100k,0,185
2,181-365,response,post_180,2,2022-2023,1,HUGE,4.0,0,very_large,unknown,education,organisation,unknown,0,49
2,181-365,response,post_180,2,2022-2023,1,HUGE,4.0,0,very_large,unknown,government,government_body,100k+,1,325
2,181-365,response,post_180,2,2022-2023,1,HUGE,4.0,0,very_large,unknown,government,government_body,10k-100k,0,185
2,181-365,response,post_180,2,2022-2023,1,HUGE,4.0,0,very_large,unknown,government,government_body,1k-10k,0,154
2,181-365,response,post_180,2,2022-2023,1,HUGE,4.0,0,very_large,unknown,government,government_body,unknown,0,555
2,181-365,response,post_180,2,2022-2023,1,HUGE,4.0,0,very_large,unknown,government,organisation,10k-100k,0,370
2,181-365,response,post_180,2,2022-2023,1,HUGE,4.0,0,very_large,unknown,government,organisation,<1k,0,185
2,181-365,response,post_180,2,2022-2023,1,HUGE,4.0,0,very_large,unknown,government,organisation,unknown,0,4
2,181-365,response,post_180,2,2022-2023,1,HUGE,4.0,0,very_large,unknown,health,organisation,10k-100k,0,74
2,181-365,response,post_180,2,2022-2023,1,HUGE,4.0,0,very_large,unknown,health,organisation,unknown,0,185
2,181-365,response,post_180,2,2022-2023,1,HUGE,4.0,0,very_large,unknown,media,organisation,unknown,0,85
2,181-365,response,post_180,2,2022-2023,1,HUGE,4.0,0,very_large,unknown,other,organisation,1k-10k,0,31
2,181-365,response,post_180,2,2022-2023,1,HUGE,4.0,0,very_large,unknown,other,organisation,unknown,0,1254
2,181-365,response,post_180,2,2022-2023,1,HUGE,4.0,0,very_large,unknown,retail,organisation,<1k,0,185
2,181-365,response,post_180,2,2022-2023,1,HUGE,4.0,0,very_large,unknown,technology,organisation,100k+,0,555
2,181-365,response,post_180,2,2022-2023,1,HUGE,4.0,0,very_large,unknown,technology,organisation,10k-100k,0,250
2,181-365,response,post_180,2,2022-2023,1,HUGE,4.0,0,very_large,unknown,technology,organisation,1k-10k,0,5
2,181-365,response,post_180,2,2022-2023,1,HUGE,4.0,0,very_large,unknown,technology,organisation,<1k,0,185
2,181-365,response,post_180,2,2022-2023,1,HUGE,4.0,0,very_large,unknown,technology,organisation,unknown,0,404
2,181-365,response,post_180,2,2022-2023,1,HUGE,4.0,0,very_large,unknown,telecom_transport,organisation,100k+,0,185
2,181-365,response,post_180,2,2022-2023,1,HUGE,4.0,0,very_large,unknown,telecom_transport,organisation,unknown,0,185
2,181-365,response,post_180,2,2022-2023,1,LARGE,3.0,0,large,unknown,education,organisation,<1k,0,185
2,181-365,response,post_180,2,2022-2023,1,LARGE,3.0,0,large,unknown,finance,organisation,100k+,0,126
2,181-365,response,post_180,2,2022-2023,1,LARGE,3.0,0,large,unknown,finance,organisation,10k-100k,0,185
2,181-365,response,post_180,2,2022-2023,1,LARGE,3.0,0,large,unknown,finance,organisation,<1k,0,154
2,181-365,response,post_180,2,2022-2023,1,LARGE,3.0,0,large,unknown,government,organisation,unknown,0,370
2,181-365,response,post_180,2,2022-2023,1,LARGE,3.0,0,large,unknown,health,organisation,100k+,0,185
2,181-365,response,post_180,2,2022-2023,1,LARGE,3.0,0,large,unknown,health,organisation,unknown,0,62
2,181-365,response,post_180,2,2022-2023,1,LARGE,3.0,0,large,unknown,industrial,organisation,unknown,0,185
2,181-365,response,post_180,2,2022-2023,1,LARGE,3.0,0,large,unknown,other,organisation,100k+,0,95
2,181-365,response,post_180,2,2022-2023,1,LARGE,3.0,0,large,unknown,other,organisation,10k-100k,0,185
2,181-365,response,post_180,2,2022-2023,1,LARGE,3.0,0,large,unknown,other,organisation,1k-10k,0,185
2,181-365,response,post_180,2,2022-2023,1,LARGE,3.0,0,large,unknown,other,organisation,unknown,0,376
2,181-365,response,post_180,2,2022-2023,1,LARGE,3.0,0,large,unknown,retail,organisation,100k+,0,34
2,181-365,response,post_180,2,2022-2023,1,LARGE,3.0,0,medium,unknown,education,organisation,<1k,0,175
2,181-365,response,post_180,2,2022-2023,1,LARGE,3.0,0,medium,unknown,other,organisation,100k+,0,19
2,181-365,response,post_180,2,2022-2023,1,LARGE,3.0,0,medium,unknown,other,organisation,unknown,0,34
2,181-365,response,post_180,2,2022-2023,1,LARGE,3.0,0,unknown,unknown,other,organisation,1k-10k,0,172
2,181-365,response,post_180,2,2022-2023,1,LARGE,3.0,0,very_large,unknown,education,organisation,10k-100k,0,350
2,181-365,response,post_180,2,2022-2023,1,LARGE,3.0,0,very_large,unknown,finance,organisation,10k-100k,0,34
2,181-365,response,post_180,2,2022-2023,1,LARGE,3.0,0,very_large,unknown,finance,organisation,unknown,0,305
2,181-365,response,post_180,2,2022-2023,1,LARGE,3.0,0,very_large,unknown,government,organisation,10k-100k,0,185
2,181-365,response,post_180,2,2022-2023,1,LARGE,3.0,0,very_large,unknown,government,organisation,unknown,0,250
2,181-365,response,post_180,2,2022-2023,1,LARGE,3.0,0,very_large,unknown,government,other_or_unknown,100k+,0,185
2,181-365,response,post_180,2,2022-2023,1,LARGE,3.0,0,very_large,unknown,health,organisation,100k+,0,370
2,181-365,response,post_180,2,2022-2023,1,LARGE,3.0,0,very_large,unknown,health,organisation,10k-100k,0,74
2,181-365,response,post_180,2,2022-2023,1,LARGE,3.0,0,very_large,unknown,industrial,organisation,1k-10k,0,185
2,181-365,response,post_180,2,2022-2023,1,LARGE,3.0,0,very_large,unknown,media,organisation,<1k,0,185
2,181-365,response,post_180,2,2022-2023,1,LARGE,3.0,0,very_large,unknown,media,organisation,unknown,0,85
2,181-365,response,post_180,2,2022-2023,1,LARGE,3.0,0,very_large,unknown,media,other_or_unknown,unknown,0,85
2,181-365,response,post_180,2,2022-2023,1,LARGE,3.0,0,very_large,unknown,other,organisation,unknown,0,486
2,181-365,response,post_180,2,2022-2023,1,LARGE,3.0,0,very_large,unknown,technology,organisation,1k-10k,0,185
2,181-365,response,post_180,2,2022-2023,1,LARGE,3.0,0,very_large,unknown,technology,organisation,unknown,0,192
2,181-365,response,post_180,2,2022-2023,1,LARGE,3.0,0,very_large,unknown,technology,other_or_unknown,unknown,0,126
2,181-365,response,post_180,2,2022-2023,1,MEDIUM,2.0,0,medium,unknown,finance,organisation,10k-100k,0,47
2,181-365,response,post_180,2,2022-2023,1,MEDIUM,2.0,0,medium,unknown,government,government_body,100k+,0,185
2,181-365,response,post_180,2,2022-2023,1,MEDIUM,2.0,0,medium,unknown,government,government_body,unknown,0,276
2,181-365,response,post_180,2,2022-2023,1,MEDIUM,2.0,0,medium,unknown,government,organisation,10k-100k,0,185
2,181-365,response,post_180,2,2022-2023,1,MEDIUM,2.0,0,medium,unknown,government,organisation,unknown,0,95
2,181-365,response,post_180,2,2022-2023,1,MEDIUM,2.0,0,medium,unknown,other,organisation,100k+,0,185
2,181-365,response,post_180,2,2022-2023,1,MEDIUM,2.0,0,medium,unknown,other,organisation,10k-100k,0,555
2,181-365,response,post_180,2,2022-2023,1,MEDIUM,2.0,0,medium,unknown,other,organisation,1k-10k,0,185
2,181-365,response,post_180,2,2022-2023,1,MEDIUM,2.0,0,medium,unknown,other,organisation,unknown,0,951
2,181-365,response,post_180,2,2022-2023,1,MEDIUM,2.0,0,medium,unknown,retail,organisation,100k+,0,185
2,181-365,response,post_180,2,2022-2023,1,MEDIUM,2.0,0,medium,unknown,technology,organisation,unknown,0,210
2,181-365,response,post_180,2,2022-2023,1,MEDIUM,2.0,0,small,unknown,finance,organisation,1k-10k,0,55
2,181-365,response,post_180,2,2022-2023,1,MEDIUM,2.0,0,small,unknown,government,government_body,unknown,0,95
2,181-365,response,post_180,2,2022-2023,1,MEDIUM,2.0,0,small,unknown,other,organisation,10k-100k,0,185
2,181-365,response,post_180,2,2022-2023,1,SMALL,1.0,0,small,unknown,health,organisation,unknown,0,185
2,181-365,response,post_180,2,2022-2023,1,SMALL,1.0,0,small,unknown,other,organisation,10k-100k,0,604
2,181-365,response,post_180,2,2022-2023,1,SMALL,1.0,0,small,unknown,other,organisation,1k-10k,0,185
2,181-365,response,post_180,2,2022-2023,1,SMALL,1.0,0,small,unknown,technology,organisation,10k-100k,0,185
2,181-365,response,post_180,2,2022-2023,1,SMALL,1.0,0,small,unknown,technology,organisation,unknown,0,34
2,181-365,response,post_180,2,2022-2023,1,UNKNOWN,2.8546875,1,unknown,unknown,health,organisation,100k+,0,185
2,181-365,response,post_180,2,2022-2023,1,UNKNOWN,2.8546875,1,unknown,unknown,health,organisation,10k-100k,0,74
2,181-365,response,post_180,2,2022-2023,1,UNKNOWN,2.8546875,1,unknown,unknown,health,organisation,unknown,0,259
2,181-365,response,post_180,2,2022-2023,1,UNKNOWN,2.8546875,1,unknown,unknown,other,organisation,1k-10k,0,185
2,181-365,response,post_180,2,2022-2023,1,UNKNOWN,2.8546875,1,unknown,unknown,other,organisation,unknown,0,185
2,181-365,response,post_180,2,2022-2023,1,UNKNOWN,2.8546875,1,unknown,unknown,technology,other_or_unknown,100k+,0,350
2,181-365,response,post_180,2,2022-2023,2,HUGE,4.0,0,very_large,unknown,government,government_body,1k-10k,0,185
2,181-365,response,post_180,2,2022-2023,2,HUGE,4.0,0,very_large,unknown,government,organisation,100k+,0,156
2,181-365,response,post_180,2,2022-2023,2,HUGE,4.0,0,very_large,unknown,government,organisation,1k-10k,0,261
2,181-365,response,post_180,2,2022-2023,2,HUGE,4.0,0,very_large,unknown,government,organisation,<1k,0,185
2,181-365,response,post_180,2,2022-2023,2,HUGE,4.0,0,very_large,unknown,technology,organisation,100k+,0,185
2,181-365,response,post_180,2,2022-2023,2,HUGE,4.0,0,very_large,unknown,technology,organisation,unknown,0,224
2,181-365,response,post_180,2,2022-2023,2,HUGE,4.0,0,very_large,unknown,telecom_transport,organisation,100k+,0,185
2,181-365,response,post_180,2,2022-2023,2,LARGE,3.0,0,large,unknown,government,organisation,unknown,0,34
2,181-365,response,post_180,2,2022-2023,2,LARGE,3.0,0,unknown,unknown,education,organisation,1k-10k,0,185
2,181-365,response,post_180,2,2022-2023,2,LARGE,3.0,0,very_large,unknown,education,organisation,1k-10k,0,49
2,181-365,response,post_180,2,2022-2023,2,LARGE,3.0,0,very_large,unknown,government,government_body,unknown,0,181
2,181-365,response,post_180,2,2022-2023,3+,HUGE,4.0,0,very_large,unknown,government,government_body,unknown,0,27
2,181-365,response,post_180,2,2022-2023,3+,HUGE,4.0,0,very_large,unknown,telecom_transport,organisation,10k-100k,0,185
2,181-365,response,post_180,2,2022-2023,3+,LARGE,3.0,0,very_large,unknown,education,organisation,1k-10k,0,244
2,181-365,response,post_180,2,2022-2023,3+,LARGE,3.0,0,very_large,unknown,education,organisation,unknown,0,185
2,181-365,response,post_180,2,2022-2023,3+,UNKNOWN,2.8546875,1,unknown,unknown,government,government_body,unknown,0,39
2,181-365,response,post_180,3,2024-2026,1,HUGE,4.0,0,unknown,unknown,government,government_body,1k-10k,0,31
2,181-365,response,post_180,3,2024-2026,1,HUGE,4.0,0,unknown,unknown,government,organisation,unknown,0,185
2,181-365,response,post_180,3,2024-2026,1,HUGE,4.0,0,unknown,unknown,other,organisation,10k-100k,0,185
2,181-365,response,post_180,3,2024-2026,1,HUGE,4.0,0,very_large,unknown,education,organisation,10k-100k,0,370
2,181-365,response,post_180,3,2024-2026,1,HUGE,4.0,0,very_large,unknown,finance,organisation,1k-10k,0,185
2,181-365,response,post_180,3,2024-2026,1,HUGE,4.0,0,very_large,unknown,finance,organisation,unknown,0,185
2,181-365,response,post_180,3,2024-2026,1,HUGE,4.0,0,very_large,unknown,finance,other_or_unknown,10k-100k,0,185
2,181-365,response,post_180,3,2024-2026,1,HUGE,4.0,0,very_large,unknown,government,government_body,10k-100k,0,185
2,181-365,response,post_180,3,2024-2026,1,HUGE,4.0,0,very_large,unknown,government,government_body,1k-10k,0,216
2,181-365,response,post_180,3,2024-2026,1,HUGE,4.0,0,very_large,unknown,government,government_body,unknown,0,658
2,181-365,response,post_180,3,2024-2026,1,HUGE,4.0,0,very_large,unknown,government,organisation,100k+,0,72
2,181-365,response,post_180,3,2024-2026,1,HUGE,4.0,0,very_large,unknown,government,organisation,10k-100k,0,185
2,181-365,response,post_180,3,2024-2026,1,HUGE,4.0,0,very_large,unknown,government,organisation,unknown,0,664
2,181-365,response,post_180,3,2024-2026,1,HUGE,4.0,0,very_large,unknown,health,organisation,100k+,0,185
2,181-365,response,post_180,3,2024-2026,1,HUGE,4.0,0,very_large,unknown,health,organisation,10k-100k,0,185
2,181-365,response,post_180,3,2024-2026,1,HUGE,4.0,0,very_large,unknown,health,organisation,unknown,0,185
2,181-365,response,post_180,3,2024-2026,1,HUGE,4.0,0,very_large,unknown,other,organisation,100k+,0,500
2,181-365,response,post_180,3,2024-2026,1,HUGE,4.0,0,very_large,unknown,other,organisation,10k-100k,0,185
2,181-365,response,post_180,3,2024-2026,1,HUGE,4.0,0,very_large,unknown,other,organisation,1k-10k,0,344
2,181-365,response,post_180,3,2024-2026,1,HUGE,4.0,0,very_large,unknown,other,organisation,<1k,0,53
2,181-365,response,post_180,3,2024-2026,1,HUGE,4.0,0,very_large,unknown,other,organisation,unknown,0,835
2,181-365,response,post_180,3,2024-2026,1,HUGE,4.0,0,very_large,unknown,other,other_or_unknown,unknown,0,128
2,181-365,response,post_180,3,2024-2026,1,HUGE,4.0,0,very_large,unknown,retail,organisation,100k+,0,185
2,181-365,response,post_180,3,2024-2026,1,HUGE,4.0,0,very_large,unknown,retail,organisation,unknown,0,300
2,181-365,response,post_180,3,2024-2026,1,HUGE,4.0,0,very_large,unknown,technology,organisation,100k+,0,544
2,181-365,response,post_180,3,2024-2026,1,HUGE,4.0,0,very_large,unknown,technology,organisation,10k-100k,0,305
2,181-365,response,post_180,3,2024-2026,1,HUGE,4.0,0,very_large,unknown,technology,organisation,1k-10k,0,185
2,181-365,response,post_180,3,2024-2026,1,HUGE,4.0,0,very_large,unknown,technology,organisation,unknown,0,1076
2,181-365,response,post_180,3,2024-2026,1,HUGE,4.0,0,very_large,unknown,telecom_transport,organisation,unknown,0,185
2,181-365,response,post_180,3,2024-2026,1,LARGE,3.0,0,large,unknown,education,organisation,100k+,0,161
2,181-365,response,post_180,3,2024-2026,1,LARGE,3.0,0,large,unknown,education,organisation,unknown,0,366
2,181-365,response,post_180,3,2024-2026,1,LARGE,3.0,0,large,unknown,finance,organisation,100k+,0,614
2,181-365,response,post_180,3,2024-2026,1,LARGE,3.0,0,large,unknown,finance,organisation,1k-10k,0,185
2,181-365,response,post_180,3,2024-2026,1,LARGE,3.0,0,large,unknown,finance,organisation,<1k,0,31
2,181-365,response,post_180,3,2024-2026,1,LARGE,3.0,0,large,unknown,finance,organisation,unknown,0,531
2,181-365,response,post_180,3,2024-2026,1,LARGE,3.0,0,large,unknown,government,organisation,unknown,0,555
2,181-365,response,post_180,3,2024-2026,1,LARGE,3.0,0,large,unknown,health,organisation,<1k,0,185
2,181-365,response,post_180,3,2024-2026,1,LARGE,3.0,0,large,unknown,health,organisation,unknown,0,678
2,181-365,response,post_180,3,2024-2026,1,LARGE,3.0,0,large,unknown,other,organisation,100k+,0,460
2,181-365,response,post_180,3,2024-2026,1,LARGE,3.0,0,large,unknown,other,organisation,10k-100k,0,370
2,181-365,response,post_180,3,2024-2026,1,LARGE,3.0,0,large,unknown,other,organisation,<1k,0,305
2,181-365,response,post_180,3,2024-2026,1,LARGE,3.0,0,large,unknown,other,organisation,unknown,0,2435
2,181-365,response,post_180,3,2024-2026,1,LARGE,3.0,0,large,unknown,retail,organisation,100k+,0,336
2,181-365,response,post_180,3,2024-2026,1,LARGE,3.0,0,large,unknown,retail,organisation,10k-100k,0,185
2,181-365,response,post_180,3,2024-2026,1,LARGE,3.0,0,large,unknown,technology,organisation,100k+,0,370
2,181-365,response,post_180,3,2024-2026,1,LARGE,3.0,0,large,unknown,technology,organisation,10k-100k,0,185
2,181-365,response,post_180,3,2024-2026,1,LARGE,3.0,0,large,unknown,technology,organisation,1k-10k,0,60
2,181-365,response,post_180,3,2024-2026,1,LARGE,3.0,0,large,unknown,technology,organisation,unknown,0,375
2,181-365,response,post_180,3,2024-2026,1,LARGE,3.0,0,large,unknown,telecom_transport,organisation,1k-10k,0,112
2,181-365,response,post_180,3,2024-2026,1,LARGE,3.0,0,medium,unknown,education,organisation,<1k,0,10
2,181-365,response,post_180,3,2024-2026,1,LARGE,3.0,0,medium,unknown,government,organisation,1k-10k,0,185
2,181-365,response,post_180,3,2024-2026,1,LARGE,3.0,0,medium,unknown,government,organisation,unknown,0,185
2,181-365,response,post_180,3,2024-2026,1,LARGE,3.0,0,medium,unknown,health,organisation,unknown,0,185
2,181-365,response,post_180,3,2024-2026,1,LARGE,3.0,0,medium,unknown,other,organisation,1k-10k,0,185
2,181-365,response,post_180,3,2024-2026,1,LARGE,3.0,0,medium,unknown,other,organisation,unknown,0,336
2,181-365,response,post_180,3,2024-2026,1,LARGE,3.0,0,medium,unknown,technology,organisation,10k-100k,0,113
2,181-365,response,post_180,3,2024-2026,1,LARGE,3.0,0,unknown,unknown,other,organisation,100k+,0,185
2,181-365,response,post_180,3,2024-2026,1,LARGE,3.0,0,unknown,unknown,other,organisation,1k-10k,0,13
2,181-365,response,post_180,3,2024-2026,1,LARGE,3.0,0,very_large,unknown,education,organisation,100k+,0,185
2,181-365,response,post_180,3,2024-2026,1,LARGE,3.0,0,very_large,unknown,education,organisation,unknown,0,185
2,181-365,response,post_180,3,2024-2026,1,LARGE,3.0,0,very_large,unknown,finance,organisation,100k+,0,185
2,181-365,response,post_180,3,2024-2026,1,LARGE,3.0,0,very_large,unknown,finance,organisation,10k-100k,0,521
2,181-365,response,post_180,3,2024-2026,1,LARGE,3.0,0,very_large,unknown,finance,organisation,<1k,0,185
2,181-365,response,post_180,3,2024-2026,1,LARGE,3.0,0,very_large,unknown,finance,organisation,unknown,0,435
2,181-365,response,post_180,3,2024-2026,1,LARGE,3.0,0,very_large,unknown,government,government_body,<1k,0,185
2,181-365,response,post_180,3,2024-2026,1,LARGE,3.0,0,very_large,unknown,government,government_body,unknown,0,555
2,181-365,response,post_180,3,2024-2026,1,LARGE,3.0,0,very_large,unknown,government,organisation,10k-100k,0,185
2,181-365,response,post_180,3,2024-2026,1,LARGE,3.0,0,very_large,unknown,government,organisation,<1k,0,185
2,181-365,response,post_180,3,2024-2026,1,LARGE,3.0,0,very_large,unknown,government,organisation,unknown,0,796
2,181-365,response,post_180,3,2024-2026,1,LARGE,3.0,0,very_large,unknown,health,organisation,10k-100k,0,185
2,181-365,response,post_180,3,2024-2026,1,LARGE,3.0,0,very_large,unknown,health,organisation,<1k,0,185
2,181-365,response,post_180,3,2024-2026,1,LARGE,3.0,0,very_large,unknown,health,organisation,unknown,0,370
2,181-365,response,post_180,3,2024-2026,1,LARGE,3.0,0,very_large,unknown,other,organisation,100k+,0,370
2,181-365,response,post_180,3,2024-2026,1,LARGE,3.0,0,very_large,unknown,other,organisation,unknown,0,2130
2,181-365,response,post_180,3,2024-2026,1,LARGE,3.0,0,very_large,unknown,retail,organisation,100k+,0,185
2,181-365,response,post_180,3,2024-2026,1,LARGE,3.0,0,very_large,unknown,retail,organisation,10k-100k,0,185
2,181-365,response,post_180,3,2024-2026,1,LARGE,3.0,0,very_large,unknown,technology,organisation,unknown,0,684
2,181-365,response,post_180,3,2024-2026,1,LARGE,3.0,0,very_large,unknown,technology,other_or_unknown,unknown,0,59
2,181-365,response,post_180,3,2024-2026,1,LARGE,3.0,0,very_large,unknown,telecom_transport,organisation,1k-10k,0,112
2,181-365,response,post_180,3,2024-2026,1,MEDIUM,2.0,0,medium,unknown,education,organisation,<1k,0,185
2,181-365,response,post_180,3,2024-2026,1,MEDIUM,2.0,0,medium,unknown,education,organisation,unknown,0,370
2,181-365,response,post_180,3,2024-2026,1,MEDIUM,2.0,0,medium,unknown,finance,organisation,100k+,0,185
2,181-365,response,post_180,3,2024-2026,1,MEDIUM,2.0,0,medium,unknown,finance,organisation,10k-100k,0,138
2,181-365,response,post_180,3,2024-2026,1,MEDIUM,2.0,0,medium,unknown,government,government_body,<1k,0,185
2,181-365,response,post_180,3,2024-2026,1,MEDIUM,2.0,0,medium,unknown,government,government_body,unknown,0,275
2,181-365,response,post_180,3,2024-2026,1,MEDIUM,2.0,0,medium,unknown,government,organisation,10k-100k,0,370
2,181-365,response,post_180,3,2024-2026,1,MEDIUM,2.0,0,medium,unknown,government,organisation,unknown,0,645
2,181-365,response,post_180,3,2024-2026,1,MEDIUM,2.0,0,medium,unknown,health,organisation,100k+,0,185
2,181-365,response,post_180,3,2024-2026,1,MEDIUM,2.0,0,medium,unknown,health,organisation,10k-100k,0,185
2,181-365,response,post_180,3,2024-2026,1,MEDIUM,2.0,0,medium,unknown,health,organisation,unknown,0,370
2,181-365,response,post_180,3,2024-2026,1,MEDIUM,2.0,0,medium,unknown,industrial,organisation,10k-100k,0,185
2,181-365,response,post_180,3,2024-2026,1,MEDIUM,2.0,0,medium,unknown,industrial,organisation,<1k,0,185
2,181-365,response,post_180,3,2024-2026,1,MEDIUM,2.0,0,medium,unknown,industrial,organisation,unknown,1,311
2,181-365,response,post_180,3,2024-2026,1,MEDIUM,2.0,0,medium,unknown,other,organisation,100k+,0,555
2,181-365,response,post_180,3,2024-2026,1,MEDIUM,2.0,0,medium,unknown,other,organisation,10k-100k,0,185
2,181-365,response,post_180,3,2024-2026,1,MEDIUM,2.0,0,medium,unknown,other,organisation,1k-10k,0,185
2,181-365,response,post_180,3,2024-2026,1,MEDIUM,2.0,0,medium,unknown,other,organisation,<1k,0,85
2,181-365,response,post_180,3,2024-2026,1,MEDIUM,2.0,0,medium,unknown,other,organisation,unknown,0,3610
2,181-365,response,post_180,3,2024-2026,1,MEDIUM,2.0,0,medium,unknown,retail,organisation,100k+,0,370
2,181-365,response,post_180,3,2024-2026,1,MEDIUM,2.0,0,medium,unknown,technology,organisation,100k+,0,555
2,181-365,response,post_180,3,2024-2026,1,MEDIUM,2.0,0,medium,unknown,technology,organisation,10k-100k,0,101
2,181-365,response,post_180,3,2024-2026,1,MEDIUM,2.0,0,medium,unknown,technology,organisation,unknown,0,784
2,181-365,response,post_180,3,2024-2026,1,MEDIUM,2.0,0,small,unknown,education,organisation,unknown,0,555
2,181-365,response,post_180,3,2024-2026,1,MEDIUM,2.0,0,small,unknown,finance,organisation,10k-100k,1,157
2,181-365,response,post_180,3,2024-2026,1,MEDIUM,2.0,0,small,unknown,finance,organisation,1k-10k,0,315
2,181-365,response,post_180,3,2024-2026,1,MEDIUM,2.0,0,small,unknown,government,government_body,unknown,0,275
2,181-365,response,post_180,3,2024-2026,1,MEDIUM,2.0,0,small,unknown,government,organisation,10k-100k,0,185
2,181-365,response,post_180,3,2024-2026,1,MEDIUM,2.0,0,small,unknown,government,organisation,unknown,0,370
2,181-365,response,post_180,3,2024-2026,1,MEDIUM,2.0,0,small,unknown,health,organisation,100k+,0,370
2,181-365,response,post_180,3,2024-2026,1,MEDIUM,2.0,0,small,unknown,health,organisation,unknown,0,345
2,181-365,response,post_180,3,2024-2026,1,MEDIUM,2.0,0,small,unknown,media,organisation,unknown,0,185
2,181-365,response,post_180,3,2024-2026,1,MEDIUM,2.0,0,small,unknown,other,organisation,100k+,0,221
2,181-365,response,post_180,3,2024-2026,1,MEDIUM,2.0,0,small,unknown,other,organisation,10k-100k,0,185
2,181-365,response,post_180,3,2024-2026,1,MEDIUM,2.0,0,small,unknown,other,organisation,1k-10k,0,370
2,181-365,response,post_180,3,2024-2026,1,MEDIUM,2.0,0,small,unknown,other,organisation,unknown,0,2116
2,181-365,response,post_180,3,2024-2026,1,MEDIUM,2.0,0,small,unknown,retail,organisation,unknown,0,185
2,181-365,response,post_180,3,2024-2026,1,MEDIUM,2.0,0,small,unknown,technology,organisation,100k+,0,185
2,181-365,response,post_180,3,2024-2026,1,MEDIUM,2.0,0,small,unknown,technology,organisation,1k-10k,0,185
2,181-365,response,post_180,3,2024-2026,1,MEDIUM,2.0,0,small,unknown,technology,organisation,unknown,0,370
2,181-365,response,post_180,3,2024-2026,1,MEDIUM,2.0,0,small,unknown,telecom_transport,organisation,unknown,0,185
2,181-365,response,post_180,3,2024-2026,1,MEDIUM,2.0,0,unknown,unknown,education,organisation,<1k,0,183
2,181-365,response,post_180,3,2024-2026,1,MEDIUM,2.0,0,unknown,unknown,other,organisation,1k-10k,0,185
2,181-365,response,post_180,3,2024-2026,1,MEDIUM,2.0,0,unknown,unknown,other,organisation,unknown,0,227
2,181-365,response,post_180,3,2024-2026,1,MEDIUM,2.0,0,unknown,unknown,retail,organisation,unknown,0,185
2,181-365,response,post_180,3,2024-2026,1,SMALL,1.0,0,small,unknown,finance,organisation,unknown,0,370
2,181-365,response,post_180,3,2024-2026,1,SMALL,1.0,0,small,unknown,health,organisation,10k-100k,0,185
2,181-365,response,post_180,3,2024-2026,1,SMALL,1.0,0,small,unknown,health,organisation,1k-10k,0,185
2,181-365,response,post_180,3,2024-2026,1,SMALL,1.0,0,small,unknown,health,organisation,unknown,0,476
2,181-365,response,post_180,3,2024-2026,1,SMALL,1.0,0,small,unknown,industrial,organisation,unknown,0,185
2,181-365,response,post_180,3,2024-2026,1,SMALL,1.0,0,small,unknown,other,organisation,10k-100k,0,185
2,181-365,response,post_180,3,2024-2026,1,SMALL,1.0,0,small,unknown,other,organisation,1k-10k,0,5
2,181-365,response,post_180,3,2024-2026,1,SMALL,1.0,0,small,unknown,other,organisation,<1k,0,185
2,181-365,response,post_180,3,2024-2026,1,SMALL,1.0,0,small,unknown,other,organisation,unknown,0,1232
2,181-365,response,post_180,3,2024-2026,1,SMALL,1.0,0,small,unknown,retail,organisation,unknown,0,370
2,181-365,response,post_180,3,2024-2026,1,SMALL,1.0,0,small,unknown,technology,organisation,100k+,0,185
2,181-365,response,post_180,3,2024-2026,1,SMALL,1.0,0,small,unknown,technology,organisation,unknown,0,521
2,181-365,response,post_180,3,2024-2026,1,SMALL,1.0,0,small,unknown,telecom_transport,organisation,10k-100k,0,97
2,181-365,response,post_180,3,2024-2026,1,SMALL,1.0,0,unknown,unknown,health,organisation,100k+,0,38
2,181-365,response,post_180,3,2024-2026,1,SMALL,1.0,0,unknown,unknown,other,organisation,100k+,0,185
2,181-365,response,post_180,3,2024-2026,1,SMALL,1.0,0,unknown,unknown,other,organisation,unknown,0,185
2,181-365,response,post_180,3,2024-2026,1,UNKNOWN,2.8546875,1,unknown,unknown,finance,organisation,<1k,0,185
2,181-365,response,post_180,3,2024-2026,1,UNKNOWN,2.8546875,1,unknown,unknown,finance,organisation,unknown,0,185
2,181-365,response,post_180,3,2024-2026,1,UNKNOWN,2.8546875,1,unknown,unknown,government,other_or_unknown,<1k,0,181
2,181-365,response,post_180,3,2024-2026,1,UNKNOWN,2.8546875,1,unknown,unknown,government,other_or_unknown,unknown,0,185
2,181-365,response,post_180,3,2024-2026,1,UNKNOWN,2.8546875,1,unknown,unknown,health,organisation,100k+,0,185
2,181-365,response,post_180,3,2024-2026,1,UNKNOWN,2.8546875,1,unknown,unknown,health,organisation,1k-10k,0,185
2,181-365,response,post_180,3,2024-2026,1,UNKNOWN,2.8546875,1,unknown,unknown,health,organisation,unknown,0,602
2,181-365,response,post_180,3,2024-2026,1,UNKNOWN,2.8546875,1,unknown,unknown,other,organisation,100k+,0,370
2,181-365,response,post_180,3,2024-2026,1,UNKNOWN,2.8546875,1,unknown,unknown,other,organisation,unknown,0,406
2,181-365,response,post_180,3,2024-2026,1,UNKNOWN,2.8546875,1,unknown,unknown,other,other_or_unknown,unknown,0,185
2,181-365,response,post_180,3,2024-2026,1,UNKNOWN,2.8546875,1,unknown,unknown,technology,organisation,unknown,0,185
2,181-365,response,post_180,3,2024-2026,1,UNKNOWN,2.8546875,1,unknown,unknown,telecom_transport,organisation,unknown,0,87
2,181-365,response,post_180,3,2024-2026,2,HUGE,4.0,0,very_large,unknown,finance,organisation,10k-100k,1,74
2,181-365,response,post_180,3,2024-2026,2,HUGE,4.0,0,very_large,unknown,finance,organisation,unknown,0,185
2,181-365,response,post_180,3,2024-2026,2,HUGE,4.0,0,very_large,unknown,government,government_body,unknown,0,450
2,181-365,response,post_180,3,2024-2026,2,HUGE,4.0,0,very_large,unknown,government,organisation,100k+,0,29
2,181-365,response,post_180,3,2024-2026,2,HUGE,4.0,0,very_large,unknown,government,organisation,1k-10k,0,151
2,181-365,response,post_180,3,2024-2026,2,HUGE,4.0,0,very_large,unknown,health,organisation,<1k,0,169
2,181-365,response,post_180,3,2024-2026,2,HUGE,4.0,0,very_large,unknown,technology,organisation,10k-100k,0,370
2,181-365,response,post_180,3,2024-2026,2,HUGE,4.0,0,very_large,unknown,technology,organisation,unknown,0,146
2,181-365,response,post_180,3,2024-2026,2,HUGE,4.0,0,very_large,unknown,telecom_transport,organisation,<1k,1,155
2,181-365,response,post_180,3,2024-2026,2,LARGE,3.0,0,large,unknown,education,organisation,unknown,0,185
2,181-365,response,post_180,3,2024-2026,2,LARGE,3.0,0,large,unknown,government,organisation,unknown,0,151
2,181-365,response,post_180,3,2024-2026,2,LARGE,3.0,0,very_large,unknown,finance,organisation,unknown,0,178
2,181-365,response,post_180,3,2024-2026,2,MEDIUM,2.0,0,medium,unknown,health,organisation,100k+,0,185
2,181-365,response,post_180,3,2024-2026,2,MEDIUM,2.0,0,medium,unknown,industrial,organisation,unknown,0,185
2,181-365,response,post_180,3,2024-2026,2,MEDIUM,2.0,0,small,unknown,finance,organisation,100k+,0,5
2,181-365,response,post_180,3,2024-2026,2,UNKNOWN,2.8546875,1,unknown,unknown,government,other_or_unknown,unknown,0,185
2,181-365,response,post_180,3,2024-2026,2,UNKNOWN,2.8546875,1,unknown,unknown,health,organisation,unknown,0,185
2,181-365,response,post_180,3,2024-2026,3+,HUGE,4.0,0,very_large,unknown,finance,organisation,10k-100k,0,555
2,181-365,response,post_180,3,2024-2026,3+,HUGE,4.0,0,very_large,unknown,finance,organisation,unknown,1,349
2,181-365,response,post_180,3,2024-2026,3+,HUGE,4.0,0,very_large,unknown,government,government_body,1k-10k,0,185
2,181-365,response,post_180,3,2024-2026,3+,HUGE,4.0,0,very_large,unknown,government,government_body,unknown,0,343
2,181-365,response,post_180,3,2024-2026,3+,HUGE,4.0,0,very_large,unknown,technology,organisation,unknown,0,36
2,181-365,response,post_180,3,2024-2026,3+,HUGE,4.0,0,very_large,unknown,telecom_transport,organisation,100k+,0,185
2,181-365,response,post_180,3,2024-2026,3+,HUGE,4.0,0,very_large,unknown,telecom_transport,organisation,10k-100k,0,185
2,181-365,response,post_180,3,2024-2026,3+,LARGE,3.0,0,large,unknown,government,organisation,unknown,0,185
2,181-365,response,post_180,3,2024-2026,3+,LARGE,3.0,0,very_large,unknown,education,organisation,10k-100k,2,342
2,181-365,response,post_180,3,2024-2026,3+,LARGE,3.0,0,very_large,unknown,education,organisation,1k-10k,0,185
2,181-365,response,post_180,3,2024-2026,3+,LARGE,3.0,0,very_large,unknown,education,organisation,unknown,0,190
2,181-365,response,post_180,3,2024-2026,3+,LARGE,3.0,0,very_large,unknown,government,government_body,unknown,0,185
2,181-365,response,post_180,3,2024-2026,3+,UNKNOWN,2.8546875,1,unknown,unknown,government,government_body,unknown,1,335
3,366-730,long_term,post_180,0,2012-2018,1,HUGE,4.0,0,very_large,unknown,finance,organisation,10k-100k,0,365
3,366-730,long_term,post_180,0,2012-2018,1,HUGE,4.0,0,very_large,unknown,government,government_body,1k-10k,0,365
3,366-730,long_term,post_180,0,2012-2018,1,HUGE,4.0,0,very_large,unknown,government,organisation,1k-10k,0,365
3,366-730,long_term,post_180,0,2012-2018,1,HUGE,4.0,0,very_large,unknown,other,organisation,1k-10k,0,283
3,366-730,long_term,post_180,0,2012-2018,1,HUGE,4.0,0,very_large,unknown,other,organisation,unknown,0,365
3,366-730,long_term,post_180,0,2012-2018,1,HUGE,4.0,0,very_large,unknown,technology,organisation,100k+,0,1095
3,366-730,long_term,post_180,0,2012-2018,1,HUGE,4.0,0,very_large,unknown,technology,organisation,unknown,0,365
3,366-730,long_term,post_180,0,2012-2018,1,LARGE,3.0,0,very_large,unknown,education,organisation,1k-10k,0,365
3,366-730,long_term,post_180,0,2012-2018,1,LARGE,3.0,0,very_large,unknown,education,organisation,unknown,0,365
3,366-730,long_term,post_180,0,2012-2018,1,MEDIUM,2.0,0,small,unknown,finance,organisation,<1k,0,365
3,366-730,long_term,post_180,0,2012-2018,1,SMALL,1.0,0,small,unknown,industrial,organisation,100k+,0,365
3,366-730,long_term,post_180,1,2019-2021,1,HUGE,4.0,0,very_large,unknown,finance,organisation,10k-100k,1,185
3,366-730,long_term,post_180,1,2019-2021,1,HUGE,4.0,0,very_large,unknown,government,government_body,10k-100k,0,334
3,366-730,long_term,post_180,1,2019-2021,1,HUGE,4.0,0,very_large,unknown,government,organisation,10k-100k,0,518
3,366-730,long_term,post_180,1,2019-2021,1,HUGE,4.0,0,very_large,unknown,government,organisation,1k-10k,0,275
3,366-730,long_term,post_180,1,2019-2021,1,HUGE,4.0,0,very_large,unknown,government,organisation,unknown,0,985
3,366-730,long_term,post_180,1,2019-2021,1,HUGE,4.0,0,very_large,unknown,health,organisation,1k-10k,0,365
3,366-730,long_term,post_180,1,2019-2021,1,HUGE,4.0,0,very_large,unknown,health,organisation,unknown,0,16
3,366-730,long_term,post_180,1,2019-2021,1,HUGE,4.0,0,very_large,unknown,media,organisation,unknown,0,335
3,366-730,long_term,post_180,1,2019-2021,1,HUGE,4.0,0,very_large,unknown,other,organisation,100k+,0,212
3,366-730,long_term,post_180,1,2019-2021,1,HUGE,4.0,0,very_large,unknown,other,organisation,10k-100k,0,336
3,366-730,long_term,post_180,1,2019-2021,1,HUGE,4.0,0,very_large,unknown,other,organisation,1k-10k,0,82
3,366-730,long_term,post_180,1,2019-2021,1,HUGE,4.0,0,very_large,unknown,other,organisation,unknown,0,1313
3,366-730,long_term,post_180,1,2019-2021,1,HUGE,4.0,0,very_large,unknown,retail,organisation,100k+,0,730
3,366-730,long_term,post_180,1,2019-2021,1,HUGE,4.0,0,very_large,unknown,retail,organisation,unknown,0,214
3,366-730,long_term,post_180,1,2019-2021,1,HUGE,4.0,0,very_large,unknown,technology,organisation,100k+,0,1177
3,366-730,long_term,post_180,1,2019-2021,1,HUGE,4.0,0,very_large,unknown,technology,organisation,unknown,0,527
3,366-730,long_term,post_180,1,2019-2021,1,HUGE,4.0,0,very_large,unknown,telecom_transport,organisation,10k-100k,1,30
3,366-730,long_term,post_180,1,2019-2021,1,LARGE,3.0,0,large,unknown,government,organisation,unknown,0,579
3,366-730,long_term,post_180,1,2019-2021,1,LARGE,3.0,0,large,unknown,industrial,organisation,unknown,0,61
3,366-730,long_term,post_180,1,2019-2021,1,LARGE,3.0,0,large,unknown,other,organisation,unknown,0,426
3,366-730,long_term,post_180,1,2019-2021,1,LARGE,3.0,0,large,unknown,technology,organisation,100k+,0,95
3,366-730,long_term,post_180,1,2019-2021,1,LARGE,3.0,0,large,unknown,technology,organisation,unknown,0,365
3,366-730,long_term,post_180,1,2019-2021,1,LARGE,3.0,0,medium,unknown,other,organisation,unknown,0,61
3,366-730,long_term,post_180,1,2019-2021,1,LARGE,3.0,0,unknown,unknown,education,organisation,10k-100k,0,365
3,366-730,long_term,post_180,1,2019-2021,1,LARGE,3.0,0,very_large,unknown,education,organisation,10k-100k,0,170
3,366-730,long_term,post_180,1,2019-2021,1,LARGE,3.0,0,very_large,unknown,government,government_body,1k-10k,0,365
3,366-730,long_term,post_180,1,2019-2021,1,LARGE,3.0,0,very_large,unknown,government,government_body,<1k,0,276
3,366-730,long_term,post_180,1,2019-2021,1,LARGE,3.0,0,very_large,unknown,government,organisation,unknown,0,214
3,366-730,long_term,post_180,1,2019-2021,1,LARGE,3.0,0,very_large,unknown,government,other_or_unknown,unknown,0,204
3,366-730,long_term,post_180,1,2019-2021,1,LARGE,3.0,0,very_large,unknown,industrial,organisation,unknown,0,214
3,366-730,long_term,post_180,1,2019-2021,1,LARGE,3.0,0,very_large,unknown,retail,organisation,unknown,0,200
3,366-730,long_term,post_180,1,2019-2021,1,LARGE,3.0,0,very_large,unknown,technology,organisation,100k+,0,459
3,366-730,long_term,post_180,1,2019-2021,1,LARGE,3.0,0,very_large,unknown,technology,organisation,unknown,0,31
3,366-730,long_term,post_180,1,2019-2021,1,LARGE,3.0,0,very_large,unknown,telecom_transport,organisation,<1k,0,336
3,366-730,long_term,post_180,1,2019-2021,1,MEDIUM,2.0,0,medium,unknown,finance,organisation,100k+,0,214
3,366-730,long_term,post_180,1,2019-2021,1,MEDIUM,2.0,0,medium,unknown,health,organisation,unknown,0,31
3,366-730,long_term,post_180,1,2019-2021,1,MEDIUM,2.0,0,medium,unknown,other,organisation,<1k,0,115
3,366-730,long_term,post_180,1,2019-2021,1,MEDIUM,2.0,0,medium,unknown,other,organisation,unknown,0,292
3,366-730,long_term,post_180,1,2019-2021,1,MEDIUM,2.0,0,medium,unknown,retail,organisation,unknown,0,230
3,366-730,long_term,post_180,1,2019-2021,1,MEDIUM,2.0,0,medium,unknown,technology,organisation,100k+,0,200
3,366-730,long_term,post_180,1,2019-2021,1,MEDIUM,2.0,0,medium,unknown,technology,organisation,unknown,0,241
3,366-730,long_term,post_180,1,2019-2021,1,MEDIUM,2.0,0,small,unknown,other,organisation,<1k,0,184
3,366-730,long_term,post_180,1,2019-2021,1,MEDIUM,2.0,0,small,unknown,other,organisation,unknown,0,245
3,366-730,long_term,post_180,1,2019-2021,1,SMALL,1.0,0,small,unknown,finance,organisation,unknown,0,113
3,366-730,long_term,post_180,1,2019-2021,1,SMALL,1.0,0,small,unknown,government,organisation,10k-100k,0,365
3,366-730,long_term,post_180,1,2019-2021,1,SMALL,1.0,0,small,unknown,health,organisation,10k-100k,0,365
3,366-730,long_term,post_180,1,2019-2021,1,SMALL,1.0,0,small,unknown,health,organisation,unknown,0,365
3,366-730,long_term,post_180,1,2019-2021,1,SMALL,1.0,0,small,unknown,technology,organisation,100k+,0,1128
3,366-730,long_term,post_180,1,2019-2021,1,SMALL,1.0,0,unknown,unknown,technology,organisation,<1k,0,189
3,366-730,long_term,post_180,1,2019-2021,1,UNKNOWN,2.8546875,1,unknown,unknown,education,other_or_unknown,unknown,0,184
3,366-730,long_term,post_180,1,2019-2021,1,UNKNOWN,2.8546875,1,unknown,unknown,finance,organisation,100k+,0,365
3,366-730,long_term,post_180,1,2019-2021,1,UNKNOWN,2.8546875,1,unknown,unknown,media,organisation,100k+,0,170
3,366-730,long_term,post_180,1,2019-2021,1,UNKNOWN,2.8546875,1,unknown,unknown,other,organisation,unknown,0,310
3,366-730,long_term,post_180,1,2019-2021,1,UNKNOWN,2.8546875,1,unknown,unknown,technology,organisation,100k+,0,235
3,366-730,long_term,post_180,1,2019-2021,1,UNKNOWN,2.8546875,1,unknown,unknown,technology,organisation,1k-10k,0,364
3,366-730,long_term,post_180,1,2019-2021,1,UNKNOWN,2.8546875,1,unknown,unknown,technology,other_or_unknown,100k+,0,365
3,366-730,long_term,post_180,1,2019-2021,2,HUGE,4.0,0,very_large,unknown,government,government_body,unknown,0,365
3,366-730,long_term,post_180,1,2019-2021,2,HUGE,4.0,0,very_large,unknown,telecom_transport,organisation,100k+,0,365
3,366-730,long_term,post_180,1,2019-2021,2,LARGE,3.0,0,very_large,unknown,education,organisation,100k+,0,306
3,366-730,long_term,post_180,1,2019-2021,2,LARGE,3.0,0,very_large,unknown,government,organisation,unknown,0,283
3,366-730,long_term,post_180,1,2019-2021,2,MEDIUM,2.0,0,small,unknown,technology,organisation,unknown,0,335
3,366-730,long_term,post_180,1,2019-2021,3+,UNKNOWN,2.8546875,1,unknown,unknown,government,government_body,unknown,0,31
3,366-730,long_term,post_180,2,2022-2023,1,HUGE,4.0,0,unknown,unknown,government,organisation,unknown,0,365
3,366-730,long_term,post_180,2,2022-2023,1,HUGE,4.0,0,unknown,unknown,industrial,organisation,<1k,0,93
3,366-730,long_term,post_180,2,2022-2023,1,HUGE,4.0,0,very_large,unknown,education,organisation,10k-100k,0,175
3,366-730,long_term,post_180,2,2022-2023,1,HUGE,4.0,0,very_large,unknown,education,organisation,unknown,0,365
3,366-730,long_term,post_180,2,2022-2023,1,HUGE,4.0,0,very_large,unknown,finance,organisation,10k-100k,0,730
3,366-730,long_term,post_180,2,2022-2023,1,HUGE,4.0,0,very_large,unknown,government,government_body,100k+,0,320
3,366-730,long_term,post_180,2,2022-2023,1,HUGE,4.0,0,very_large,unknown,government,government_body,10k-100k,1,235
3,366-730,long_term,post_180,2,2022-2023,1,HUGE,4.0,0,very_large,unknown,government,government_body,unknown,0,626
3,366-730,long_term,post_180,2,2022-2023,1,HUGE,4.0,0,very_large,unknown,government,organisation,10k-100k,1,820
3,366-730,long_term,post_180,2,2022-2023,1,HUGE,4.0,0,very_large,unknown,government,organisation,1k-10k,0,90
3,366-730,long_term,post_180,2,2022-2023,1,HUGE,4.0,0,very_large,unknown,government,organisation,<1k,0,275
3,366-730,long_term,post_180,2,2022-2023,1,HUGE,4.0,0,very_large,unknown,government,organisation,unknown,0,840
3,366-730,long_term,post_180,2,2022-2023,1,HUGE,4.0,0,very_large,unknown,health,organisation,10k-100k,0,365
3,366-730,long_term,post_180,2,2022-2023,1,HUGE,4.0,0,very_large,unknown,health,organisation,unknown,0,410
3,366-730,long_term,post_180,2,2022-2023,1,HUGE,4.0,0,very_large,unknown,media,organisation,unknown,0,395
3,366-730,long_term,post_180,2,2022-2023,1,HUGE,4.0,0,very_large,unknown,other,organisation,100k+,0,153
3,366-730,long_term,post_180,2,2022-2023,1,HUGE,4.0,0,very_large,unknown,other,organisation,10k-100k,0,29
3,366-730,long_term,post_180,2,2022-2023,1,HUGE,4.0,0,very_large,unknown,other,organisation,1k-10k,0,365
3,366-730,long_term,post_180,2,2022-2023,1,HUGE,4.0,0,very_large,unknown,other,organisation,unknown,0,2859
3,366-730,long_term,post_180,2,2022-2023,1,HUGE,4.0,0,very_large,unknown,retail,organisation,<1k,0,184
3,366-730,long_term,post_180,2,2022-2023,1,HUGE,4.0,0,very_large,unknown,retail,organisation,unknown,0,151
3,366-730,long_term,post_180,2,2022-2023,1,HUGE,4.0,0,very_large,unknown,technology,organisation,100k+,0,1896
3,366-730,long_term,post_180,2,2022-2023,1,HUGE,4.0,0,very_large,unknown,technology,organisation,10k-100k,0,365
3,366-730,long_term,post_180,2,2022-2023,1,HUGE,4.0,0,very_large,unknown,technology,organisation,1k-10k,1,73
3,366-730,long_term,post_180,2,2022-2023,1,HUGE,4.0,0,very_large,unknown,technology,organisation,<1k,0,346
3,366-730,long_term,post_180,2,2022-2023,1,HUGE,4.0,0,very_large,unknown,technology,organisation,unknown,1,229
3,366-730,long_term,post_180,2,2022-2023,1,HUGE,4.0,0,very_large,unknown,telecom_transport,organisation,100k+,1,458
3,366-730,long_term,post_180,2,2022-2023,1,HUGE,4.0,0,very_large,unknown,telecom_transport,organisation,unknown,0,334
3,366-730,long_term,post_180,2,2022-2023,1,LARGE,3.0,0,large,unknown,education,organisation,<1k,0,245
3,366-730,long_term,post_180,2,2022-2023,1,LARGE,3.0,0,large,unknown,finance,organisation,10k-100k,0,227
3,366-730,long_term,post_180,2,2022-2023,1,LARGE,3.0,0,large,unknown,government,organisation,unknown,0,488
3,366-730,long_term,post_180,2,2022-2023,1,LARGE,3.0,0,large,unknown,health,organisation,100k+,0,334
3,366-730,long_term,post_180,2,2022-2023,1,LARGE,3.0,0,large,unknown,industrial,organisation,unknown,0,669
3,366-730,long_term,post_180,2,2022-2023,1,LARGE,3.0,0,large,unknown,other,organisation,10k-100k,0,92
3,366-730,long_term,post_180,2,2022-2023,1,LARGE,3.0,0,large,unknown,other,organisation,1k-10k,0,141
3,366-730,long_term,post_180,2,2022-2023,1,LARGE,3.0,0,large,unknown,other,organisation,unknown,0,1034
3,366-730,long_term,post_180,2,2022-2023,1,LARGE,3.0,0,large,unknown,technology,organisation,100k+,0,270
3,366-730,long_term,post_180,2,2022-2023,1,LARGE,3.0,0,medium,unknown,other,organisation,100k+,0,365
3,366-730,long_term,post_180,2,2022-2023,1,LARGE,3.0,0,medium,unknown,other,organisation,unknown,0,304
3,366-730,long_term,post_180,2,2022-2023,1,LARGE,3.0,0,very_large,unknown,education,organisation,10k-100k,0,570
3,366-730,long_term,post_180,2,2022-2023,1,LARGE,3.0,0,very_large,unknown,finance,organisation,unknown,0,275
3,366-730,long_term,post_180,2,2022-2023,1,LARGE,3.0,0,very_large,unknown,government,government_body,<1k,0,89
3,366-730,long_term,post_180,2,2022-2023,1,LARGE,3.0,0,very_large,unknown,government,organisation,10k-100k,0,17
3,366-730,long_term,post_180,2,2022-2023,1,LARGE,3.0,0,very_large,unknown,government,organisation,unknown,0,151
3,366-730,long_term,post_180,2,2022-2023,1,LARGE,3.0,0,very_large,unknown,government,other_or_unknown,100k+,0,236
3,366-730,long_term,post_180,2,2022-2023,1,LARGE,3.0,0,very_large,unknown,government,other_or_unknown,unknown,0,161
3,366-730,long_term,post_180,2,2022-2023,1,LARGE,3.0,0,very_large,unknown,health,organisation,100k+,0,548
3,366-730,long_term,post_180,2,2022-2023,1,LARGE,3.0,0,very_large,unknown,health,organisation,10k-100k,0,365
3,366-730,long_term,post_180,2,2022-2023,1,LARGE,3.0,0,very_large,unknown,industrial,organisation,1k-10k,0,31
3,366-730,long_term,post_180,2,2022-2023,1,LARGE,3.0,0,very_large,unknown,industrial,organisation,unknown,0,151
3,366-730,long_term,post_180,2,2022-2023,1,LARGE,3.0,0,very_large,unknown,media,organisation,<1k,0,12
3,366-730,long_term,post_180,2,2022-2023,1,LARGE,3.0,0,very_large,unknown,media,organisation,unknown,0,365
3,366-730,long_term,post_180,2,2022-2023,1,LARGE,3.0,0,very_large,unknown,media,other_or_unknown,unknown,0,365
3,366-730,long_term,post_180,2,2022-2023,1,LARGE,3.0,0,very_large,unknown,other,organisation,unknown,0,1124
3,366-730,long_term,post_180,2,2022-2023,1,LARGE,3.0,0,very_large,unknown,retail,organisation,unknown,0,165
3,366-730,long_term,post_180,2,2022-2023,1,LARGE,3.0,0,very_large,unknown,technology,organisation,100k+,0,636
3,366-730,long_term,post_180,2,2022-2023,1,LARGE,3.0,0,very_large,unknown,technology,organisation,1k-10k,0,31
3,366-730,long_term,post_180,2,2022-2023,1,LARGE,3.0,0,very_large,unknown,technology,organisation,unknown,0,699
3,366-730,long_term,post_180,2,2022-2023,1,LARGE,3.0,0,very_large,unknown,telecom_transport,organisation,<1k,0,29
3,366-730,long_term,post_180,2,2022-2023,1,MEDIUM,2.0,0,medium,unknown,finance,organisation,100k+,0,151
3,366-730,long_term,post_180,2,2022-2023,1,MEDIUM,2.0,0,medium,unknown,government,government_body,100k+,0,245
3,366-730,long_term,post_180,2,2022-2023,1,MEDIUM,2.0,0,medium,unknown,government,government_body,unknown,0,365
3,366-730,long_term,post_180,2,2022-2023,1,MEDIUM,2.0,0,medium,unknown,government,organisation,10k-100k,0,365
3,366-730,long_term,post_180,2,2022-2023,1,MEDIUM,2.0,0,medium,unknown,health,organisation,unknown,0,334
3,366-730,long_term,post_180,2,2022-2023,1,MEDIUM,2.0,0,medium,unknown,other,organisation,100k+,0,122
3,366-730,long_term,post_180,2,2022-2023,1,MEDIUM,2.0,0,medium,unknown,other,organisation,10k-100k,0,674
3,366-730,long_term,post_180,2,2022-2023,1,MEDIUM,2.0,0,medium,unknown,other,organisation,1k-10k,0,281
3,366-730,long_term,post_180,2,2022-2023,1,MEDIUM,2.0,0,medium,unknown,other,organisation,<1k,0,250
3,366-730,long_term,post_180,2,2022-2023,1,MEDIUM,2.0,0,medium,unknown,other,organisation,unknown,0,1373
3,366-730,long_term,post_180,2,2022-2023,1,MEDIUM,2.0,0,medium,unknown,retail,organisation,100k+,0,92
3,366-730,long_term,post_180,2,2022-2023,1,MEDIUM,2.0,0,medium,unknown,retail,organisation,unknown,0,135
3,366-730,long_term,post_180,2,2022-2023,1,MEDIUM,2.0,0,medium,unknown,technology,organisation,100k+,0,530
3,366-730,long_term,post_180,2,2022-2023,1,MEDIUM,2.0,0,medium,unknown,technology,organisation,unknown,0,183
3,366-730,long_term,post_180,2,2022-2023,1,MEDIUM,2.0,0,small,unknown,other,organisation,10k-100k,0,118
3,366-730,long_term,post_180,2,2022-2023,1,MEDIUM,2.0,0,small,unknown,other,organisation,<1k,0,181
3,366-730,long_term,post_180,2,2022-2023,1,MEDIUM,2.0,0,small,unknown,other,organisation,unknown,0,120
3,366-730,long_term,post_180,2,2022-2023,1,SMALL,1.0,0,small,unknown,finance,organisation,unknown,0,252
3,366-730,long_term,post_180,2,2022-2023,1,SMALL,1.0,0,small,unknown,health,organisation,unknown,0,365
3,366-730,long_term,post_180,2,2022-2023,1,SMALL,1.0,0,small,unknown,other,organisation,10k-100k,0,917
3,366-730,long_term,post_180,2,2022-2023,1,SMALL,1.0,0,small,unknown,other,organisation,1k-10k,0,141
3,366-730,long_term,post_180,2,2022-2023,1,SMALL,1.0,0,small,unknown,technology,organisation,100k+,0,1062
3,366-730,long_term,post_180,2,2022-2023,1,SMALL,1.0,0,small,unknown,technology,organisation,10k-100k,0,231
3,366-730,long_term,post_180,2,2022-2023,1,SMALL,1.0,0,unknown,unknown,technology,organisation,<1k,0,176
3,366-730,long_term,post_180,2,2022-2023,1,UNKNOWN,2.8546875,1,unknown,unknown,education,other_or_unknown,unknown,0,181
3,366-730,long_term,post_180,2,2022-2023,1,UNKNOWN,2.8546875,1,unknown,unknown,finance,organisation,10k-100k,0,365
3,366-730,long_term,post_180,2,2022-2023,1,UNKNOWN,2.8546875,1,unknown,unknown,finance,organisation,<1k,0,365
3,366-730,long_term,post_180,2,2022-2023,1,UNKNOWN,2.8546875,1,unknown,unknown,health,organisation,100k+,0,214
3,366-730,long_term,post_180,2,2022-2023,1,UNKNOWN,2.8546875,1,unknown,unknown,health,organisation,10k-100k,0,365
3,366-730,long_term,post_180,2,2022-2023,1,UNKNOWN,2.8546875,1,unknown,unknown,health,organisation,unknown,0,579
3,366-730,long_term,post_180,2,2022-2023,1,UNKNOWN,2.8546875,1,unknown,unknown,media,organisation,100k+,0,195
3,366-730,long_term,post_180,2,2022-2023,1,UNKNOWN,2.8546875,1,unknown,unknown,other,organisation,1k-10k,0,92
3,366-730,long_term,post_180,2,2022-2023,1,UNKNOWN,2.8546875,1,unknown,unknown,other,organisation,unknown,0,225
3,366-730,long_term,post_180,2,2022-2023,1,UNKNOWN,2.8546875,1,unknown,unknown,technology,organisation,100k+,0,495
3,366-730,long_term,post_180,2,2022-2023,1,UNKNOWN,2.8546875,1,unknown,unknown,technology,organisation,1k-10k,0,1
3,366-730,long_term,post_180,2,2022-2023,1,UNKNOWN,2.8546875,1,unknown,unknown,technology,other_or_unknown,100k+,0,730
3,366-730,long_term,post_180,2,2022-2023,2,HUGE,4.0,0,very_large,unknown,finance,organisation,10k-100k,0,730
3,366-730,long_term,post_180,2,2022-2023,2,HUGE,4.0,0,very_large,unknown,government,organisation,1k-10k,0,365
3,366-730,long_term,post_180,2,2022-2023,2,HUGE,4.0,0,very_large,unknown,government,organisation,<1k,0,275
3,366-730,long_term,post_180,2,2022-2023,2,HUGE,4.0,0,very_large,unknown,technology,organisation,100k+,0,287
3,366-730,long_term,post_180,2,2022-2023,2,HUGE,4.0,0,very_large,unknown,technology,organisation,unknown,0,111
3,366-730,long_term,post_180,2,2022-2023,2,HUGE,4.0,0,very_large,unknown,telecom_transport,organisation,100k+,0,23
3,366-730,long_term,post_180,2,2022-2023,2,LARGE,3.0,0,unknown,unknown,education,organisation,1k-10k,0,365
3,366-730,long_term,post_180,2,2022-2023,2,LARGE,3.0,0,very_large,unknown,education,organisation,100k+,1,332
3,366-730,long_term,post_180,2,2022-2023,2,LARGE,3.0,0,very_large,unknown,government,government_body,unknown,0,365
3,366-730,long_term,post_180,2,2022-2023,2,LARGE,3.0,0,very_large,unknown,government,organisation,unknown,0,82
3,366-730,long_term,post_180,2,2022-2023,2,MEDIUM,2.0,0,small,unknown,technology,organisation,unknown,0,30
3,366-730,long_term,post_180,2,2022-2023,3+,HUGE,4.0,0,very_large,unknown,telecom_transport,organisation,10k-100k,0,17
3,366-730,long_term,post_180,2,2022-2023,3+,LARGE,3.0,0,very_large,unknown,education,organisation,1k-10k,0,365
3,366-730,long_term,post_180,2,2022-2023,3+,LARGE,3.0,0,very_large,unknown,education,organisation,unknown,0,245
3,366-730,long_term,post_180,2,2022-2023,3+,UNKNOWN,2.8546875,1,unknown,unknown,government,government_body,unknown,0,334
3,366-730,long_term,post_180,3,2024-2026,1,HUGE,4.0,0,unknown,unknown,government,government_body,1k-10k,0,365
3,366-730,long_term,post_180,3,2024-2026,1,HUGE,4.0,0,unknown,unknown,government,organisation,unknown,0,365
3,366-730,long_term,post_180,3,2024-2026,1,HUGE,4.0,0,unknown,unknown,industrial,organisation,<1k,0,272
3,366-730,long_term,post_180,3,2024-2026,1,HUGE,4.0,0,unknown,unknown,other,organisation,10k-100k,0,365
3,366-730,long_term,post_180,3,2024-2026,1,HUGE,4.0,0,very_large,unknown,education,organisation,10k-100k,0,530
3,366-730,long_term,post_180,3,2024-2026,1,HUGE,4.0,0,very_large,unknown,finance,organisation,1k-10k,0,185
3,366-730,long_term,post_180,3,2024-2026,1,HUGE,4.0,0,very_large,unknown,finance,organisation,unknown,1,154
3,366-730,long_term,post_180,3,2024-2026,1,HUGE,4.0,0,very_large,unknown,finance,other_or_unknown,10k-100k,0,35
3,366-730,long_term,post_180,3,2024-2026,1,HUGE,4.0,0,very_large,unknown,government,government_body,100k+,0,45
3,366-730,long_term,post_180,3,2024-2026,1,HUGE,4.0,0,very_large,unknown,government,government_body,10k-100k,0,365
3,366-730,long_term,post_180,3,2024-2026,1,HUGE,4.0,0,very_large,unknown,government,government_body,1k-10k,1,294
3,366-730,long_term,post_180,3,2024-2026,1,HUGE,4.0,0,very_large,unknown,government,government_body,unknown,0,1275
3,366-730,long_term,post_180,3,2024-2026,1,HUGE,4.0,0,very_large,unknown,government,organisation,10k-100k,0,365
3,366-730,long_term,post_180,3,2024-2026,1,HUGE,4.0,0,very_large,unknown,government,organisation,<1k,0,90
3,366-730,long_term,post_180,3,2024-2026,1,HUGE,4.0,0,very_large,unknown,government,organisation,unknown,0,1095
3,366-730,long_term,post_180,3,2024-2026,1,HUGE,4.0,0,very_large,unknown,health,organisation,100k+,0,134
3,366-730,long_term,post_180,3,2024-2026,1,HUGE,4.0,0,very_large,unknown,health,organisation,10k-100k,0,365
3,366-730,long_term,post_180,3,2024-2026,1,HUGE,4.0,0,very_large,unknown,health,organisation,unknown,0,369
3,366-730,long_term,post_180,3,2024-2026,1,HUGE,4.0,0,very_large,unknown,other,organisation,100k+,0,310
3,366-730,long_term,post_180,3,2024-2026,1,HUGE,4.0,0,very_large,unknown,other,organisation,10k-100k,0,365
3,366-730,long_term,post_180,3,2024-2026,1,HUGE,4.0,0,very_large,unknown,other,organisation,1k-10k,0,308
3,366-730,long_term,post_180,3,2024-2026,1,HUGE,4.0,0,very_large,unknown,other,organisation,unknown,0,3128
3,366-730,long_term,post_180,3,2024-2026,1,HUGE,4.0,0,very_large,unknown,retail,organisation,100k+,0,202
3,366-730,long_term,post_180,3,2024-2026,1,HUGE,4.0,0,very_large,unknown,retail,organisation,<1k,0,181
3,366-730,long_term,post_180,3,2024-2026,1,HUGE,4.0,0,very_large,unknown,retail,organisation,unknown,0,185
3,366-730,long_term,post_180,3,2024-2026,1,HUGE,4.0,0,very_large,unknown,technology,organisation,100k+,0,942
3,366-730,long_term,post_180,3,2024-2026,1,HUGE,4.0,0,very_large,unknown,technology,organisation,10k-100k,0,659
3,366-730,long_term,post_180,3,2024-2026,1,HUGE,4.0,0,very_large,unknown,technology,organisation,1k-10k,0,338
3,366-730,long_term,post_180,3,2024-2026,1,HUGE,4.0,0,very_large,unknown,technology,organisation,<1k,0,19
3,366-730,long_term,post_180,3,2024-2026,1,HUGE,4.0,0,very_large,unknown,technology,organisation,unknown,0,2135
3,366-730,long_term,post_180,3,2024-2026,1,HUGE,4.0,0,very_large,unknown,telecom_transport,organisation,100k+,1,182
3,366-730,long_term,post_180,3,2024-2026,1,HUGE,4.0,0,very_large,unknown,telecom_transport,organisation,unknown,0,247
3,366-730,long_term,post_180,3,2024-2026,1,LARGE,3.0,0,large,unknown,education,organisation,<1k,0,120
3,366-730,long_term,post_180,3,2024-2026,1,LARGE,3.0,0,large,unknown,education,organisation,unknown,1,1
3,366-730,long_term,post_180,3,2024-2026,1,LARGE,3.0,0,large,unknown,finance,organisation,100k+,0,1389
3,366-730,long_term,post_180,3,2024-2026,1,LARGE,3.0,0,large,unknown,finance,organisation,10k-100k,0,138
3,366-730,long_term,post_180,3,2024-2026,1,LARGE,3.0,0,large,unknown,finance,organisation,1k-10k,0,157
3,366-730,long_term,post_180,3,2024-2026,1,LARGE,3.0,0,large,unknown,finance,organisation,<1k,0,365
3,366-730,long_term,post_180,3,2024-2026,1,LARGE,3.0,0,large,unknown,finance,organisation,unknown,0,612
3,366-730,long_term,post_180,3,2024-2026,1,LARGE,3.0,0,large,unknown,government,organisation,unknown,0,1311
3,366-730,long_term,post_180,3,2024-2026,1,LARGE,3.0,0,large,unknown,health,organisation,100k+,0,31
3,366-730,long_term,post_180,3,2024-2026,1,LARGE,3.0,0,large,unknown,health,organisation,<1k,0,186
3,366-730,long_term,post_180,3,2024-2026,1,LARGE,3.0,0,large,unknown,health,organisation,unknown,0,1130
3,366-730,long_term,post_180,3,2024-2026,1,LARGE,3.0,0,large,unknown,other,organisation,100k+,0,966
3,366-730,long_term,post_180,3,2024-2026,1,LARGE,3.0,0,large,unknown,other,organisation,10k-100k,0,445
3,366-730,long_term,post_180,3,2024-2026,1,LARGE,3.0,0,large,unknown,other,organisation,1k-10k,0,224
3,366-730,long_term,post_180,3,2024-2026,1,LARGE,3.0,0,large,unknown,other,organisation,<1k,0,165
3,366-730,long_term,post_180,3,2024-2026,1,LARGE,3.0,0,large,unknown,other,organisation,unknown,0,4460
3,366-730,long_term,post_180,3,2024-2026,1,LARGE,3.0,0,large,unknown,retail,organisation,100k+,0,730
3,366-730,long_term,post_180,3,2024-2026,1,LARGE,3.0,0,large,unknown,retail,organisation,10k-100k,0,365
3,366-730,long_term,post_180,3,2024-2026,1,LARGE,3.0,0,large,unknown,technology,organisation,100k+,0,730
3,366-730,long_term,post_180,3,2024-2026,1,LARGE,3.0,0,large,unknown,technology,organisation,10k-100k,0,365
3,366-730,long_term,post_180,3,2024-2026,1,LARGE,3.0,0,large,unknown,technology,organisation,unknown,0,730
3,366-730,long_term,post_180,3,2024-2026,1,LARGE,3.0,0,medium,unknown,education,organisation,<1k,0,365
3,366-730,long_term,post_180,3,2024-2026,1,LARGE,3.0,0,medium,unknown,government,organisation,1k-10k,0,146
3,366-730,long_term,post_180,3,2024-2026,1,LARGE,3.0,0,medium,unknown,government,organisation,unknown,0,244
3,366-730,long_term,post_180,3,2024-2026,1,LARGE,3.0,0,medium,unknown,health,organisation,unknown,0,281
3,366-730,long_term,post_180,3,2024-2026,1,LARGE,3.0,0,medium,unknown,other,organisation,1k-10k,0,365
3,366-730,long_term,post_180,3,2024-2026,1,LARGE,3.0,0,medium,unknown,other,organisation,unknown,0,730
3,366-730,long_term,post_180,3,2024-2026,1,LARGE,3.0,0,unknown,unknown,other,organisation,100k+,0,365
3,366-730,long_term,post_180,3,2024-2026,1,LARGE,3.0,0,unknown,unknown,other,organisation,1k-10k,0,365
3,366-730,long_term,post_180,3,2024-2026,1,LARGE,3.0,0,very_large,unknown,education,organisation,100k+,0,365
3,366-730,long_term,post_180,3,2024-2026,1,LARGE,3.0,0,very_large,unknown,education,organisation,10k-100k,0,355
3,366-730,long_term,post_180,3,2024-2026,1,LARGE,3.0,0,very_large,unknown,education,organisation,unknown,0,247
3,366-730,long_term,post_180,3,2024-2026,1,LARGE,3.0,0,very_large,unknown,finance,organisation,100k+,0,319
3,366-730,long_term,post_180,3,2024-2026,1,LARGE,3.0,0,very_large,unknown,finance,organisation,10k-100k,0,859
3,366-730,long_term,post_180,3,2024-2026,1,LARGE,3.0,0,very_large,unknown,finance,organisation,<1k,0,129
3,366-730,long_term,post_180,3,2024-2026,1,LARGE,3.0,0,very_large,unknown,finance,organisation,unknown,0,856
3,366-730,long_term,post_180,3,2024-2026,1,LARGE,3.0,0,very_large,unknown,government,government_body,<1k,0,365
3,366-730,long_term,post_180,3,2024-2026,1,LARGE,3.0,0,very_large,unknown,government,government_body,unknown,0,781
3,366-730,long_term,post_180,3,2024-2026,1,LARGE,3.0,0,very_large,unknown,government,organisation,10k-100k,0,713
3,366-730,long_term,post_180,3,2024-2026,1,LARGE,3.0,0,very_large,unknown,government,organisation,<1k,0,365
3,366-730,long_term,post_180,3,2024-2026,1,LARGE,3.0,0,very_large,unknown,government,organisation,unknown,0,1825
3,366-730,long_term,post_180,3,2024-2026,1,LARGE,3.0,0,very_large,unknown,government,other_or_unknown,100k+,0,129
3,366-730,long_term,post_180,3,2024-2026,1,LARGE,3.0,0,very_large,unknown,health,organisation,100k+,0,182
3,366-730,long_term,post_180,3,2024-2026,1,LARGE,3.0,0,very_large,unknown,health,organisation,10k-100k,0,365
3,366-730,long_term,post_180,3,2024-2026,1,LARGE,3.0,0,very_large,unknown,health,organisation,<1k,0,365
3,366-730,long_term,post_180,3,2024-2026,1,LARGE,3.0,0,very_large,unknown,health,organisation,unknown,1,710
3,366-730,long_term,post_180,3,2024-2026,1,LARGE,3.0,0,very_large,unknown,industrial,organisation,1k-10k,0,334
3,366-730,long_term,post_180,3,2024-2026,1,LARGE,3.0,0,very_large,unknown,media,organisation,<1k,0,353
3,366-730,long_term,post_180,3,2024-2026,1,LARGE,3.0,0,very_large,unknown,other,organisation,100k+,0,730
3,366-730,long_term,post_180,3,2024-2026,1,LARGE,3.0,0,very_large,unknown,other,organisation,unknown,0,3735
3,366-730,long_term,post_180,3,2024-2026,1,LARGE,3.0,0,very_large,unknown,retail,organisation,100k+,0,365
3,366-730,long_term,post_180,3,2024-2026,1,LARGE,3.0,0,very_large,unknown,retail,organisation,10k-100k,0,324
3,366-730,long_term,post_180,3,2024-2026,1,LARGE,3.0,0,very_large,unknown,technology,organisation,1k-10k,0,334
3,366-730,long_term,post_180,3,2024-2026,1,LARGE,3.0,0,very_large,unknown,technology,organisation,unknown,0,1237
3,366-730,long_term,post_180,3,2024-2026,1,LARGE,3.0,0,very_large,unknown,technology,other_or_unknown,unknown,0,365
3,366-730,long_term,post_180,3,2024-2026,1,MEDIUM,2.0,0,medium,unknown,education,organisation,<1k,0,365
3,366-730,long_term,post_180,3,2024-2026,1,MEDIUM,2.0,0,medium,unknown,education,organisation,unknown,0,502
3,366-730,long_term,post_180,3,2024-2026,1,MEDIUM,2.0,0,medium,unknown,finance,organisation,100k+,0,365
3,366-730,long_term,post_180,3,2024-2026,1,MEDIUM,2.0,0,medium,unknown,finance,organisation,10k-100k,0,365
3,366-730,long_term,post_180,3,2024-2026,1,MEDIUM,2.0,0,medium,unknown,government,government_body,100k+,0,120
3,366-730,long_term,post_180,3,2024-2026,1,MEDIUM,2.0,0,medium,unknown,government,government_body,<1k,0,134
3,366-730,long_term,post_180,3,2024-2026,1,MEDIUM,2.0,0,medium,unknown,government,government_body,unknown,0,457
3,366-730,long_term,post_180,3,2024-2026,1,MEDIUM,2.0,0,medium,unknown,government,organisation,10k-100k,0,730
3,366-730,long_term,post_180,3,2024-2026,1,MEDIUM,2.0,0,medium,unknown,government,organisation,unknown,0,1300
3,366-730,long_term,post_180,3,2024-2026,1,MEDIUM,2.0,0,medium,unknown,health,organisation,100k+,0,365
3,366-730,long_term,post_180,3,2024-2026,1,MEDIUM,2.0,0,medium,unknown,health,organisation,10k-100k,0,365
3,366-730,long_term,post_180,3,2024-2026,1,MEDIUM,2.0,0,medium,unknown,health,organisation,unknown,0,568
3,366-730,long_term,post_180,3,2024-2026,1,MEDIUM,2.0,0,medium,unknown,industrial,organisation,10k-100k,0,365
3,366-730,long_term,post_180,3,2024-2026,1,MEDIUM,2.0,0,medium,unknown,industrial,organisation,<1k,0,187
3,366-730,long_term,post_180,3,2024-2026,1,MEDIUM,2.0,0,medium,unknown,industrial,organisation,unknown,0,198
3,366-730,long_term,post_180,3,2024-2026,1,MEDIUM,2.0,0,medium,unknown,other,organisation,100k+,0,1338
3,366-730,long_term,post_180,3,2024-2026,1,MEDIUM,2.0,0,medium,unknown,other,organisation,10k-100k,0,786
3,366-730,long_term,post_180,3,2024-2026,1,MEDIUM,2.0,0,medium,unknown,other,organisation,1k-10k,0,449
3,366-730,long_term,post_180,3,2024-2026,1,MEDIUM,2.0,0,medium,unknown,other,organisation,unknown,0,6025
3,366-730,long_term,post_180,3,2024-2026,1,MEDIUM,2.0,0,medium,unknown,retail,organisation,100k+,0,948
3,366-730,long_term,post_180,3,2024-2026,1,MEDIUM,2.0,0,medium,unknown,technology,organisation,100k+,0,901
3,366-730,long_term,post_180,3,2024-2026,1,MEDIUM,2.0,0,medium,unknown,technology,organisation,unknown,0,1268
3,366-730,long_term,post_180,3,2024-2026,1,MEDIUM,2.0,0,small,unknown,education,organisation,unknown,0,540
3,366-730,long_term,post_180,3,2024-2026,1,MEDIUM,2.0,0,small,unknown,finance,organisation,1k-10k,0,485
3,366-730,long_term,post_180,3,2024-2026,1,MEDIUM,2.0,0,small,unknown,government,government_body,unknown,0,457
3,366-730,long_term,post_180,3,2024-2026,1,MEDIUM,2.0,0,small,unknown,government,organisation,10k-100k,0,43
3,366-730,long_term,post_180,3,2024-2026,1,MEDIUM,2.0,0,small,unknown,government,organisation,unknown,0,343
3,366-730,long_term,post_180,3,2024-2026,1,MEDIUM,2.0,0,small,unknown,health,organisation,100k+,0,581
3,366-730,long_term,post_180,3,2024-2026,1,MEDIUM,2.0,0,small,unknown,health,organisation,unknown,0,324
3,366-730,long_term,post_180,3,2024-2026,1,MEDIUM,2.0,0,small,unknown,media,organisation,unknown,0,171
3,366-730,long_term,post_180,3,2024-2026,1,MEDIUM,2.0,0,small,unknown,other,organisation,100k+,0,365
3,366-730,long_term,post_180,3,2024-2026,1,MEDIUM,2.0,0,small,unknown,other,organisation,10k-100k,0,612
3,366-730,long_term,post_180,3,2024-2026,1,MEDIUM,2.0,0,small,unknown,other,organisation,1k-10k,0,278
3,366-730,long_term,post_180,3,2024-2026,1,MEDIUM,2.0,0,small,unknown,other,organisation,unknown,0,2521
3,366-730,long_term,post_180,3,2024-2026,1,MEDIUM,2.0,0,small,unknown,retail,organisation,unknown,0,365
3,366-730,long_term,post_180,3,2024-2026,1,MEDIUM,2.0,0,small,unknown,technology,organisation,100k+,0,365
3,366-730,long_term,post_180,3,2024-2026,1,MEDIUM,2.0,0,small,unknown,technology,organisation,1k-10k,0,126
3,366-730,long_term,post_180,3,2024-2026,1,MEDIUM,2.0,0,small,unknown,technology,organisation,unknown,0,573
3,366-730,long_term,post_180,3,2024-2026,1,MEDIUM,2.0,0,small,unknown,telecom_transport,organisation,unknown,0,157
3,366-730,long_term,post_180,3,2024-2026,1,MEDIUM,2.0,0,unknown,unknown,other,organisation,1k-10k,0,365
3,366-730,long_term,post_180,3,2024-2026,1,MEDIUM,2.0,0,unknown,unknown,other,organisation,unknown,0,365
3,366-730,long_term,post_180,3,2024-2026,1,MEDIUM,2.0,0,unknown,unknown,retail,organisation,unknown,0,365
3,366-730,long_term,post_180,3,2024-2026,1,SMALL,1.0,0,small,unknown,finance,organisation,unknown,0,359
3,366-730,long_term,post_180,3,2024-2026,1,SMALL,1.0,0,small,unknown,health,organisation,10k-100k,0,162
3,366-730,long_term,post_180,3,2024-2026,1,SMALL,1.0,0,small,unknown,health,organisation,1k-10k,0,365
3,366-730,long_term,post_180,3,2024-2026,1,SMALL,1.0,0,small,unknown,health,organisation,unknown,0,630
3,366-730,long_term,post_180,3,2024-2026,1,SMALL,1.0,0,small,unknown,industrial,organisation,unknown,0,300
3,366-730,long_term,post_180,3,2024-2026,1,SMALL,1.0,0,small,unknown,other,organisation,10k-100k,0,669
3,366-730,long_term,post_180,3,2024-2026,1,SMALL,1.0,0,small,unknown,other,organisation,1k-10k,0,224
3,366-730,long_term,post_180,3,2024-2026,1,SMALL,1.0,0,small,unknown,other,organisation,<1k,0,365
3,366-730,long_term,post_180,3,2024-2026,1,SMALL,1.0,0,small,unknown,other,organisation,unknown,0,679
3,366-730,long_term,post_180,3,2024-2026,1,SMALL,1.0,0,small,unknown,retail,organisation,unknown,0,491
3,366-730,long_term,post_180,3,2024-2026,1,SMALL,1.0,0,small,unknown,technology,organisation,100k+,0,224
3,366-730,long_term,post_180,3,2024-2026,1,SMALL,1.0,0,small,unknown,technology,organisation,10k-100k,0,134
3,366-730,long_term,post_180,3,2024-2026,1,SMALL,1.0,0,small,unknown,technology,organisation,unknown,0,1095
3,366-730,long_term,post_180,3,2024-2026,1,SMALL,1.0,0,unknown,unknown,other,organisation,100k+,0,365
3,366-730,long_term,post_180,3,2024-2026,1,SMALL,1.0,0,unknown,unknown,other,organisation,unknown,0,164
3,366-730,long_term,post_180,3,2024-2026,1,UNKNOWN,2.8546875,1,unknown,unknown,finance,organisation,<1k,0,344
3,366-730,long_term,post_180,3,2024-2026,1,UNKNOWN,2.8546875,1,unknown,unknown,finance,organisation,unknown,0,237
3,366-730,long_term,post_180,3,2024-2026,1,UNKNOWN,2.8546875,1,unknown,unknown,government,other_or_unknown,unknown,1,152
3,366-730,long_term,post_180,3,2024-2026,1,UNKNOWN,2.8546875,1,unknown,unknown,health,organisation,100k+,0,516
3,366-730,long_term,post_180,3,2024-2026,1,UNKNOWN,2.8546875,1,unknown,unknown,health,organisation,1k-10k,1,15
3,366-730,long_term,post_180,3,2024-2026,1,UNKNOWN,2.8546875,1,unknown,unknown,health,organisation,unknown,0,685
3,366-730,long_term,post_180,3,2024-2026,1,UNKNOWN,2.8546875,1,unknown,unknown,other,organisation,100k+,0,676
3,366-730,long_term,post_180,3,2024-2026,1,UNKNOWN,2.8546875,1,unknown,unknown,other,organisation,1k-10k,0,273
3,366-730,long_term,post_180,3,2024-2026,1,UNKNOWN,2.8546875,1,unknown,unknown,other,organisation,unknown,0,408
3,366-730,long_term,post_180,3,2024-2026,1,UNKNOWN,2.8546875,1,unknown,unknown,other,other_or_unknown,unknown,0,216
3,366-730,long_term,post_180,3,2024-2026,1,UNKNOWN,2.8546875,1,unknown,unknown,technology,organisation,unknown,0,365
3,366-730,long_term,post_180,3,2024-2026,2,HUGE,4.0,0,very_large,unknown,finance,organisation,unknown,0,35
3,366-730,long_term,post_180,3,2024-2026,2,HUGE,4.0,0,very_large,unknown,government,government_body,1k-10k,0,365
3,366-730,long_term,post_180,3,2024-2026,2,HUGE,4.0,0,very_large,unknown,government,government_body,unknown,0,365
3,366-730,long_term,post_180,3,2024-2026,2,HUGE,4.0,0,very_large,unknown,government,organisation,100k+,0,365
3,366-730,long_term,post_180,3,2024-2026,2,HUGE,4.0,0,very_large,unknown,government,organisation,1k-10k,0,730
3,366-730,long_term,post_180,3,2024-2026,2,HUGE,4.0,0,very_large,unknown,government,organisation,<1k,0,90
3,366-730,long_term,post_180,3,2024-2026,2,HUGE,4.0,0,very_large,unknown,technology,organisation,100k+,0,78
3,366-730,long_term,post_180,3,2024-2026,2,HUGE,4.0,0,very_large,unknown,technology,organisation,10k-100k,0,540
3,366-730,long_term,post_180,3,2024-2026,2,HUGE,4.0,0,very_large,unknown,technology,organisation,unknown,0,619
3,366-730,long_term,post_180,3,2024-2026,2,HUGE,4.0,0,very_large,unknown,telecom_transport,organisation,100k+,1,305
3,366-730,long_term,post_180,3,2024-2026,2,LARGE,3.0,0,large,unknown,education,organisation,unknown,0,216
3,366-730,long_term,post_180,3,2024-2026,2,LARGE,3.0,0,large,unknown,government,organisation,unknown,1,31
3,366-730,long_term,post_180,3,2024-2026,2,MEDIUM,2.0,0,medium,unknown,health,organisation,100k+,0,365
3,366-730,long_term,post_180,3,2024-2026,2,MEDIUM,2.0,0,medium,unknown,industrial,organisation,unknown,0,216
3,366-730,long_term,post_180,3,2024-2026,2,UNKNOWN,2.8546875,1,unknown,unknown,government,other_or_unknown,unknown,0,65
3,366-730,long_term,post_180,3,2024-2026,2,UNKNOWN,2.8546875,1,unknown,unknown,health,organisation,unknown,0,324
3,366-730,long_term,post_180,3,2024-2026,3+,HUGE,4.0,0,very_large,unknown,finance,organisation,10k-100k,0,196
3,366-730,long_term,post_180,3,2024-2026,3+,HUGE,4.0,0,very_large,unknown,government,government_body,1k-10k,0,117
3,366-730,long_term,post_180,3,2024-2026,3+,HUGE,4.0,0,very_large,unknown,government,government_body,unknown,0,673
3,366-730,long_term,post_180,3,2024-2026,3+,HUGE,4.0,0,very_large,unknown,telecom_transport,organisation,100k+,0,65
3,366-730,long_term,post_180,3,2024-2026,3+,HUGE,4.0,0,very_large,unknown,telecom_transport,organisation,10k-100k,0,625
3,366-730,long_term,post_180,3,2024-2026,3+,LARGE,3.0,0,large,unknown,government,organisation,unknown,0,365
3,366-730,long_term,post_180,3,2024-2026,3+,LARGE,3.0,0,very_large,unknown,education,organisation,10k-100k,0,65
3,366-730,long_term,post_180,3,2024-2026,3+,LARGE,3.0,0,very_large,unknown,education,organisation,1k-10k,1,492
3,366-730,long_term,post_180,3,2024-2026,3+,LARGE,3.0,0,very_large,unknown,education,organisation,unknown,1,190
3,366-730,long_term,post_180,3,2024-2026,3+,LARGE,3.0,0,very_large,unknown,government,government_body,unknown,0,365
3,366-730,long_term,post_180,3,2024-2026,3+,UNKNOWN,2.8546875,1,unknown,unknown,government,government_body,unknown,1,162
4,731-1460,long_term,post_180,0,2012-2018,1,HUGE,4.0,0,very_large,unknown,finance,organisation,10k-100k,0,366
4,731-1460,long_term,post_180,0,2012-2018,1,HUGE,4.0,0,very_large,unknown,government,government_body,1k-10k,0,730
4,731-1460,long_term,post_180,0,2012-2018,1,HUGE,4.0,0,very_large,unknown,government,organisation,1k-10k,0,730
4,731-1460,long_term,post_180,0,2012-2018,1,HUGE,4.0,0,very_large,unknown,other,organisation,unknown,0,92
4,731-1460,long_term,post_180,0,2012-2018,1,HUGE,4.0,0,very_large,unknown,technology,organisation,100k+,0,1552
4,731-1460,long_term,post_180,0,2012-2018,1,HUGE,4.0,0,very_large,unknown,technology,organisation,unknown,0,730
4,731-1460,long_term,post_180,0,2012-2018,1,LARGE,3.0,0,very_large,unknown,education,organisation,1k-10k,0,730
4,731-1460,long_term,post_180,0,2012-2018,1,LARGE,3.0,0,very_large,unknown,education,organisation,unknown,0,730
4,731-1460,long_term,post_180,0,2012-2018,1,MEDIUM,2.0,0,small,unknown,finance,organisation,<1k,0,31
4,731-1460,long_term,post_180,0,2012-2018,1,SMALL,1.0,0,small,unknown,industrial,organisation,100k+,0,730
4,731-1460,long_term,post_180,1,2019-2021,1,HUGE,4.0,0,very_large,unknown,finance,organisation,10k-100k,0,364
4,731-1460,long_term,post_180,1,2019-2021,1,HUGE,4.0,0,very_large,unknown,government,organisation,10k-100k,1,408
4,731-1460,long_term,post_180,1,2019-2021,1,HUGE,4.0,0,very_large,unknown,government,organisation,unknown,0,1
4,731-1460,long_term,post_180,1,2019-2021,1,HUGE,4.0,0,very_large,unknown,health,organisation,1k-10k,0,62
4,731-1460,long_term,post_180,1,2019-2021,1,HUGE,4.0,0,very_large,unknown,other,organisation,1k-10k,0,730
4,731-1460,long_term,post_180,1,2019-2021,1,HUGE,4.0,0,very_large,unknown,other,organisation,unknown,0,1249
4,731-1460,long_term,post_180,1,2019-2021,1,HUGE,4.0,0,very_large,unknown,retail,organisation,100k+,0,854
4,731-1460,long_term,post_180,1,2019-2021,1,HUGE,4.0,0,very_large,unknown,technology,organisation,100k+,0,868
4,731-1460,long_term,post_180,1,2019-2021,1,HUGE,4.0,0,very_large,unknown,technology,organisation,unknown,0,2
4,731-1460,long_term,post_180,1,2019-2021,1,LARGE,3.0,0,large,unknown,government,organisation,unknown,0,123
4,731-1460,long_term,post_180,1,2019-2021,1,LARGE,3.0,0,large,unknown,technology,organisation,unknown,0,123
4,731-1460,long_term,post_180,1,2019-2021,1,LARGE,3.0,0,unknown,unknown,education,organisation,10k-100k,1,457
4,731-1460,long_term,post_180,1,2019-2021,1,LARGE,3.0,0,very_large,unknown,government,government_body,1k-10k,0,366
4,731-1460,long_term,post_180,1,2019-2021,1,MEDIUM,2.0,0,small,unknown,finance,organisation,<1k,0,699
4,731-1460,long_term,post_180,1,2019-2021,1,SMALL,1.0,0,small,unknown,government,organisation,10k-100k,0,730
4,731-1460,long_term,post_180,1,2019-2021,1,SMALL,1.0,0,small,unknown,health,organisation,10k-100k,0,366
4,731-1460,long_term,post_180,1,2019-2021,1,SMALL,1.0,0,small,unknown,health,organisation,unknown,0,1
4,731-1460,long_term,post_180,1,2019-2021,1,UNKNOWN,2.8546875,1,unknown,unknown,finance,organisation,100k+,0,21
4,731-1460,long_term,post_180,1,2019-2021,1,UNKNOWN,2.8546875,1,unknown,unknown,technology,other_or_unknown,100k+,0,123
4,731-1460,long_term,post_180,1,2019-2021,2,HUGE,4.0,0,very_large,unknown,government,government_body,unknown,0,1
4,731-1460,long_term,post_180,1,2019-2021,2,HUGE,4.0,0,very_large,unknown,telecom_transport,organisation,100k+,0,93
4,731-1460,long_term,post_180,2,2022-2023,1,HUGE,4.0,0,unknown,unknown,government,organisation,unknown,0,178
4,731-1460,long_term,post_180,2,2022-2023,1,HUGE,4.0,0,very_large,unknown,education,organisation,unknown,0,316
4,731-1460,long_term,post_180,2,2022-2023,1,HUGE,4.0,0,very_large,unknown,finance,organisation,10k-100k,0,730
4,731-1460,long_term,post_180,2,2022-2023,1,HUGE,4.0,0,very_large,unknown,government,government_body,10k-100k,0,699
4,731-1460,long_term,post_180,2,2022-2023,1,HUGE,4.0,0,very_large,unknown,government,government_body,unknown,0,61
4,731-1460,long_term,post_180,2,2022-2023,1,HUGE,4.0,0,very_large,unknown,government,organisation,10k-100k,0,98
4,731-1460,long_term,post_180,2,2022-2023,1,HUGE,4.0,0,very_large,unknown,government,organisation,1k-10k,0,640
4,731-1460,long_term,post_180,2,2022-2023,1,HUGE,4.0,0,very_large,unknown,government,organisation,unknown,3,1894
4,731-1460,long_term,post_180,2,2022-2023,1,HUGE,4.0,0,very_large,unknown,health,organisation,10k-100k,0,291
4,731-1460,long_term,post_180,2,2022-2023,1,HUGE,4.0,0,very_large,unknown,health,organisation,1k-10k,0,668
4,731-1460,long_term,post_180,2,2022-2023,1,HUGE,4.0,0,very_large,unknown,health,organisation,unknown,0,381
4,731-1460,long_term,post_180,2,2022-2023,1,HUGE,4.0,0,very_large,unknown,media,organisation,unknown,0,980
4,731-1460,long_term,post_180,2,2022-2023,1,HUGE,4.0,0,very_large,unknown,other,organisation,100k+,0,577
4,731-1460,long_term,post_180,2,2022-2023,1,HUGE,4.0,0,very_large,unknown,other,organisation,10k-100k,0,701
4,731-1460,long_term,post_180,2,2022-2023,1,HUGE,4.0,0,very_large,unknown,other,organisation,1k-10k,0,334
4,731-1460,long_term,post_180,2,2022-2023,1,HUGE,4.0,0,very_large,unknown,other,organisation,unknown,0,4293
4,731-1460,long_term,post_180,2,2022-2023,1,HUGE,4.0,0,very_large,unknown,retail,organisation,100k+,0,606
4,731-1460,long_term,post_180,2,2022-2023,1,HUGE,4.0,0,very_large,unknown,retail,organisation,unknown,0,579
4,731-1460,long_term,post_180,2,2022-2023,1,HUGE,4.0,0,very_large,unknown,technology,organisation,100k+,0,3341
4,731-1460,long_term,post_180,2,2022-2023,1,HUGE,4.0,0,very_large,unknown,technology,organisation,10k-100k,0,143
4,731-1460,long_term,post_180,2,2022-2023,1,HUGE,4.0,0,very_large,unknown,technology,organisation,unknown,0,1255
4,731-1460,long_term,post_180,2,2022-2023,1,LARGE,3.0,0,large,unknown,government,organisation,unknown,1,1095
4,731-1460,long_term,post_180,2,2022-2023,1,LARGE,3.0,0,large,unknown,industrial,organisation,unknown,0,461
4,731-1460,long_term,post_180,2,2022-2023,1,LARGE,3.0,0,large,unknown,other,organisation,unknown,0,1886
4,731-1460,long_term,post_180,2,2022-2023,1,LARGE,3.0,0,large,unknown,technology,organisation,100k+,0,460
4,731-1460,long_term,post_180,2,2022-2023,1,LARGE,3.0,0,large,unknown,technology,organisation,unknown,0,607
4,731-1460,long_term,post_180,2,2022-2023,1,LARGE,3.0,0,medium,unknown,other,organisation,100k+,0,346
4,731-1460,long_term,post_180,2,2022-2023,1,LARGE,3.0,0,medium,unknown,other,organisation,unknown,0,426
4,731-1460,long_term,post_180,2,2022-2023,1,LARGE,3.0,0,very_large,unknown,education,organisation,10k-100k,1,506
4,731-1460,long_term,post_180,2,2022-2023,1,LARGE,3.0,0,very_large,unknown,government,government_body,1k-10k,0,364
4,731-1460,long_term,post_180,2,2022-2023,1,LARGE,3.0,0,very_large,unknown,government,government_body,<1k,0,641
4,731-1460,long_term,post_180,2,2022-2023,1,LARGE,3.0,0,very_large,unknown,government,organisation,unknown,0,579
4,731-1460,long_term,post_180,2,2022-2023,1,LARGE,3.0,0,very_large,unknown,government,other_or_unknown,unknown,0,569
4,731-1460,long_term,post_180,2,2022-2023,1,LARGE,3.0,0,very_large,unknown,health,organisation,10k-100k,0,291
4,731-1460,long_term,post_180,2,2022-2023,1,LARGE,3.0,0,very_large,unknown,industrial,organisation,unknown,0,579
4,731-1460,long_term,post_180,2,2022-2023,1,LARGE,3.0,0,very_large,unknown,media,organisation,unknown,0,280
4,731-1460,long_term,post_180,2,2022-2023,1,LARGE,3.0,0,very_large,unknown,media,other_or_unknown,unknown,0,280
4,731-1460,long_term,post_180,2,2022-2023,1,LARGE,3.0,0,very_large,unknown,other,organisation,unknown,0,728
4,731-1460,long_term,post_180,2,2022-2023,1,LARGE,3.0,0,very_large,unknown,retail,organisation,unknown,0,565
4,731-1460,long_term,post_180,2,2022-2023,1,LARGE,3.0,0,very_large,unknown,technology,organisation,100k+,0,1554
4,731-1460,long_term,post_180,2,2022-2023,1,LARGE,3.0,0,very_large,unknown,technology,organisation,unknown,0,625
4,731-1460,long_term,post_180,2,2022-2023,1,LARGE,3.0,0,very_large,unknown,telecom_transport,organisation,<1k,0,701
4,731-1460,long_term,post_180,2,2022-2023,1,MEDIUM,2.0,0,medium,unknown,finance,organisation,100k+,0,579
4,731-1460,long_term,post_180,2,2022-2023,1,MEDIUM,2.0,0,medium,unknown,government,government_body,unknown,0,184
4,731-1460,long_term,post_180,2,2022-2023,1,MEDIUM,2.0,0,medium,unknown,government,organisation,10k-100k,0,43
4,731-1460,long_term,post_180,2,2022-2023,1,MEDIUM,2.0,0,medium,unknown,health,organisation,unknown,0,396
4,731-1460,long_term,post_180,2,2022-2023,1,MEDIUM,2.0,0,medium,unknown,other,organisation,<1k,0,480
4,731-1460,long_term,post_180,2,2022-2023,1,MEDIUM,2.0,0,medium,unknown,other,organisation,unknown,0,1178
4,731-1460,long_term,post_180,2,2022-2023,1,MEDIUM,2.0,0,medium,unknown,retail,organisation,unknown,0,595
4,731-1460,long_term,post_180,2,2022-2023,1,MEDIUM,2.0,0,medium,unknown,technology,organisation,100k+,0,930
4,731-1460,long_term,post_180,2,2022-2023,1,MEDIUM,2.0,0,medium,unknown,technology,organisation,unknown,0,606
4,731-1460,long_term,post_180,2,2022-2023,1,MEDIUM,2.0,0,small,unknown,other,organisation,<1k,0,549
4,731-1460,long_term,post_180,2,2022-2023,1,MEDIUM,2.0,0,small,unknown,other,organisation,unknown,0,610
4,731-1460,long_term,post_180,2,2022-2023,1,SMALL,1.0,0,small,unknown,finance,organisation,unknown,0,478
4,731-1460,long_term,post_180,2,2022-2023,1,SMALL,1.0,0,small,unknown,health,organisation,10k-100k,0,364
4,731-1460,long_term,post_180,2,2022-2023,1,SMALL,1.0,0,small,unknown,health,organisation,unknown,0,821
4,731-1460,long_term,post_180,2,2022-2023,1,SMALL,1.0,0,small,unknown,other,organisation,10k-100k,0,316
4,731-1460,long_term,post_180,2,2022-2023,1,SMALL,1.0,0,small,unknown,technology,organisation,100k+,0,3318
4,731-1460,long_term,post_180,2,2022-2023,1,SMALL,1.0,0,unknown,unknown,technology,organisation,<1k,0,554
4,731-1460,long_term,post_180,2,2022-2023,1,UNKNOWN,2.8546875,1,unknown,unknown,education,other_or_unknown,unknown,0,549
4,731-1460,long_term,post_180,2,2022-2023,1,UNKNOWN,2.8546875,1,unknown,unknown,finance,organisation,100k+,0,709
4,731-1460,long_term,post_180,2,2022-2023,1,UNKNOWN,2.8546875,1,unknown,unknown,finance,organisation,10k-100k,0,365
4,731-1460,long_term,post_180,2,2022-2023,1,UNKNOWN,2.8546875,1,unknown,unknown,finance,organisation,<1k,0,365
4,731-1460,long_term,post_180,2,2022-2023,1,UNKNOWN,2.8546875,1,unknown,unknown,health,organisation,10k-100k,0,291
4,731-1460,long_term,post_180,2,2022-2023,1,UNKNOWN,2.8546875,1,unknown,unknown,health,organisation,unknown,0,291
4,731-1460,long_term,post_180,2,2022-2023,1,UNKNOWN,2.8546875,1,unknown,unknown,media,organisation,100k+,0,535
4,731-1460,long_term,post_180,2,2022-2023,1,UNKNOWN,2.8546875,1,unknown,unknown,other,organisation,unknown,0,675
4,731-1460,long_term,post_180,2,2022-2023,1,UNKNOWN,2.8546875,1,unknown,unknown,technology,organisation,100k+,0,965
4,731-1460,long_term,post_180,2,2022-2023,1,UNKNOWN,2.8546875,1,unknown,unknown,technology,organisation,1k-10k,0,729
4,731-1460,long_term,post_180,2,2022-2023,1,UNKNOWN,2.8546875,1,unknown,unknown,technology,other_or_unknown,100k+,0,838
4,731-1460,long_term,post_180,2,2022-2023,2,HUGE,4.0,0,very_large,unknown,finance,organisation,10k-100k,1,669
4,731-1460,long_term,post_180,2,2022-2023,2,HUGE,4.0,0,very_large,unknown,government,government_body,unknown,0,729
4,731-1460,long_term,post_180,2,2022-2023,2,HUGE,4.0,0,very_large,unknown,government,organisation,1k-10k,0,323
4,731-1460,long_term,post_180,2,2022-2023,2,HUGE,4.0,0,very_large,unknown,telecom_transport,organisation,100k+,1,262
4,731-1460,long_term,post_180,2,2022-2023,2,LARGE,3.0,0,unknown,unknown,education,organisation,1k-10k,0,31
4,731-1460,long_term,post_180,2,2022-2023,2,LARGE,3.0,0,very_large,unknown,education,organisation,100k+,1,122
4,731-1460,long_term,post_180,2,2022-2023,2,LARGE,3.0,0,very_large,unknown,government,government_body,unknown,1,167
4,731-1460,long_term,post_180,2,2022-2023,2,LARGE,3.0,0,very_large,unknown,government,organisation,unknown,0,648
4,731-1460,long_term,post_180,2,2022-2023,2,MEDIUM,2.0,0,small,unknown,technology,organisation,unknown,0,700
4,731-1460,long_term,post_180,2,2022-2023,3+,LARGE,3.0,0,very_large,unknown,education,organisation,1k-10k,0,306
4,731-1460,long_term,post_180,2,2022-2023,3+,UNKNOWN,2.8546875,1,unknown,unknown,government,government_body,unknown,1,31
4,731-1460,long_term,post_180,3,2024-2026,1,HUGE,4.0,0,unknown,unknown,government,government_body,1k-10k,1,508
4,731-1460,long_term,post_180,3,2024-2026,1,HUGE,4.0,0,unknown,unknown,government,organisation,unknown,0,709
4,731-1460,long_term,post_180,3,2024-2026,1,HUGE,4.0,0,unknown,unknown,industrial,organisation,<1k,0,675
4,731-1460,long_term,post_180,3,2024-2026,1,HUGE,4.0,0,unknown,unknown,other,organisation,10k-100k,0,82
4,731-1460,long_term,post_180,3,2024-2026,1,HUGE,4.0,0,very_large,unknown,education,organisation,10k-100k,0,730
4,731-1460,long_term,post_180,3,2024-2026,1,HUGE,4.0,0,very_large,unknown,education,organisation,unknown,0,414
4,731-1460,long_term,post_180,3,2024-2026,1,HUGE,4.0,0,very_large,unknown,finance,organisation,10k-100k,1,456
4,731-1460,long_term,post_180,3,2024-2026,1,HUGE,4.0,0,very_large,unknown,government,government_body,100k+,0,730
4,731-1460,long_term,post_180,3,2024-2026,1,HUGE,4.0,0,very_large,unknown,government,government_body,10k-100k,1,324
4,731-1460,long_term,post_180,3,2024-2026,1,HUGE,4.0,0,very_large,unknown,government,government_body,unknown,1,2331
4,731-1460,long_term,post_180,3,2024-2026,1,HUGE,4.0,0,very_large,unknown,government,organisation,10k-100k,0,1640
4,731-1460,long_term,post_180,3,2024-2026,1,HUGE,4.0,0,very_large,unknown,government,organisation,1k-10k,0,90
4,731-1460,long_term,post_180,3,2024-2026,1,HUGE,4.0,0,very_large,unknown,government,organisation,<1k,0,730
4,731-1460,long_term,post_180,3,2024-2026,1,HUGE,4.0,0,very_large,unknown,government,organisation,unknown,0,915
4,731-1460,long_term,post_180,3,2024-2026,1,HUGE,4.0,0,very_large,unknown,health,organisation,10k-100k,0,669
4,731-1460,long_term,post_180,3,2024-2026,1,HUGE,4.0,0,very_large,unknown,health,organisation,unknown,0,992
4,731-1460,long_term,post_180,3,2024-2026,1,HUGE,4.0,0,very_large,unknown,media,organisation,unknown,0,480
4,731-1460,long_term,post_180,3,2024-2026,1,HUGE,4.0,0,very_large,unknown,other,organisation,100k+,0,153
4,731-1460,long_term,post_180,3,2024-2026,1,HUGE,4.0,0,very_large,unknown,other,organisation,10k-100k,0,82
4,731-1460,long_term,post_180,3,2024-2026,1,HUGE,4.0,0,very_large,unknown,other,organisation,1k-10k,0,396
4,731-1460,long_term,post_180,3,2024-2026,1,HUGE,4.0,0,very_large,unknown,other,organisation,unknown,0,7181
4,731-1460,long_term,post_180,3,2024-2026,1,HUGE,4.0,0,very_large,unknown,retail,organisation,<1k,0,730
4,731-1460,long_term,post_180,3,2024-2026,1,HUGE,4.0,0,very_large,unknown,retail,organisation,unknown,0,151
4,731-1460,long_term,post_180,3,2024-2026,1,HUGE,4.0,0,very_large,unknown,technology,organisation,100k+,0,3153
4,731-1460,long_term,post_180,3,2024-2026,1,HUGE,4.0,0,very_large,unknown,technology,organisation,10k-100k,0,1049
4,731-1460,long_term,post_180,3,2024-2026,1,HUGE,4.0,0,very_large,unknown,technology,organisation,<1k,0,730
4,731-1460,long_term,post_180,3,2024-2026,1,HUGE,4.0,0,very_large,unknown,technology,organisation,unknown,0,1751
4,731-1460,long_term,post_180,3,2024-2026,1,HUGE,4.0,0,very_large,unknown,telecom_transport,organisation,unknown,0,730
4,731-1460,long_term,post_180,3,2024-2026,1,LARGE,3.0,0,large,unknown,education,organisation,<1k,0,730
4,731-1460,long_term,post_180,3,2024-2026,1,LARGE,3.0,0,large,unknown,finance,organisation,100k+,0,780
4,731-1460,long_term,post_180,3,2024-2026,1,LARGE,3.0,0,large,unknown,finance,organisation,10k-100k,0,730
4,731-1460,long_term,post_180,3,2024-2026,1,LARGE,3.0,0,large,unknown,finance,organisation,<1k,0,551
4,731-1460,long_term,post_180,3,2024-2026,1,LARGE,3.0,0,large,unknown,finance,organisation,unknown,0,97
4,731-1460,long_term,post_180,3,2024-2026,1,LARGE,3.0,0,large,unknown,government,organisation,unknown,0,1753
4,731-1460,long_term,post_180,3,2024-2026,1,LARGE,3.0,0,large,unknown,health,organisation,100k+,0,730
4,731-1460,long_term,post_180,3,2024-2026,1,LARGE,3.0,0,large,unknown,health,organisation,unknown,0,514
4,731-1460,long_term,post_180,3,2024-2026,1,LARGE,3.0,0,large,unknown,industrial,organisation,unknown,0,999
4,731-1460,long_term,post_180,3,2024-2026,1,LARGE,3.0,0,large,unknown,other,organisation,100k+,0,492
4,731-1460,long_term,post_180,3,2024-2026,1,LARGE,3.0,0,large,unknown,other,organisation,10k-100k,0,674
4,731-1460,long_term,post_180,3,2024-2026,1,LARGE,3.0,0,large,unknown,other,organisation,1k-10k,0,723
4,731-1460,long_term,post_180,3,2024-2026,1,LARGE,3.0,0,large,unknown,other,organisation,unknown,0,3290
4,731-1460,long_term,post_180,3,2024-2026,1,LARGE,3.0,0,large,unknown,retail,organisation,100k+,0,466
4,731-1460,long_term,post_180,3,2024-2026,1,LARGE,3.0,0,large,unknown,retail,organisation,10k-100k,0,278
4,731-1460,long_term,post_180,3,2024-2026,1,LARGE,3.0,0,large,unknown,technology,organisation,100k+,0,523
4,731-1460,long_term,post_180,3,2024-2026,1,LARGE,3.0,0,large,unknown,technology,organisation,10k-100k,0,218
4,731-1460,long_term,post_180,3,2024-2026,1,LARGE,3.0,0,large,unknown,technology,organisation,unknown,0,465
4,731-1460,long_term,post_180,3,2024-2026,1,LARGE,3.0,0,medium,unknown,education,organisation,<1k,0,572
4,731-1460,long_term,post_180,3,2024-2026,1,LARGE,3.0,0,medium,unknown,other,organisation,100k+,0,384
4,731-1460,long_term,post_180,3,2024-2026,1,LARGE,3.0,0,medium,unknown,other,organisation,1k-10k,0,252
4,731-1460,long_term,post_180,3,2024-2026,1,LARGE,3.0,0,medium,unknown,other,organisation,unknown,0,736
4,731-1460,long_term,post_180,3,2024-2026,1,LARGE,3.0,0,unknown,unknown,other,organisation,100k+,0,2
4,731-1460,long_term,post_180,3,2024-2026,1,LARGE,3.0,0,unknown,unknown,other,organisation,1k-10k,0,569
4,731-1460,long_term,post_180,3,2024-2026,1,LARGE,3.0,0,very_large,unknown,education,organisation,100k+,1,114
4,731-1460,long_term,post_180,3,2024-2026,1,LARGE,3.0,0,very_large,unknown,education,organisation,10k-100k,0,1122
4,731-1460,long_term,post_180,3,2024-2026,1,LARGE,3.0,0,very_large,unknown,finance,organisation,10k-100k,1,566
4,731-1460,long_term,post_180,3,2024-2026,1,LARGE,3.0,0,very_large,unknown,finance,organisation,unknown,0,1373
4,731-1460,long_term,post_180,3,2024-2026,1,LARGE,3.0,0,very_large,unknown,government,government_body,<1k,0,366
4,731-1460,long_term,post_180,3,2024-2026,1,LARGE,3.0,0,very_large,unknown,government,government_body,unknown,0,102
4,731-1460,long_term,post_180,3,2024-2026,1,LARGE,3.0,0,very_large,unknown,government,organisation,10k-100k,0,877
4,731-1460,long_term,post_180,3,2024-2026,1,LARGE,3.0,0,very_large,unknown,government,organisation,<1k,0,294
4,731-1460,long_term,post_180,3,2024-2026,1,LARGE,3.0,0,very_large,unknown,government,organisation,unknown,1,1896
4,731-1460,long_term,post_180,3,2024-2026,1,LARGE,3.0,0,very_large,unknown,government,other_or_unknown,100k+,0,730
4,731-1460,long_term,post_180,3,2024-2026,1,LARGE,3.0,0,very_large,unknown,government,other_or_unknown,unknown,0,161
4,731-1460,long_term,post_180,3,2024-2026,1,LARGE,3.0,0,very_large,unknown,health,organisation,100k+,0,1460
4,731-1460,long_term,post_180,3,2024-2026,1,LARGE,3.0,0,very_large,unknown,health,organisation,10k-100k,0,778
4,731-1460,long_term,post_180,3,2024-2026,1,LARGE,3.0,0,very_large,unknown,health,organisation,<1k,0,305
4,731-1460,long_term,post_180,3,2024-2026,1,LARGE,3.0,0,very_large,unknown,industrial,organisation,1k-10k,0,613
4,731-1460,long_term,post_180,3,2024-2026,1,LARGE,3.0,0,very_large,unknown,industrial,organisation,unknown,0,151
4,731-1460,long_term,post_180,3,2024-2026,1,LARGE,3.0,0,very_large,unknown,media,organisation,<1k,0,594
4,731-1460,long_term,post_180,3,2024-2026,1,LARGE,3.0,0,very_large,unknown,media,organisation,unknown,0,450
4,731-1460,long_term,post_180,3,2024-2026,1,LARGE,3.0,0,very_large,unknown,media,other_or_unknown,unknown,0,450
4,731-1460,long_term,post_180,3,2024-2026,1,LARGE,3.0,0,very_large,unknown,other,organisation,100k+,0,330
4,731-1460,long_term,post_180,3,2024-2026,1,LARGE,3.0,0,very_large,unknown,other,organisation,unknown,0,3273
4,731-1460,long_term,post_180,3,2024-2026,1,LARGE,3.0,0,very_large,unknown,retail,organisation,100k+,0,339
4,731-1460,long_term,post_180,3,2024-2026,1,LARGE,3.0,0,very_large,unknown,retail,organisation,unknown,0,165
4,731-1460,long_term,post_180,3,2024-2026,1,LARGE,3.0,0,very_large,unknown,technology,organisation,100k+,0,636
4,731-1460,long_term,post_180,3,2024-2026,1,LARGE,3.0,0,very_large,unknown,technology,organisation,1k-10k,0,613
4,731-1460,long_term,post_180,3,2024-2026,1,LARGE,3.0,0,very_large,unknown,technology,organisation,unknown,0,1660
4,731-1460,long_term,post_180,3,2024-2026,1,LARGE,3.0,0,very_large,unknown,technology,other_or_unknown,unknown,0,523
4,731-1460,long_term,post_180,3,2024-2026,1,LARGE,3.0,0,very_large,unknown,telecom_transport,organisation,<1k,0,29
4,731-1460,long_term,post_180,3,2024-2026,1,MEDIUM,2.0,0,medium,unknown,education,organisation,<1k,0,100
4,731-1460,long_term,post_180,3,2024-2026,1,MEDIUM,2.0,0,medium,unknown,finance,organisation,100k+,0,235
4,731-1460,long_term,post_180,3,2024-2026,1,MEDIUM,2.0,0,medium,unknown,finance,organisation,10k-100k,0,444
4,731-1460,long_term,post_180,3,2024-2026,1,MEDIUM,2.0,0,medium,unknown,government,government_body,100k+,0,730
4,731-1460,long_term,post_180,3,2024-2026,1,MEDIUM,2.0,0,medium,unknown,government,government_body,unknown,0,1038
4,731-1460,long_term,post_180,3,2024-2026,1,MEDIUM,2.0,0,medium,unknown,government,organisation,10k-100k,0,1086
4,731-1460,long_term,post_180,3,2024-2026,1,MEDIUM,2.0,0,medium,unknown,government,organisation,unknown,0,853
4,731-1460,long_term,post_180,3,2024-2026,1,MEDIUM,2.0,0,medium,unknown,health,organisation,100k+,0,126
4,731-1460,long_term,post_180,3,2024-2026,1,MEDIUM,2.0,0,medium,unknown,health,organisation,10k-100k,0,129
4,731-1460,long_term,post_180,3,2024-2026,1,MEDIUM,2.0,0,medium,unknown,health,organisation,unknown,1,348
4,731-1460,long_term,post_180,3,2024-2026,1,MEDIUM,2.0,0,medium,unknown,industrial,organisation,10k-100k,0,84
4,731-1460,long_term,post_180,3,2024-2026,1,MEDIUM,2.0,0,medium,unknown,other,organisation,100k+,0,1239
4,731-1460,long_term,post_180,3,2024-2026,1,MEDIUM,2.0,0,medium,unknown,other,organisation,10k-100k,0,2243
4,731-1460,long_term,post_180,3,2024-2026,1,MEDIUM,2.0,0,medium,unknown,other,organisation,1k-10k,0,856
4,731-1460,long_term,post_180,3,2024-2026,1,MEDIUM,2.0,0,medium,unknown,other,organisation,<1k,0,250
4,731-1460,long_term,post_180,3,2024-2026,1,MEDIUM,2.0,0,medium,unknown,other,organisation,unknown,0,5228
4,731-1460,long_term,post_180,3,2024-2026,1,MEDIUM,2.0,0,medium,unknown,retail,organisation,100k+,0,709
4,731-1460,long_term,post_180,3,2024-2026,1,MEDIUM,2.0,0,medium,unknown,retail,organisation,unknown,0,135
4,731-1460,long_term,post_180,3,2024-2026,1,MEDIUM,2.0,0,medium,unknown,technology,organisation,100k+,0,775
4,731-1460,long_term,post_180,3,2024-2026,1,MEDIUM,2.0,0,medium,unknown,technology,organisation,unknown,0,1540
4,731-1460,long_term,post_180,3,2024-2026,1,MEDIUM,2.0,0,small,unknown,finance,organisation,1k-10k,0,452
4,731-1460,long_term,post_180,3,2024-2026,1,MEDIUM,2.0,0,small,unknown,government,government_body,unknown,0,492
4,731-1460,long_term,post_180,3,2024-2026,1,MEDIUM,2.0,0,small,unknown,health,organisation,100k+,0,339
4,731-1460,long_term,post_180,3,2024-2026,1,MEDIUM,2.0,0,small,unknown,other,organisation,100k+,0,112
4,731-1460,long_term,post_180,3,2024-2026,1,MEDIUM,2.0,0,small,unknown,other,organisation,10k-100k,0,765
4,731-1460,long_term,post_180,3,2024-2026,1,MEDIUM,2.0,0,small,unknown,other,organisation,<1k,0,181
4,731-1460,long_term,post_180,3,2024-2026,1,MEDIUM,2.0,0,small,unknown,other,organisation,unknown,0,162
4,731-1460,long_term,post_180,3,2024-2026,1,MEDIUM,2.0,0,small,unknown,retail,organisation,unknown,0,158
4,731-1460,long_term,post_180,3,2024-2026,1,MEDIUM,2.0,0,small,unknown,technology,organisation,100k+,0,51
4,731-1460,long_term,post_180,3,2024-2026,1,MEDIUM,2.0,0,small,unknown,technology,organisation,unknown,0,41
4,731-1460,long_term,post_180,3,2024-2026,1,MEDIUM,2.0,0,unknown,unknown,other,organisation,1k-10k,0,234
4,731-1460,long_term,post_180,3,2024-2026,1,MEDIUM,2.0,0,unknown,unknown,other,organisation,unknown,0,172
4,731-1460,long_term,post_180,3,2024-2026,1,MEDIUM,2.0,0,unknown,unknown,retail,organisation,unknown,0,192
4,731-1460,long_term,post_180,3,2024-2026,1,SMALL,1.0,0,small,unknown,finance,organisation,unknown,0,252
4,731-1460,long_term,post_180,3,2024-2026,1,SMALL,1.0,0,small,unknown,health,organisation,1k-10k,0,22
4,731-1460,long_term,post_180,3,2024-2026,1,SMALL,1.0,0,small,unknown,health,organisation,unknown,0,875
4,731-1460,long_term,post_180,3,2024-2026,1,SMALL,1.0,0,small,unknown,other,organisation,10k-100k,0,2604
4,731-1460,long_term,post_180,3,2024-2026,1,SMALL,1.0,0,small,unknown,other,organisation,1k-10k,0,723
4,731-1460,long_term,post_180,3,2024-2026,1,SMALL,1.0,0,small,unknown,other,organisation,<1k,0,115
4,731-1460,long_term,post_180,3,2024-2026,1,SMALL,1.0,0,small,unknown,technology,organisation,100k+,0,1062
4,731-1460,long_term,post_180,3,2024-2026,1,SMALL,1.0,0,small,unknown,technology,organisation,10k-100k,0,730
4,731-1460,long_term,post_180,3,2024-2026,1,SMALL,1.0,0,small,unknown,technology,organisation,unknown,0,628
4,731-1460,long_term,post_180,3,2024-2026,1,SMALL,1.0,0,unknown,unknown,other,organisation,100k+,0,98
4,731-1460,long_term,post_180,3,2024-2026,1,SMALL,1.0,0,unknown,unknown,technology,organisation,<1k,0,176
4,731-1460,long_term,post_180,3,2024-2026,1,UNKNOWN,2.8546875,1,unknown,unknown,education,other_or_unknown,unknown,0,181
4,731-1460,long_term,post_180,3,2024-2026,1,UNKNOWN,2.8546875,1,unknown,unknown,finance,organisation,10k-100k,0,365
4,731-1460,long_term,post_180,3,2024-2026,1,UNKNOWN,2.8546875,1,unknown,unknown,finance,organisation,<1k,0,365
4,731-1460,long_term,post_180,3,2024-2026,1,UNKNOWN,2.8546875,1,unknown,unknown,health,organisation,100k+,0,917
4,731-1460,long_term,post_180,3,2024-2026,1,UNKNOWN,2.8546875,1,unknown,unknown,health,organisation,10k-100k,0,439
4,731-1460,long_term,post_180,3,2024-2026,1,UNKNOWN,2.8546875,1,unknown,unknown,health,organisation,unknown,0,1173
4,731-1460,long_term,post_180,3,2024-2026,1,UNKNOWN,2.8546875,1,unknown,unknown,media,organisation,100k+,0,195
4,731-1460,long_term,post_180,3,2024-2026,1,UNKNOWN,2.8546875,1,unknown,unknown,other,organisation,100k+,0,196
4,731-1460,long_term,post_180,3,2024-2026,1,UNKNOWN,2.8546875,1,unknown,unknown,other,organisation,1k-10k,0,674
4,731-1460,long_term,post_180,3,2024-2026,1,UNKNOWN,2.8546875,1,unknown,unknown,other,organisation,unknown,0,785
4,731-1460,long_term,post_180,3,2024-2026,1,UNKNOWN,2.8546875,1,unknown,unknown,technology,organisation,100k+,0,495
4,731-1460,long_term,post_180,3,2024-2026,1,UNKNOWN,2.8546875,1,unknown,unknown,technology,organisation,1k-10k,0,1
4,731-1460,long_term,post_180,3,2024-2026,1,UNKNOWN,2.8546875,1,unknown,unknown,technology,organisation,unknown,0,96
4,731-1460,long_term,post_180,3,2024-2026,1,UNKNOWN,2.8546875,1,unknown,unknown,technology,other_or_unknown,100k+,0,1229
4,731-1460,long_term,post_180,3,2024-2026,2,HUGE,4.0,0,very_large,unknown,finance,organisation,10k-100k,0,365
4,731-1460,long_term,post_180,3,2024-2026,2,HUGE,4.0,0,very_large,unknown,government,government_body,1k-10k,1,100
4,731-1460,long_term,post_180,3,2024-2026,2,HUGE,4.0,0,very_large,unknown,government,government_body,unknown,0,25
4,731-1460,long_term,post_180,3,2024-2026,2,HUGE,4.0,0,very_large,unknown,government,organisation,100k+,0,553
4,731-1460,long_term,post_180,3,2024-2026,2,HUGE,4.0,0,very_large,unknown,government,organisation,1k-10k,0,1420
4,731-1460,long_term,post_180,3,2024-2026,2,HUGE,4.0,0,very_large,unknown,government,organisation,<1k,0,730
4,731-1460,long_term,post_180,3,2024-2026,2,HUGE,4.0,0,very_large,unknown,technology,organisation,100k+,1,653
4,731-1460,long_term,post_180,3,2024-2026,2,HUGE,4.0,0,very_large,unknown,technology,organisation,unknown,0,1129
4,731-1460,long_term,post_180,3,2024-2026,2,LARGE,3.0,0,unknown,unknown,education,organisation,1k-10k,0,699
4,731-1460,long_term,post_180,3,2024-2026,2,LARGE,3.0,0,very_large,unknown,government,organisation,unknown,0,82
4,731-1460,long_term,post_180,3,2024-2026,2,MEDIUM,2.0,0,medium,unknown,health,organisation,100k+,0,126
4,731-1460,long_term,post_180,3,2024-2026,2,MEDIUM,2.0,0,small,unknown,technology,organisation,unknown,0,30
4,731-1460,long_term,post_180,3,2024-2026,3+,HUGE,4.0,0,very_large,unknown,government,government_body,unknown,1,334
4,731-1460,long_term,post_180,3,2024-2026,3+,HUGE,4.0,0,very_large,unknown,telecom_transport,organisation,10k-100k,0,599
4,731-1460,long_term,post_180,3,2024-2026,3+,LARGE,3.0,0,large,unknown,government,organisation,unknown,0,35
4,731-1460,long_term,post_180,3,2024-2026,3+,LARGE,3.0,0,very_large,unknown,education,organisation,1k-10k,1,242
4,731-1460,long_term,post_180,3,2024-2026,3+,LARGE,3.0,0,very_large,unknown,education,organisation,unknown,0,730
4,731-1460,long_term,post_180,3,2024-2026,3+,LARGE,3.0,0,very_large,unknown,government,government_body,unknown,0,234
5,>1460,long_term,post_180,0,2012-2018,1,HUGE,4.0,0,very_large,unknown,government,government_body,1k-10k,0,326
5,>1460,long_term,post_180,0,2012-2018,1,HUGE,4.0,0,very_large,unknown,government,organisation,1k-10k,0,326
5,>1460,long_term,post_180,0,2012-2018,1,HUGE,4.0,0,very_large,unknown,technology,organisation,100k+,0,852
5,>1460,long_term,post_180,0,2012-2018,1,HUGE,4.0,0,very_large,unknown,technology,organisation,unknown,0,1097
5,>1460,long_term,post_180,0,2012-2018,1,LARGE,3.0,0,very_large,unknown,education,organisation,1k-10k,0,731
5,>1460,long_term,post_180,0,2012-2018,1,LARGE,3.0,0,very_large,unknown,education,organisation,unknown,0,731
5,>1460,long_term,post_180,0,2012-2018,1,SMALL,1.0,0,small,unknown,industrial,organisation,100k+,0,422
5,>1460,long_term,post_180,1,2019-2021,1,HUGE,4.0,0,very_large,unknown,finance,organisation,10k-100k,1,367
5,>1460,long_term,post_180,1,2019-2021,1,HUGE,4.0,0,very_large,unknown,government,government_body,1k-10k,1,365
5,>1460,long_term,post_180,1,2019-2021,1,HUGE,4.0,0,very_large,unknown,government,organisation,1k-10k,0,1096
5,>1460,long_term,post_180,1,2019-2021,1,HUGE,4.0,0,very_large,unknown,other,organisation,1k-10k,0,284
5,>1460,long_term,post_180,1,2019-2021,1,HUGE,4.0,0,very_large,unknown,other,organisation,unknown,0,458
5,>1460,long_term,post_180,1,2019-2021,1,HUGE,4.0,0,very_large,unknown,technology,organisation,100k+,0,2650
5,>1460,long_term,post_180,1,2019-2021,1,HUGE,4.0,0,very_large,unknown,technology,organisation,unknown,0,1096
5,>1460,long_term,post_180,1,2019-2021,1,LARGE,3.0,0,very_large,unknown,education,organisation,1k-10k,1,578
5,>1460,long_term,post_180,1,2019-2021,1,LARGE,3.0,0,very_large,unknown,education,organisation,unknown,1,578
5,>1460,long_term,post_180,1,2019-2021,1,MEDIUM,2.0,0,small,unknown,finance,organisation,<1k,0,397
5,>1460,long_term,post_180,1,2019-2021,1,SMALL,1.0,0,small,unknown,government,organisation,10k-100k,0,1
5,>1460,long_term,post_180,1,2019-2021,1,SMALL,1.0,0,small,unknown,industrial,organisation,100k+,0,1096
5,>1460,long_term,post_180,2,2022-2023,1,HUGE,4.0,0,very_large,unknown,government,organisation,1k-10k,0,730
5,>1460,long_term,post_180,2,2022-2023,1,HUGE,4.0,0,very_large,unknown,government,organisation,unknown,0,1
5,>1460,long_term,post_180,2,2022-2023,1,HUGE,4.0,0,very_large,unknown,health,organisation,1k-10k,0,62
5,>1460,long_term,post_180,2,2022-2023,1,HUGE,4.0,0,very_large,unknown,other,organisation,1k-10k,0,730
5,>1460,long_term,post_180,2,2022-2023,1,HUGE,4.0,0,very_large,unknown,other,organisation,unknown,0,1341
5,>1460,long_term,post_180,2,2022-2023,1,HUGE,4.0,0,very_large,unknown,retail,organisation,100k+,0,854
5,>1460,long_term,post_180,2,2022-2023,1,HUGE,4.0,0,very_large,unknown,technology,organisation,100k+,1,1944
5,>1460,long_term,post_180,2,2022-2023,1,HUGE,4.0,0,very_large,unknown,technology,organisation,unknown,0,732
5,>1460,long_term,post_180,2,2022-2023,1,LARGE,3.0,0,large,unknown,technology,organisation,unknown,0,123
5,>1460,long_term,post_180,2,2022-2023,1,LARGE,3.0,0,very_large,unknown,government,government_body,1k-10k,0,366
5,>1460,long_term,post_180,2,2022-2023,1,MEDIUM,2.0,0,small,unknown,finance,organisation,<1k,0,730
5,>1460,long_term,post_180,2,2022-2023,1,SMALL,1.0,0,small,unknown,government,organisation,10k-100k,0,730
5,>1460,long_term,post_180,2,2022-2023,1,SMALL,1.0,0,small,unknown,health,organisation,10k-100k,0,366
5,>1460,long_term,post_180,2,2022-2023,1,SMALL,1.0,0,small,unknown,health,organisation,unknown,0,1
5,>1460,long_term,post_180,2,2022-2023,1,SMALL,1.0,0,small,unknown,industrial,organisation,100k+,0,730
5,>1460,long_term,post_180,2,2022-2023,1,UNKNOWN,2.8546875,1,unknown,unknown,finance,organisation,100k+,0,21
5,>1460,long_term,post_180,2,2022-2023,1,UNKNOWN,2.8546875,1,unknown,unknown,technology,other_or_unknown,100k+,0,123
5,>1460,long_term,post_180,2,2022-2023,2,HUGE,4.0,0,very_large,unknown,government,government_body,unknown,0,1
5,>1460,long_term,post_180,3,2024-2026,1,HUGE,4.0,0,unknown,unknown,government,organisation,unknown,0,395
5,>1460,long_term,post_180,3,2024-2026,1,HUGE,4.0,0,very_large,unknown,education,organisation,10k-100k,0,27
5,>1460,long_term,post_180,3,2024-2026,1,HUGE,4.0,0,very_large,unknown,education,organisation,unknown,0,533
5,>1460,long_term,post_180,3,2024-2026,1,HUGE,4.0,0,very_large,unknown,finance,organisation,10k-100k,1,91
5,>1460,long_term,post_180,3,2024-2026,1,HUGE,4.0,0,very_large,unknown,government,government_body,100k+,0,172
5,>1460,long_term,post_180,3,2024-2026,1,HUGE,4.0,0,very_large,unknown,government,government_body,10k-100k,1,629
5,>1460,long_term,post_180,3,2024-2026,1,HUGE,4.0,0,very_large,unknown,government,government_body,unknown,0,278
5,>1460,long_term,post_180,3,2024-2026,1,HUGE,4.0,0,very_large,unknown,government,organisation,10k-100k,0,532
5,>1460,long_term,post_180,3,2024-2026,1,HUGE,4.0,0,very_large,unknown,government,organisation,1k-10k,0,1804
5,>1460,long_term,post_180,3,2024-2026,1,HUGE,4.0,0,very_large,unknown,government,organisation,<1k,0,127
5,>1460,long_term,post_180,3,2024-2026,1,HUGE,4.0,0,very_large,unknown,government,organisation,unknown,0,1743
5,>1460,long_term,post_180,3,2024-2026,1,HUGE,4.0,0,very_large,unknown,health,organisation,10k-100k,0,508
5,>1460,long_term,post_180,3,2024-2026,1,HUGE,4.0,0,very_large,unknown,health,organisation,1k-10k,0,947
5,>1460,long_term,post_180,3,2024-2026,1,HUGE,4.0,0,very_large,unknown,health,organisation,unknown,1,249
5,>1460,long_term,post_180,3,2024-2026,1,HUGE,4.0,0,very_large,unknown,media,organisation,unknown,0,1414
5,>1460,long_term,post_180,3,2024-2026,1,HUGE,4.0,0,very_large,unknown,other,organisation,100k+,0,794
5,>1460,long_term,post_180,3,2024-2026,1,HUGE,4.0,0,very_large,unknown,other,organisation,10k-100k,0,918
5,>1460,long_term,post_180,3,2024-2026,1,HUGE,4.0,0,very_large,unknown,other,organisation,1k-10k,0,1498
5,>1460,long_term,post_180,3,2024-2026,1,HUGE,4.0,0,very_large,unknown,other,organisation,unknown,1,8175
5,>1460,long_term,post_180,3,2024-2026,1,HUGE,4.0,0,very_large,unknown,retail,organisation,100k+,0,1894
5,>1460,long_term,post_180,3,2024-2026,1,HUGE,4.0,0,very_large,unknown,retail,organisation,<1k,0,36
5,>1460,long_term,post_180,3,2024-2026,1,HUGE,4.0,0,very_large,unknown,retail,organisation,unknown,0,796
5,>1460,long_term,post_180,3,2024-2026,1,HUGE,4.0,0,very_large,unknown,technology,organisation,100k+,2,6231
5,>1460,long_term,post_180,3,2024-2026,1,HUGE,4.0,0,very_large,unknown,technology,organisation,10k-100k,0,360
5,>1460,long_term,post_180,3,2024-2026,1,HUGE,4.0,0,very_large,unknown,technology,organisation,<1k,0,198
5,>1460,long_term,post_180,3,2024-2026,1,HUGE,4.0,0,very_large,unknown,technology,organisation,unknown,0,2638
5,>1460,long_term,post_180,3,2024-2026,1,HUGE,4.0,0,very_large,unknown,telecom_transport,organisation,unknown,0,186
5,>1460,long_term,post_180,3,2024-2026,1,LARGE,3.0,0,large,unknown,education,organisation,<1k,0,97
5,>1460,long_term,post_180,3,2024-2026,1,LARGE,3.0,0,large,unknown,finance,organisation,10k-100k,0,79
5,>1460,long_term,post_180,3,2024-2026,1,LARGE,3.0,0,large,unknown,government,organisation,unknown,0,954
5,>1460,long_term,post_180,3,2024-2026,1,LARGE,3.0,0,large,unknown,health,organisation,100k+,0,186
5,>1460,long_term,post_180,3,2024-2026,1,LARGE,3.0,0,large,unknown,industrial,organisation,unknown,0,895
5,>1460,long_term,post_180,3,2024-2026,1,LARGE,3.0,0,large,unknown,other,organisation,unknown,0,2754
5,>1460,long_term,post_180,3,2024-2026,1,LARGE,3.0,0,large,unknown,technology,organisation,100k+,0,677
5,>1460,long_term,post_180,3,2024-2026,1,LARGE,3.0,0,large,unknown,technology,organisation,unknown,0,947
5,>1460,long_term,post_180,3,2024-2026,1,LARGE,3.0,0,medium,unknown,other,organisation,100k+,0,563
5,>1460,long_term,post_180,3,2024-2026,1,LARGE,3.0,0,medium,unknown,other,organisation,unknown,0,643
5,>1460,long_term,post_180,3,2024-2026,1,LARGE,3.0,0,very_large,unknown,education,organisation,10k-100k,0,417
5,>1460,long_term,post_180,3,2024-2026,1,LARGE,3.0,0,very_large,unknown,finance,organisation,unknown,0,127
5,>1460,long_term,post_180,3,2024-2026,1,LARGE,3.0,0,very_large,unknown,government,government_body,1k-10k,0,947
5,>1460,long_term,post_180,3,2024-2026,1,LARGE,3.0,0,very_large,unknown,government,government_body,<1k,0,858
5,>1460,long_term,post_180,3,2024-2026,1,LARGE,3.0,0,very_large,unknown,government,organisation,unknown,0,796
5,>1460,long_term,post_180,3,2024-2026,1,LARGE,3.0,0,very_large,unknown,government,other_or_unknown,100k+,0,88
5,>1460,long_term,post_180,3,2024-2026,1,LARGE,3.0,0,very_large,unknown,government,other_or_unknown,unknown,0,786
5,>1460,long_term,post_180,3,2024-2026,1,LARGE,3.0,0,very_large,unknown,health,organisation,100k+,0,252
5,>1460,long_term,post_180,3,2024-2026,1,LARGE,3.0,0,very_large,unknown,health,organisation,10k-100k,0,508
5,>1460,long_term,post_180,3,2024-2026,1,LARGE,3.0,0,very_large,unknown,industrial,organisation,unknown,0,796
5,>1460,long_term,post_180,3,2024-2026,1,LARGE,3.0,0,very_large,unknown,media,organisation,unknown,0,497
5,>1460,long_term,post_180,3,2024-2026,1,LARGE,3.0,0,very_large,unknown,media,other_or_unknown,unknown,0,497
5,>1460,long_term,post_180,3,2024-2026,1,LARGE,3.0,0,very_large,unknown,other,organisation,unknown,0,1260
5,>1460,long_term,post_180,3,2024-2026,1,LARGE,3.0,0,very_large,unknown,retail,organisation,unknown,0,782
5,>1460,long_term,post_180,3,2024-2026,1,LARGE,3.0,0,very_large,unknown,technology,organisation,100k+,1,2053
5,>1460,long_term,post_180,3,2024-2026,1,LARGE,3.0,0,very_large,unknown,technology,organisation,unknown,0,1059
5,>1460,long_term,post_180,3,2024-2026,1,LARGE,3.0,0,very_large,unknown,telecom_transport,organisation,<1k,0,918
5,>1460,long_term,post_180,3,2024-2026,1,MEDIUM,2.0,0,medium,unknown,finance,organisation,100k+,0,796
5,>1460,long_term,post_180,3,2024-2026,1,MEDIUM,2.0,0,medium,unknown,government,government_body,100k+,0,97
5,>1460,long_term,post_180,3,2024-2026,1,MEDIUM,2.0,0,medium,unknown,government,government_body,unknown,0,401
5,>1460,long_term,post_180,3,2024-2026,1,MEDIUM,2.0,0,medium,unknown,government,organisation,10k-100k,0,260
5,>1460,long_term,post_180,3,2024-2026,1,MEDIUM,2.0,0,medium,unknown,other,organisation,10k-100k,0,230
5,>1460,long_term,post_180,3,2024-2026,1,MEDIUM,2.0,0,medium,unknown,other,organisation,1k-10k,0,133
5,>1460,long_term,post_180,3,2024-2026,1,MEDIUM,2.0,0,medium,unknown,other,organisation,<1k,0,697
5,>1460,long_term,post_180,3,2024-2026,1,MEDIUM,2.0,0,medium,unknown,other,organisation,unknown,0,2046
5,>1460,long_term,post_180,3,2024-2026,1,MEDIUM,2.0,0,medium,unknown,retail,organisation,unknown,0,812
5,>1460,long_term,post_180,3,2024-2026,1,MEDIUM,2.0,0,medium,unknown,technology,organisation,100k+,0,1364
5,>1460,long_term,post_180,3,2024-2026,1,MEDIUM,2.0,0,medium,unknown,technology,organisation,unknown,1,731
5,>1460,long_term,post_180,3,2024-2026,1,MEDIUM,2.0,0,small,unknown,finance,organisation,<1k,0,947
5,>1460,long_term,post_180,3,2024-2026,1,MEDIUM,2.0,0,small,unknown,other,organisation,<1k,0,766
5,>1460,long_term,post_180,3,2024-2026,1,MEDIUM,2.0,0,small,unknown,other,organisation,unknown,0,827
5,>1460,long_term,post_180,3,2024-2026,1,SMALL,1.0,0,small,unknown,finance,organisation,unknown,0,695
5,>1460,long_term,post_180,3,2024-2026,1,SMALL,1.0,0,small,unknown,government,organisation,10k-100k,0,947
5,>1460,long_term,post_180,3,2024-2026,1,SMALL,1.0,0,small,unknown,health,organisation,10k-100k,0,947
5,>1460,long_term,post_180,3,2024-2026,1,SMALL,1.0,0,small,unknown,health,organisation,unknown,0,1256
5,>1460,long_term,post_180,3,2024-2026,1,SMALL,1.0,0,small,unknown,industrial,organisation,100k+,0,947
5,>1460,long_term,post_180,3,2024-2026,1,SMALL,1.0,0,small,unknown,other,organisation,10k-100k,0,641
5,>1460,long_term,post_180,3,2024-2026,1,SMALL,1.0,0,small,unknown,technology,organisation,100k+,0,4620
5,>1460,long_term,post_180,3,2024-2026,1,SMALL,1.0,0,small,unknown,technology,organisation,10k-100k,0,83
5,>1460,long_term,post_180,3,2024-2026,1,SMALL,1.0,0,unknown,unknown,technology,organisation,<1k,0,771
5,>1460,long_term,post_180,3,2024-2026,1,UNKNOWN,2.8546875,1,unknown,unknown,education,other_or_unknown,unknown,0,766
5,>1460,long_term,post_180,3,2024-2026,1,UNKNOWN,2.8546875,1,unknown,unknown,finance,organisation,100k+,0,947
5,>1460,long_term,post_180,3,2024-2026,1,UNKNOWN,2.8546875,1,unknown,unknown,finance,organisation,10k-100k,0,582
5,>1460,long_term,post_180,3,2024-2026,1,UNKNOWN,2.8546875,1,unknown,unknown,finance,organisation,<1k,0,582
5,>1460,long_term,post_180,3,2024-2026,1,UNKNOWN,2.8546875,1,unknown,unknown,health,organisation,100k+,0,66
5,>1460,long_term,post_180,3,2024-2026,1,UNKNOWN,2.8546875,1,unknown,unknown,health,organisation,10k-100k,0,508
5,>1460,long_term,post_180,3,2024-2026,1,UNKNOWN,2.8546875,1,unknown,unknown,health,organisation,unknown,0,574
5,>1460,long_term,post_180,3,2024-2026,1,UNKNOWN,2.8546875,1,unknown,unknown,media,organisation,100k+,0,752
5,>1460,long_term,post_180,3,2024-2026,1,UNKNOWN,2.8546875,1,unknown,unknown,other,organisation,unknown,0,914
5,>1460,long_term,post_180,3,2024-2026,1,UNKNOWN,2.8546875,1,unknown,unknown,technology,organisation,100k+,0,1399
5,>1460,long_term,post_180,3,2024-2026,1,UNKNOWN,2.8546875,1,unknown,unknown,technology,organisation,1k-10k,0,946
5,>1460,long_term,post_180,3,2024-2026,1,UNKNOWN,2.8546875,1,unknown,unknown,technology,other_or_unknown,100k+,0,1612
5,>1460,long_term,post_180,3,2024-2026,2,HUGE,4.0,0,very_large,unknown,finance,organisation,10k-100k,1,32
5,>1460,long_term,post_180,3,2024-2026,2,HUGE,4.0,0,very_large,unknown,government,government_body,unknown,1,274
5,>1460,long_term,post_180,3,2024-2026,2,HUGE,4.0,0,very_large,unknown,government,organisation,1k-10k,0,540
5,>1460,long_term,post_180,3,2024-2026,2,HUGE,4.0,0,very_large,unknown,government,organisation,<1k,0,127
5,>1460,long_term,post_180,3,2024-2026,2,LARGE,3.0,0,unknown,unknown,education,organisation,1k-10k,0,248
5,>1460,long_term,post_180,3,2024-2026,2,LARGE,3.0,0,very_large,unknown,government,organisation,unknown,0,865
5,>1460,long_term,post_180,3,2024-2026,2,MEDIUM,2.0,0,small,unknown,technology,organisation,unknown,0,917
5,>1460,long_term,post_180,3,2024-2026,3+,LARGE,3.0,0,very_large,unknown,education,organisation,unknown,0,97
